account_id,customer_name,account_type,country,risk_score,created_at
ACC_100000,Ashley Robbins,INDIVIDUAL,TW,0.274,2025-04-30
ACC_100001,Thomas Moreno,INDIVIDUAL,SG,0.059,2024-02-07
ACC_100002,Kim Hodge,INDIVIDUAL,US,0.146,2024-11-12
ACC_100003,Nancy Weber,INDIVIDUAL,VG,0.756,2025-09-26
ACC_100004,Christopher Spence,INDIVIDUAL,GB,0.308,2024-07-01
ACC_100005,Amber Brown,INDIVIDUAL,TW,0.287,2025-04-04
ACC_100006,Johnson-Taylor,CORPORATE,US,0.362,2024-03-24
ACC_100007,Elizabeth Richardson,INDIVIDUAL,US,0.08,2024-12-28
ACC_100008,Paul Cummings,INDIVIDUAL,HK,0.198,2023-10-09
ACC_100009,Robert Ball,INDIVIDUAL,US,0.06,2025-03-11
ACC_100010,Bethany Berry,INDIVIDUAL,US,0.127,2025-01-30
ACC_100011,Christian Kidd,INDIVIDUAL,US,0.227,2024-06-19
ACC_100012,Brent Perry,INDIVIDUAL,GB,0.059,2025-06-04
ACC_100013,Robert Quinn,INDIVIDUAL,HK,0.12,2025-06-07
ACC_100014,Nathan Martinez,INDIVIDUAL,US,0.277,2024-06-19
ACC_100015,Caleb Anderson,INDIVIDUAL,US,0.241,2025-04-24
ACC_100016,Jessica Lopez,INDIVIDUAL,CN,0.127,2025-08-09
ACC_100017,"Rivera, Rose and Kane",SHELL_COMPANY,KY,0.847,2025-08-26
ACC_100018,Jennifer Allen,INDIVIDUAL,US,0.333,2023-12-26
ACC_100019,Kristina Bradford,INDIVIDUAL,HK,0.052,2024-02-18
ACC_100020,Susan Ross,INDIVIDUAL,HK,0.332,2024-12-03
ACC_100021,James Tucker,INDIVIDUAL,CN,0.294,2024-09-11
ACC_100022,Amanda Vincent MD,INDIVIDUAL,SG,0.169,2025-08-11
ACC_100023,Spencer Andrews,INDIVIDUAL,HK,0.104,2024-06-06
ACC_100024,Courtney Baldwin,INDIVIDUAL,US,0.385,2024-07-26
ACC_100025,Young-Coleman,SHELL_COMPANY,GB,0.784,2024-08-03
ACC_100026,"Montgomery, Schmidt and Mcintosh",CORPORATE,VG,0.723,2025-06-01
ACC_100027,Joshua Young,INDIVIDUAL,CN,0.084,2023-11-23
ACC_100028,Sheila Sims,INDIVIDUAL,US,0.347,2025-03-05
ACC_100029,Amanda Rodriguez,INDIVIDUAL,US,0.261,2024-02-11
ACC_100030,John Francis,INDIVIDUAL,US,0.332,2024-02-28
ACC_100031,"Galloway, Kent and Smith",CORPORATE,US,0.305,2024-06-15
ACC_100032,Dylan Hunter,INDIVIDUAL,HK,0.238,2024-09-14
ACC_100033,Bailey Sandoval,INDIVIDUAL,KY,0.943,2025-04-29
ACC_100034,Julie Cruz,INDIVIDUAL,TW,0.182,2024-10-31
ACC_100035,"Sanchez, Collins and Baker",CORPORATE,US,0.243,2023-11-04
ACC_100036,Vincent Rhodes,INDIVIDUAL,KY,0.907,2024-12-17
ACC_100037,Lauren Kelly,INDIVIDUAL,GB,0.266,2025-07-03
ACC_100038,"Chapman, Johnson and Trevino",CORPORATE,US,0.352,2024-01-18
ACC_100039,James Delacruz,INDIVIDUAL,US,0.252,2025-08-02
ACC_100040,"Young, Frederick and Cantu",CORPORATE,SG,0.297,2024-01-18
ACC_100041,Sheila Ponce,INDIVIDUAL,US,0.066,2024-06-30
ACC_100042,Joan Rogers,INDIVIDUAL,US,0.13,2024-12-27
ACC_100043,Leonard Cooper,INDIVIDUAL,SG,0.151,2025-03-21
ACC_100044,Smith-Anderson,CORPORATE,HK,0.078,2025-04-28
ACC_100045,Tricia Mcmahon,INDIVIDUAL,GB,0.131,2024-08-12
ACC_100046,Williams Group,CORPORATE,SG,0.085,2024-04-01
ACC_100047,Goodman and Sons,CORPORATE,HK,0.147,2024-10-08
ACC_100048,Rick Brown,INDIVIDUAL,HK,0.272,2024-06-14
ACC_100049,Melanie Nguyen,INDIVIDUAL,US,0.178,2024-06-06
ACC_100050,Kenneth Terrell,INDIVIDUAL,SG,0.18,2025-08-26
ACC_100051,Brittany Raymond,INDIVIDUAL,HK,0.123,2025-01-08
ACC_100052,Thompson LLC,CORPORATE,US,0.143,2025-02-03
ACC_100053,Thomas Fox,INDIVIDUAL,GB,0.378,2024-06-08
ACC_100054,Tiffany Thompson,INDIVIDUAL,US,0.277,2024-11-02
ACC_100055,Emily Monroe,INDIVIDUAL,US,0.263,2025-09-24
ACC_100056,Cook-Davis,CORPORATE,KY,0.743,2025-05-30
ACC_100057,Erica Jones,INDIVIDUAL,VG,0.882,2024-11-26
ACC_100058,Everett Ltd,CORPORATE,US,0.107,2024-03-31
ACC_100059,Mitchell-Morrison,CORPORATE,HK,0.183,2024-08-22
ACC_100060,Harmon-Jackson,CORPORATE,VG,0.947,2025-02-09
ACC_100061,Julie Adams,INDIVIDUAL,US,0.274,2024-12-17
ACC_100062,Bruce Robinson,INDIVIDUAL,HK,0.245,2024-10-28
ACC_100063,Taylor-Thompson,CORPORATE,VG,0.871,2025-02-10
ACC_100064,Randy Caldwell,INDIVIDUAL,HK,0.345,2024-01-29
ACC_100065,Natalie Hall,INDIVIDUAL,US,0.322,2024-03-31
ACC_100066,Jasmine Smith,INDIVIDUAL,US,0.13,2024-02-22
ACC_100067,"Harvey, Hinton and Francis",CORPORATE,US,0.061,2024-05-05
ACC_100068,Ryan Richards,INDIVIDUAL,GB,0.16,2025-06-13
ACC_100069,Hailey Cline,INDIVIDUAL,TW,0.144,2025-07-29
ACC_100070,Underwood PLC,SHELL_COMPANY,US,0.753,2025-06-20
ACC_100071,Earl Joyce,INDIVIDUAL,US,0.38,2024-11-11
ACC_100072,Sarah Hoffman,INDIVIDUAL,US,0.357,2024-06-26
ACC_100073,Timothy Gill,INDIVIDUAL,HK,0.16,2024-06-02
ACC_100074,David Scott,INDIVIDUAL,US,0.279,2024-08-09
ACC_100075,Reed-Duncan,CORPORATE,US,0.188,2024-12-23
ACC_100076,Roberto May,INDIVIDUAL,HK,0.37,2024-02-06
ACC_100077,Becker and Sons,SHELL_COMPANY,US,0.815,2024-02-17
ACC_100078,Jessica Wilson,INDIVIDUAL,GB,0.143,2025-02-03
ACC_100079,Aaron Johnston,INDIVIDUAL,GB,0.136,2024-09-22
ACC_100080,Nichole Jimenez,INDIVIDUAL,SG,0.246,2024-09-04
ACC_100081,James Davis,INDIVIDUAL,HK,0.142,2024-09-11
ACC_100082,Madison Hill,INDIVIDUAL,KY,0.846,2024-02-11
ACC_100083,Kristen Johnston,INDIVIDUAL,US,0.364,2025-08-13
ACC_100084,Albert Richardson,INDIVIDUAL,SG,0.19,2024-11-24
ACC_100085,Rebecca Smith,INDIVIDUAL,US,0.127,2025-05-12
ACC_100086,Miranda Lawson,INDIVIDUAL,US,0.399,2025-01-22
ACC_100087,Arthur Mooney,INDIVIDUAL,US,0.228,2024-11-21
ACC_100088,Casey Sharp,INDIVIDUAL,US,0.082,2024-07-06
ACC_100089,"Robinson, Lewis and Taylor",CORPORATE,US,0.066,2024-03-28
ACC_100090,Derek Carroll,INDIVIDUAL,US,0.088,2024-10-05
ACC_100091,"Williams, Howard and Cole",CORPORATE,VG,0.857,2024-01-16
ACC_100092,Carlos Turner,INDIVIDUAL,SG,0.327,2024-09-30
ACC_100093,Rivas-Gates,CORPORATE,SG,0.198,2025-05-26
ACC_100094,Katelyn Conley,INDIVIDUAL,US,0.072,2024-01-12
ACC_100095,Steven Reyes,INDIVIDUAL,VG,0.795,2024-12-12
ACC_100096,"Morse, Banks and Caldwell",CORPORATE,SG,0.399,2024-04-09
ACC_100097,Crystal Trevino,INDIVIDUAL,US,0.235,2025-05-26
ACC_100098,Jeffery Taylor,INDIVIDUAL,VG,0.943,2025-04-05
ACC_100099,Phillips-Craig,CORPORATE,GB,0.351,2025-07-10
ACC_100100,Justin Young,INDIVIDUAL,US,0.054,2024-06-22
ACC_100101,Michelle West,INDIVIDUAL,VG,0.88,2024-01-05
ACC_100102,Joseph Christian,INDIVIDUAL,US,0.289,2025-08-20
ACC_100103,Anthony Carlson,INDIVIDUAL,SG,0.238,2025-04-10
ACC_100104,Brian Sellers,INDIVIDUAL,US,0.143,2024-08-25
ACC_100105,Matthew Jones,INDIVIDUAL,SG,0.274,2024-04-20
ACC_100106,Samantha Sims,INDIVIDUAL,US,0.089,2024-02-24
ACC_100107,Rebecca Brown,INDIVIDUAL,US,0.202,2024-02-13
ACC_100108,Anthony Contreras,INDIVIDUAL,GB,0.209,2024-05-22
ACC_100109,David Williams,INDIVIDUAL,KY,0.938,2024-06-01
ACC_100110,Jacob Brown,INDIVIDUAL,SG,0.357,2025-06-09
ACC_100111,Elizabeth Payne,INDIVIDUAL,US,0.142,2025-05-15
ACC_100112,William Ramirez,INDIVIDUAL,US,0.225,2025-08-24
ACC_100113,Parks-Webster,SHELL_COMPANY,US,0.745,2024-09-10
ACC_100114,Long Inc,CORPORATE,SG,0.369,2024-04-03
ACC_100115,Jefferson PLC,CORPORATE,HK,0.355,2024-01-06
ACC_100116,Zachary Hammond,INDIVIDUAL,HK,0.154,2024-06-08
ACC_100117,Andrew Murphy,INDIVIDUAL,GB,0.274,2025-08-17
ACC_100118,Christopher Hart,INDIVIDUAL,US,0.263,2024-07-04
ACC_100119,Bryan Rodriguez,INDIVIDUAL,US,0.103,2024-05-20
ACC_100120,Strickland PLC,CORPORATE,TW,0.317,2024-11-30
ACC_100121,Gonzales-Sullivan,CORPORATE,US,0.239,2024-02-29
ACC_100122,Gary Floyd,INDIVIDUAL,CN,0.323,2025-09-20
ACC_100123,Melinda Cooper,INDIVIDUAL,TW,0.236,2025-01-01
ACC_100124,Short and Sons,SHELL_COMPANY,VG,0.7,2025-05-30
ACC_100125,Jenny Thomas,INDIVIDUAL,US,0.163,2024-04-13
ACC_100126,"Morris, Lin and Santos",CORPORATE,US,0.057,2025-05-31
ACC_100127,Maureen Fletcher,INDIVIDUAL,SG,0.375,2025-07-02
ACC_100128,"Sutton, Raymond and Allen",CORPORATE,SG,0.358,2025-09-19
ACC_100129,Zachary Adams Jr.,INDIVIDUAL,US,0.341,2025-03-03
ACC_100130,Edward Spence,INDIVIDUAL,TW,0.158,2025-01-28
ACC_100131,Joan Garcia,INDIVIDUAL,HK,0.07,2024-09-28
ACC_100132,Hernandez-Parker,CORPORATE,GB,0.357,2025-04-07
ACC_100133,Austin Alvarez,INDIVIDUAL,GB,0.381,2024-11-24
ACC_100134,Jennifer Arnold,INDIVIDUAL,US,0.08,2025-04-07
ACC_100135,Graham-Garner,CORPORATE,KY,0.821,2025-03-07
ACC_100136,Hickman-Dean,CORPORATE,CN,0.074,2024-08-25
ACC_100137,Richard Rodriguez,INDIVIDUAL,HK,0.316,2025-02-15
ACC_100138,Gordon-Watson,CORPORATE,SG,0.318,2023-10-23
ACC_100139,Tina Escobar,INDIVIDUAL,GB,0.095,2025-06-18
ACC_100140,Ellis-Oneal,CORPORATE,US,0.216,2023-11-13
ACC_100141,Destiny Smith,INDIVIDUAL,US,0.242,2024-01-13
ACC_100142,Joshua Pollard MD,INDIVIDUAL,US,0.143,2024-05-26
ACC_100143,Michelle Lowe,INDIVIDUAL,HK,0.355,2024-11-16
ACC_100144,Anthony Le,INDIVIDUAL,SG,0.198,2024-11-08
ACC_100145,Ashlee Dudley,INDIVIDUAL,US,0.124,2024-02-18
ACC_100146,"Burton, Torres and Schroeder",CORPORATE,US,0.239,2025-07-09
ACC_100147,Cody Duncan,INDIVIDUAL,HK,0.305,2025-03-08
ACC_100148,Bennett-Lewis,CORPORATE,US,0.12,2025-01-29
ACC_100149,Patricia Barber,INDIVIDUAL,US,0.159,2024-09-02
ACC_100150,Gina Forbes,INDIVIDUAL,HK,0.398,2024-12-22
ACC_100151,Elizabeth Boyd,INDIVIDUAL,SG,0.277,2024-06-09
ACC_100152,Michelle Sanchez,INDIVIDUAL,TW,0.203,2025-07-29
ACC_100153,Melissa Dudley,INDIVIDUAL,US,0.231,2023-12-11
ACC_100154,Anderson Inc,CORPORATE,US,0.092,2024-01-07
ACC_100155,Matthew Downs,INDIVIDUAL,US,0.129,2024-05-08
ACC_100156,Andrew Adams,INDIVIDUAL,TW,0.168,2023-12-29
ACC_100157,Gonzales and Sons,CORPORATE,SG,0.256,2024-07-20
ACC_100158,Debra Miller,INDIVIDUAL,US,0.131,2024-03-06
ACC_100159,Michael Mccoy,INDIVIDUAL,US,0.127,2025-04-07
ACC_100160,Mary Stanley,INDIVIDUAL,GB,0.075,2025-06-16
ACC_100161,Walter Mcgrath,INDIVIDUAL,US,0.271,2025-02-22
ACC_100162,"Hooper, Brown and Mora",SHELL_COMPANY,GB,0.757,2025-04-06
ACC_100163,Nina Lewis,INDIVIDUAL,SG,0.367,2024-04-03
ACC_100164,Robert Flores,INDIVIDUAL,US,0.351,2025-04-28
ACC_100165,Susan Fox,INDIVIDUAL,GB,0.075,2025-01-10
ACC_100166,Stephanie Carrillo,INDIVIDUAL,US,0.133,2025-05-09
ACC_100167,April Mcgee,INDIVIDUAL,US,0.284,2025-08-12
ACC_100168,Davis and Sons,CORPORATE,GB,0.125,2025-08-31
ACC_100169,Tyler Evans,INDIVIDUAL,US,0.096,2025-06-28
ACC_100170,Karen Roach,INDIVIDUAL,HK,0.377,2025-06-09
ACC_100171,Brett Murray,INDIVIDUAL,HK,0.25,2024-09-28
ACC_100172,Sarah Leonard,INDIVIDUAL,SG,0.215,2023-12-12
ACC_100173,Ray Pena,INDIVIDUAL,US,0.325,2024-02-14
ACC_100174,Zachary Hester,INDIVIDUAL,SG,0.333,2025-03-24
ACC_100175,Allen Lara,INDIVIDUAL,VG,0.748,2024-11-03
ACC_100176,Daniel Golden,INDIVIDUAL,US,0.084,2024-12-29
ACC_100177,Angela Ibarra,INDIVIDUAL,SG,0.201,2025-03-08
ACC_100178,Mark Walter,INDIVIDUAL,SG,0.198,2023-12-11
ACC_100179,Barnes-Roberts,CORPORATE,SG,0.213,2024-11-22
ACC_100180,Brian Savage,INDIVIDUAL,SG,0.305,2024-05-21
ACC_100181,Carlos Chan,INDIVIDUAL,HK,0.286,2024-11-08
ACC_100182,Miller Ltd,CORPORATE,US,0.394,2025-03-24
ACC_100183,"Collins, Smith and Vang",SHELL_COMPANY,CN,0.725,2024-11-08
ACC_100184,Angela Gutierrez,INDIVIDUAL,US,0.191,2025-08-31
ACC_100185,Matthew Schmidt,INDIVIDUAL,US,0.169,2024-05-30
ACC_100186,Ruth Dixon,INDIVIDUAL,SG,0.352,2024-02-08
ACC_100187,Patricia Johnson,INDIVIDUAL,US,0.137,2023-10-25
ACC_100188,Garcia Group,CORPORATE,US,0.117,2024-02-04
ACC_100189,Gross Group,CORPORATE,US,0.207,2025-09-13
ACC_100190,Darrell Nunez,INDIVIDUAL,SG,0.198,2025-03-25
ACC_100191,Diana Bailey,INDIVIDUAL,VG,0.77,2025-03-21
ACC_100192,Vanessa Alvarez,INDIVIDUAL,KY,0.762,2025-07-23
ACC_100193,John Silva,INDIVIDUAL,US,0.373,2025-06-29
ACC_100194,"Murphy, Malone and Fisher",CORPORATE,KY,0.811,2025-07-07
ACC_100195,Dunlap-Gonzalez,SHELL_COMPANY,HK,0.915,2025-02-18
ACC_100196,Brandon Taylor,INDIVIDUAL,GB,0.243,2023-10-08
ACC_100197,Joe Perez,INDIVIDUAL,CN,0.068,2024-10-13
ACC_100198,Moore-Hernandez,CORPORATE,HK,0.4,2023-12-07
ACC_100199,"Cardenas, Simpson and Koch",CORPORATE,GB,0.343,2025-03-03
ACC_100200,David Ross,INDIVIDUAL,CN,0.389,2024-04-15
ACC_100201,Carol Thomas,INDIVIDUAL,KY,0.932,2024-08-20
ACC_100202,Amanda Shepard,INDIVIDUAL,VG,0.912,2024-01-31
ACC_100203,James Smith,INDIVIDUAL,US,0.108,2024-11-29
ACC_100204,Harris LLC,CORPORATE,US,0.22,2024-07-06
ACC_100205,Jeffrey Perez,INDIVIDUAL,TW,0.125,2023-10-08
ACC_100206,Garrison Inc,SHELL_COMPANY,SG,0.8,2024-11-21
ACC_100207,Courtney Lewis,INDIVIDUAL,HK,0.071,2024-04-29
ACC_100208,Rebecca Dominguez,INDIVIDUAL,US,0.183,2025-03-06
ACC_100209,Robert Evans,INDIVIDUAL,GB,0.395,2024-11-10
ACC_100210,"Dominguez, Dixon and Martinez",CORPORATE,GB,0.143,2023-11-16
ACC_100211,Joshua Miller,INDIVIDUAL,HK,0.324,2024-05-08
ACC_100212,Jessica Rodgers,INDIVIDUAL,HK,0.209,2025-01-26
ACC_100213,Lawrence Chan,INDIVIDUAL,VG,0.806,2024-08-07
ACC_100214,Lynn Jenkins,INDIVIDUAL,US,0.385,2024-06-12
ACC_100215,Zoe Jones,INDIVIDUAL,GB,0.398,2025-03-08
ACC_100216,Kevin Walker,INDIVIDUAL,US,0.245,2023-10-12
ACC_100217,David Watkins,INDIVIDUAL,GB,0.301,2023-10-21
ACC_100218,Andrew Torres,INDIVIDUAL,KY,0.739,2025-01-14
ACC_100219,Kenneth Garrett,INDIVIDUAL,US,0.154,2024-01-20
ACC_100220,Eric Kelly,INDIVIDUAL,TW,0.389,2024-01-11
ACC_100221,Erin Rios,INDIVIDUAL,US,0.253,2024-02-08
ACC_100222,Reyes Ltd,CORPORATE,CN,0.24,2024-01-02
ACC_100223,Sloan-Williams,SHELL_COMPANY,GB,0.887,2025-01-14
ACC_100224,Dr. Andrew Castillo,INDIVIDUAL,US,0.07,2024-12-25
ACC_100225,"Brown, Jackson and Lewis",CORPORATE,SG,0.254,2024-05-15
ACC_100226,Laura Buchanan,INDIVIDUAL,CN,0.226,2025-08-10
ACC_100227,Sarah Foster,INDIVIDUAL,HK,0.348,2024-04-28
ACC_100228,Jessica Dodson,INDIVIDUAL,HK,0.105,2025-01-25
ACC_100229,Vicki Valentine,INDIVIDUAL,US,0.386,2024-02-21
ACC_100230,Todd Lopez,INDIVIDUAL,SG,0.078,2024-04-02
ACC_100231,Steven Galvan,INDIVIDUAL,SG,0.115,2024-09-13
ACC_100232,"Andrews, Larson and Rhodes",SHELL_COMPANY,US,0.849,2024-08-29
ACC_100233,Ronald Thomas,INDIVIDUAL,VG,0.869,2025-03-06
ACC_100234,Eric Kim,INDIVIDUAL,TW,0.132,2025-03-12
ACC_100235,Alyssa Young,INDIVIDUAL,TW,0.092,2024-06-17
ACC_100236,Joseph Thompson,INDIVIDUAL,VG,0.923,2024-04-21
ACC_100237,Jessica Lambert,INDIVIDUAL,TW,0.136,2025-04-28
ACC_100238,Dalton Garcia,INDIVIDUAL,SG,0.258,2024-09-13
ACC_100239,Young-Peterson,SHELL_COMPANY,HK,0.855,2023-11-14
ACC_100240,Kelly Johnson,INDIVIDUAL,SG,0.197,2023-12-17
ACC_100241,Andrew Clark,INDIVIDUAL,SG,0.254,2025-05-07
ACC_100242,Jenna Allen,INDIVIDUAL,CN,0.233,2023-12-08
ACC_100243,Dr. Kari Smith,INDIVIDUAL,US,0.377,2024-06-20
ACC_100244,Long Inc,SHELL_COMPANY,VG,0.751,2024-11-11
ACC_100245,Phillip Bell,INDIVIDUAL,SG,0.301,2024-08-27
ACC_100246,Diana Ortega,INDIVIDUAL,US,0.134,2024-10-14
ACC_100247,Julie Dixon,INDIVIDUAL,US,0.189,2025-02-11
ACC_100248,Dana Pearson,INDIVIDUAL,US,0.285,2024-01-29
ACC_100249,Miller PLC,SHELL_COMPANY,TW,0.775,2024-10-06
ACC_100250,Lauren Fuentes,INDIVIDUAL,HK,0.161,2024-02-03
ACC_100251,Kathryn Armstrong,INDIVIDUAL,KY,0.888,2025-05-26
ACC_100252,Erica Garrett,INDIVIDUAL,US,0.075,2024-08-21
ACC_100253,Charles-Jones,CORPORATE,KY,0.815,2025-04-12
ACC_100254,"Richards, Johnson and Henson",CORPORATE,GB,0.399,2023-12-28
ACC_100255,Alison Christian,INDIVIDUAL,HK,0.399,2024-05-03
ACC_100256,"Gibbs, Smith and Greene",CORPORATE,VG,0.718,2024-08-15
ACC_100257,Jeffery Davenport,INDIVIDUAL,US,0.125,2025-06-24
ACC_100258,Zachary Hurst,INDIVIDUAL,KY,0.766,2024-12-24
ACC_100259,Floyd LLC,SHELL_COMPANY,US,0.933,2024-09-01
ACC_100260,Timothy Mccormick,INDIVIDUAL,US,0.358,2025-03-10
ACC_100261,Vega and Sons,SHELL_COMPANY,KY,0.92,2024-11-18
ACC_100262,Brown PLC,CORPORATE,HK,0.179,2024-06-07
ACC_100263,Tiffany Stewart,INDIVIDUAL,US,0.105,2025-08-27
ACC_100264,Marvin Olson,INDIVIDUAL,VG,0.908,2023-11-30
ACC_100265,Hayes Inc,CORPORATE,TW,0.296,2025-06-28
ACC_100266,"Davis, Wilkins and Riley",SHELL_COMPANY,SG,0.853,2024-05-15
ACC_100267,Rose-Garcia,CORPORATE,CN,0.396,2023-10-29
ACC_100268,"Green, Keith and Vincent",CORPORATE,US,0.279,2023-11-14
ACC_100269,Mary Russo,INDIVIDUAL,US,0.053,2023-11-13
ACC_100270,Craig-Alvarez,SHELL_COMPANY,SG,0.904,2024-08-08
ACC_100271,Christopher Vasquez,INDIVIDUAL,SG,0.155,2024-08-16
ACC_100272,Michael Cooke,INDIVIDUAL,US,0.282,2024-05-16
ACC_100273,Alicia George,INDIVIDUAL,SG,0.379,2025-05-15
ACC_100274,Jordan Bradley,INDIVIDUAL,GB,0.097,2025-09-16
ACC_100275,Douglas Williams,INDIVIDUAL,VG,0.729,2024-09-30
ACC_100276,Timothy Tran,INDIVIDUAL,SG,0.087,2025-08-10
ACC_100277,Gross-Walters,CORPORATE,HK,0.244,2024-01-28
ACC_100278,William Spencer,INDIVIDUAL,US,0.145,2024-10-13
ACC_100279,King-Doyle,CORPORATE,SG,0.262,2024-03-12
ACC_100280,Brittany Jones,INDIVIDUAL,US,0.301,2025-04-13
ACC_100281,Brian Brown,INDIVIDUAL,US,0.121,2023-11-06
ACC_100282,Brian Holmes,INDIVIDUAL,SG,0.272,2024-05-27
ACC_100283,Kathy Sherman,INDIVIDUAL,HK,0.142,2024-07-08
ACC_100284,"Patterson, Tate and Hardy",CORPORATE,US,0.221,2024-01-08
ACC_100285,Kelly Mcintosh,INDIVIDUAL,GB,0.367,2024-04-08
ACC_100286,Kathryn Moore,INDIVIDUAL,SG,0.346,2025-08-23
ACC_100287,Smith-Newman,CORPORATE,CN,0.082,2024-05-17
ACC_100288,Alexis Ray,INDIVIDUAL,CN,0.198,2025-04-13
ACC_100289,Carolyn Baker,INDIVIDUAL,US,0.147,2023-12-17
ACC_100290,Jacob Shaffer,INDIVIDUAL,TW,0.051,2025-01-02
ACC_100291,Elizabeth Crawford,INDIVIDUAL,US,0.32,2025-06-02
ACC_100292,Melissa Perez,INDIVIDUAL,US,0.273,2025-02-27
ACC_100293,Rebecca Deleon,INDIVIDUAL,US,0.142,2024-04-13
ACC_100294,Tanner Strickland,INDIVIDUAL,US,0.309,2025-05-09
ACC_100295,Scott Moore,INDIVIDUAL,SG,0.243,2025-08-18
ACC_100296,Travis Parrish,INDIVIDUAL,US,0.2,2023-12-06
ACC_100297,Williams and Sons,CORPORATE,HK,0.053,2024-04-05
ACC_100298,Jacob Reyes,INDIVIDUAL,US,0.076,2024-12-09
ACC_100299,Debra Mason,INDIVIDUAL,US,0.359,2023-11-30
ACC_100300,Robert Anderson,INDIVIDUAL,US,0.366,2025-01-29
ACC_100301,Emily Davis,INDIVIDUAL,US,0.241,2024-09-20
ACC_100302,Nicholas Lee,INDIVIDUAL,HK,0.342,2025-04-02
ACC_100303,Robert Garcia DDS,INDIVIDUAL,US,0.254,2025-07-03
ACC_100304,Sean Vance,INDIVIDUAL,SG,0.102,2024-05-02
ACC_100305,Sharon Mitchell,INDIVIDUAL,GB,0.095,2023-12-24
ACC_100306,Debra Bailey,INDIVIDUAL,US,0.158,2024-07-17
ACC_100307,Ramirez Ltd,CORPORATE,CN,0.365,2024-02-06
ACC_100308,William Salazar,INDIVIDUAL,US,0.329,2024-02-21
ACC_100309,Lopez-Valentine,CORPORATE,GB,0.351,2024-08-03
ACC_100310,Steven Evans,INDIVIDUAL,US,0.365,2023-11-23
ACC_100311,Joseph Lee,INDIVIDUAL,HK,0.124,2025-07-31
ACC_100312,Anthony Pittman,INDIVIDUAL,US,0.137,2024-03-05
ACC_100313,Lisa Baldwin,INDIVIDUAL,GB,0.086,2025-09-20
ACC_100314,Mrs. Julie Walker DDS,INDIVIDUAL,US,0.323,2025-05-08
ACC_100315,Sarah Newman,INDIVIDUAL,VG,0.921,2024-07-23
ACC_100316,Melissa Brown,INDIVIDUAL,HK,0.192,2024-11-22
ACC_100317,Christopher Woodward,INDIVIDUAL,HK,0.267,2024-03-06
ACC_100318,Marvin Cochran,INDIVIDUAL,US,0.104,2024-04-20
ACC_100319,Mariah Kennedy,INDIVIDUAL,US,0.375,2024-04-05
ACC_100320,Marcus Flores,INDIVIDUAL,US,0.353,2024-08-06
ACC_100321,Marc Bradshaw,INDIVIDUAL,US,0.392,2024-10-26
ACC_100322,Jenna Griffith,INDIVIDUAL,VG,0.903,2024-03-30
ACC_100323,Elizabeth Reid MD,INDIVIDUAL,SG,0.358,2023-12-13
ACC_100324,Castillo Ltd,CORPORATE,HK,0.059,2025-06-14
ACC_100325,Alexandra Duffy,INDIVIDUAL,HK,0.308,2023-11-01
ACC_100326,Zachary Murphy,INDIVIDUAL,GB,0.166,2024-09-30
ACC_100327,Robin Harrison,INDIVIDUAL,US,0.376,2023-11-08
ACC_100328,Matthew Roberts,INDIVIDUAL,US,0.331,2023-12-10
ACC_100329,Patrick Petersen,INDIVIDUAL,SG,0.352,2024-08-12
ACC_100330,Karen Sanchez,INDIVIDUAL,TW,0.334,2025-09-16
ACC_100331,Julia Richardson,INDIVIDUAL,US,0.143,2023-10-15
ACC_100332,Gregory Maynard,INDIVIDUAL,US,0.326,2024-04-03
ACC_100333,James Meyers,INDIVIDUAL,US,0.088,2024-02-05
ACC_100334,Christopher Massey,INDIVIDUAL,US,0.355,2025-04-06
ACC_100335,Teresa Rhodes,INDIVIDUAL,VG,0.915,2024-02-14
ACC_100336,Michael Nunez,INDIVIDUAL,HK,0.128,2024-01-08
ACC_100337,Lee Jones,INDIVIDUAL,TW,0.336,2024-08-06
ACC_100338,Sarah May,INDIVIDUAL,US,0.211,2024-10-19
ACC_100339,Nelson-Mccoy,SHELL_COMPANY,VG,0.776,2024-02-15
ACC_100340,Cross-Dickerson,CORPORATE,US,0.328,2025-07-15
ACC_100341,William Nicholson,INDIVIDUAL,SG,0.13,2024-07-21
ACC_100342,"Hicks, Watkins and Buchanan",CORPORATE,SG,0.058,2024-05-22
ACC_100343,Brianna Nelson,INDIVIDUAL,US,0.118,2024-04-24
ACC_100344,"Walker, Fox and Bradford",CORPORATE,US,0.165,2025-06-06
ACC_100345,Ryan Strong,INDIVIDUAL,HK,0.353,2025-02-03
ACC_100346,Veronica Johnson,INDIVIDUAL,US,0.388,2024-01-27
ACC_100347,Michelle Miller,INDIVIDUAL,SG,0.148,2024-06-03
ACC_100348,Joseph Robles,INDIVIDUAL,SG,0.275,2025-06-27
ACC_100349,Susan Lloyd,INDIVIDUAL,HK,0.19,2024-10-07
ACC_100350,Jesus Peterson,INDIVIDUAL,US,0.393,2025-05-09
ACC_100351,Sabrina Davies,INDIVIDUAL,US,0.238,2025-08-22
ACC_100352,Julia Calderon,INDIVIDUAL,TW,0.379,2024-12-05
ACC_100353,Heidi Gonzalez,INDIVIDUAL,KY,0.729,2025-03-22
ACC_100354,Thomas Johnson,INDIVIDUAL,SG,0.39,2025-04-29
ACC_100355,Miller Ltd,CORPORATE,SG,0.112,2024-04-09
ACC_100356,Kelsey Atkins,INDIVIDUAL,HK,0.387,2023-10-23
ACC_100357,Amy Smith,INDIVIDUAL,CN,0.143,2024-11-26
ACC_100358,Johnston Inc,CORPORATE,TW,0.088,2024-09-30
ACC_100359,Maria Moran,INDIVIDUAL,GB,0.202,2024-06-09
ACC_100360,"Flores, Wood and Becker",CORPORATE,US,0.305,2024-06-24
ACC_100361,Mark Bradley,INDIVIDUAL,GB,0.16,2025-01-23
ACC_100362,Charles Owen,INDIVIDUAL,KY,0.852,2023-12-10
ACC_100363,Rodney Yoder,INDIVIDUAL,GB,0.229,2025-01-16
ACC_100364,Melissa Nelson,INDIVIDUAL,US,0.185,2025-05-05
ACC_100365,Rebecca Deleon,INDIVIDUAL,KY,0.844,2025-05-25
ACC_100366,Kelly Middleton,INDIVIDUAL,HK,0.139,2025-03-25
ACC_100367,Dr. Eric Sloan,INDIVIDUAL,VG,0.877,2024-04-29
ACC_100368,Amber Smith,INDIVIDUAL,KY,0.7,2025-03-27
ACC_100369,Michael Hughes,INDIVIDUAL,US,0.374,2024-12-07
ACC_100370,Haley Smith,INDIVIDUAL,US,0.238,2024-12-22
ACC_100371,Melinda Mccullough,INDIVIDUAL,HK,0.302,2025-02-28
ACC_100372,John Montgomery,INDIVIDUAL,VG,0.885,2024-11-30
ACC_100373,Tammy Smith,INDIVIDUAL,HK,0.285,2025-07-05
ACC_100374,"Thompson, Rodriguez and Fowler",CORPORATE,SG,0.177,2025-02-19
ACC_100375,Tiffany Ruiz,INDIVIDUAL,CN,0.074,2024-06-24
ACC_100376,Justin White,INDIVIDUAL,US,0.282,2023-12-14
ACC_100377,Diana Moore,INDIVIDUAL,GB,0.166,2024-07-07
ACC_100378,Meredith Smith,INDIVIDUAL,HK,0.16,2024-09-17
ACC_100379,Simmons Inc,CORPORATE,GB,0.347,2025-09-19
ACC_100380,Amanda Jones,INDIVIDUAL,US,0.302,2025-01-04
ACC_100381,Taylor Hall,INDIVIDUAL,GB,0.155,2023-10-08
ACC_100382,Jacob White,INDIVIDUAL,SG,0.158,2024-09-10
ACC_100383,Barnes-Garrett,CORPORATE,VG,0.802,2025-10-01
ACC_100384,Kerry Perkins,INDIVIDUAL,KY,0.801,2024-09-08
ACC_100385,Joseph Mcdonald,INDIVIDUAL,KY,0.774,2024-05-08
ACC_100386,Michael Knox,INDIVIDUAL,US,0.095,2025-03-20
ACC_100387,Taylor-Lee,CORPORATE,US,0.197,2024-10-21
ACC_100388,Elizabeth Frazier,INDIVIDUAL,GB,0.379,2023-10-17
ACC_100389,Elizabeth Reilly,INDIVIDUAL,SG,0.287,2025-04-20
ACC_100390,Angel Graham,INDIVIDUAL,HK,0.366,2025-01-19
ACC_100391,William Hanson,INDIVIDUAL,US,0.265,2025-05-22
ACC_100392,Jasmine Hamilton,INDIVIDUAL,CN,0.155,2025-08-31
ACC_100393,Lonnie Morris,INDIVIDUAL,HK,0.242,2025-02-15
ACC_100394,Lisa Johnson,INDIVIDUAL,CN,0.05,2024-08-27
ACC_100395,Jesus Martin,INDIVIDUAL,SG,0.15,2023-10-26
ACC_100396,Catherine Reynolds,INDIVIDUAL,SG,0.2,2023-12-25
ACC_100397,Shane Ray,INDIVIDUAL,VG,0.845,2024-09-17
ACC_100398,Greene Inc,CORPORATE,SG,0.279,2024-05-15
ACC_100399,Johnny Johnson,INDIVIDUAL,CN,0.213,2024-07-09
ACC_100400,Amanda Collins,INDIVIDUAL,US,0.205,2024-01-10
ACC_100401,Jessica Garrett,INDIVIDUAL,SG,0.125,2024-04-28
ACC_100402,Kenneth Sherman,INDIVIDUAL,GB,0.216,2025-01-06
ACC_100403,Ramirez PLC,CORPORATE,CN,0.365,2024-06-14
ACC_100404,Jamie Evans,INDIVIDUAL,US,0.329,2025-07-07
ACC_100405,"Davis, Olsen and Herrera",SHELL_COMPANY,KY,0.742,2025-06-20
ACC_100406,Jonathan Howard,INDIVIDUAL,CN,0.08,2024-10-31
ACC_100407,Sanders-Munoz,CORPORATE,HK,0.23,2025-01-22
ACC_100408,Keith Bryant,INDIVIDUAL,US,0.272,2023-10-16
ACC_100409,Cassidy Lyons,INDIVIDUAL,US,0.167,2024-10-03
ACC_100410,Norton-Evans,CORPORATE,US,0.336,2023-10-12
ACC_100411,Megan Murphy,INDIVIDUAL,US,0.313,2025-06-01
ACC_100412,Austin Wise,INDIVIDUAL,CN,0.285,2024-05-12
ACC_100413,Alan Villanueva,INDIVIDUAL,US,0.129,2024-05-20
ACC_100414,Stephen Greene,INDIVIDUAL,HK,0.12,2024-02-09
ACC_100415,Jennifer Brown,INDIVIDUAL,HK,0.059,2024-09-11
ACC_100416,Joanna Chaney,INDIVIDUAL,US,0.136,2025-08-20
ACC_100417,Carrie Carr,INDIVIDUAL,HK,0.216,2023-10-28
ACC_100418,Ballard Ltd,CORPORATE,US,0.347,2024-08-26
ACC_100419,Mark Douglas,INDIVIDUAL,SG,0.075,2024-09-25
ACC_100420,Ryan Garcia,INDIVIDUAL,SG,0.195,2024-11-04
ACC_100421,Sandra Parker,INDIVIDUAL,TW,0.27,2024-10-20
ACC_100422,Jessica Butler,INDIVIDUAL,HK,0.118,2024-11-04
ACC_100423,Daniel Collins,INDIVIDUAL,TW,0.294,2024-01-03
ACC_100424,Maxwell Hall,INDIVIDUAL,SG,0.223,2023-12-25
ACC_100425,Ann Bruce,INDIVIDUAL,GB,0.135,2025-01-07
ACC_100426,Kristy Jackson,INDIVIDUAL,VG,0.864,2025-08-29
ACC_100427,Isabella Stevenson,INDIVIDUAL,US,0.052,2024-07-01
ACC_100428,Mark Juarez,INDIVIDUAL,HK,0.313,2024-12-02
ACC_100429,Tamara Klein,INDIVIDUAL,US,0.32,2025-02-19
ACC_100430,Smith-Martinez,CORPORATE,HK,0.087,2024-06-11
ACC_100431,Joseph Lee,INDIVIDUAL,HK,0.199,2025-01-09
ACC_100432,Laura Fitzpatrick,INDIVIDUAL,SG,0.112,2024-02-12
ACC_100433,Gina Lopez,INDIVIDUAL,US,0.385,2025-08-06
ACC_100434,Beck and Sons,CORPORATE,CN,0.231,2024-03-28
ACC_100435,Raymond Alexander,INDIVIDUAL,US,0.068,2024-02-21
ACC_100436,Zachary Figueroa,INDIVIDUAL,HK,0.137,2025-07-16
ACC_100437,Nicole Henderson,INDIVIDUAL,US,0.347,2023-10-14
ACC_100438,Ryan Brown,INDIVIDUAL,SG,0.21,2024-05-21
ACC_100439,Wayne Williams,INDIVIDUAL,US,0.33,2024-01-14
ACC_100440,Lawrence Romero Jr.,INDIVIDUAL,SG,0.284,2025-03-31
ACC_100441,Sierra Hale,INDIVIDUAL,US,0.396,2024-03-04
ACC_100442,Davis LLC,CORPORATE,US,0.258,2025-03-25
ACC_100443,Beth Moreno MD,INDIVIDUAL,US,0.383,2024-10-11
ACC_100444,Kathleen Miller,INDIVIDUAL,US,0.362,2025-06-23
ACC_100445,Tammy Freeman,INDIVIDUAL,VG,0.853,2025-05-26
ACC_100446,"Singleton, Hester and Williams",CORPORATE,US,0.302,2024-05-16
ACC_100447,Tracey Williams,INDIVIDUAL,US,0.227,2025-09-08
ACC_100448,Michael Bennett,INDIVIDUAL,VG,0.908,2025-09-24
ACC_100449,Zachary Lewis,INDIVIDUAL,US,0.242,2024-02-10
ACC_100450,Dawn Herrera,INDIVIDUAL,US,0.364,2024-09-15
ACC_100451,Bradley Garcia,INDIVIDUAL,SG,0.31,2024-11-26
ACC_100452,Anna Cruz,INDIVIDUAL,VG,0.819,2024-01-02
ACC_100453,"Jackson, Snyder and Roach",CORPORATE,US,0.141,2024-11-13
ACC_100454,Raymond Mitchell MD,INDIVIDUAL,US,0.137,2025-02-09
ACC_100455,Jordan Turner,INDIVIDUAL,US,0.273,2024-10-15
ACC_100456,Robert Johnson,INDIVIDUAL,HK,0.318,2025-04-24
ACC_100457,Austin West,INDIVIDUAL,HK,0.232,2023-11-11
ACC_100458,Lisa Hicks,INDIVIDUAL,CN,0.269,2024-06-07
ACC_100459,"Conner, Singleton and Adams",CORPORATE,US,0.146,2025-02-10
ACC_100460,Schmitt Inc,CORPORATE,HK,0.077,2023-12-05
ACC_100461,"Burgess, Berry and Tran",CORPORATE,GB,0.15,2023-12-25
ACC_100462,Julia Cherry,INDIVIDUAL,US,0.145,2024-03-12
ACC_100463,Nancy Moore,INDIVIDUAL,HK,0.162,2025-01-24
ACC_100464,Paul Howe,INDIVIDUAL,US,0.239,2025-01-28
ACC_100465,Denise Wilson,INDIVIDUAL,KY,0.735,2024-01-22
ACC_100466,"Murphy, Williams and Soto",SHELL_COMPANY,HK,0.758,2025-08-01
ACC_100467,Lisa Morris,INDIVIDUAL,US,0.293,2025-09-07
ACC_100468,Donald Lambert,INDIVIDUAL,CN,0.297,2025-03-04
ACC_100469,John Rojas,INDIVIDUAL,SG,0.072,2025-04-21
ACC_100470,Angela Rowe,INDIVIDUAL,SG,0.193,2024-12-03
ACC_100471,Wanda Williams,INDIVIDUAL,KY,0.836,2025-06-15
ACC_100472,Frank Evans,INDIVIDUAL,US,0.196,2025-02-15
ACC_100473,Rickey Perez,INDIVIDUAL,CN,0.122,2024-04-28
ACC_100474,Williams LLC,CORPORATE,SG,0.197,2024-11-22
ACC_100475,Jacqueline Hill,INDIVIDUAL,SG,0.367,2025-08-16
ACC_100476,Cody Stout,INDIVIDUAL,CN,0.254,2025-07-24
ACC_100477,Ashley Sanders,INDIVIDUAL,US,0.293,2024-08-06
ACC_100478,Emma Downs,INDIVIDUAL,US,0.35,2023-11-19
ACC_100479,Lisa Robinson,INDIVIDUAL,GB,0.318,2025-09-26
ACC_100480,Regina Harrison,INDIVIDUAL,SG,0.183,2024-05-20
ACC_100481,Wayne Mathews,INDIVIDUAL,US,0.052,2024-12-14
ACC_100482,James Acevedo,INDIVIDUAL,US,0.173,2025-06-29
ACC_100483,Patricia Johnson,INDIVIDUAL,US,0.314,2025-02-25
ACC_100484,Alan Sanchez,INDIVIDUAL,HK,0.349,2024-05-05
ACC_100485,Linda Johnston,INDIVIDUAL,CN,0.384,2025-06-25
ACC_100486,Daniel Sandoval,INDIVIDUAL,US,0.197,2023-10-10
ACC_100487,Peter Mcdonald,INDIVIDUAL,US,0.312,2023-10-21
ACC_100488,David Bond,INDIVIDUAL,US,0.241,2024-07-07
ACC_100489,Angie Cox,INDIVIDUAL,SG,0.261,2024-11-23
ACC_100490,Derrick Peters,INDIVIDUAL,GB,0.127,2025-01-25
ACC_100491,Holly Garcia,INDIVIDUAL,US,0.127,2023-10-19
ACC_100492,Julie Ward,INDIVIDUAL,HK,0.203,2025-05-13
ACC_100493,Heather Malone,INDIVIDUAL,HK,0.06,2025-08-26
ACC_100494,Zachary Frye,INDIVIDUAL,KY,0.784,2025-04-15
ACC_100495,Key-Wilson,CORPORATE,SG,0.288,2023-11-12
ACC_100496,Amanda Church,INDIVIDUAL,SG,0.192,2025-03-20
ACC_100497,Robert Carlson,INDIVIDUAL,US,0.108,2024-12-07
ACC_100498,Bender Ltd,CORPORATE,US,0.214,2025-08-12
ACC_100499,Perez-Knight,SHELL_COMPANY,HK,0.732,2024-11-16
ACC_100500,Shannon Thompson,INDIVIDUAL,HK,0.268,2024-03-25
ACC_100501,"Riley, Michael and Castro",CORPORATE,GB,0.059,2024-12-12
ACC_100502,"Sexton, Stewart and Rodriguez",CORPORATE,SG,0.188,2025-09-26
ACC_100503,Dana Robles MD,INDIVIDUAL,KY,0.841,2024-10-03
ACC_100504,Michael Guerrero,INDIVIDUAL,HK,0.059,2025-05-21
ACC_100505,Dan Fuentes,INDIVIDUAL,TW,0.275,2025-07-09
ACC_100506,"Hunter, Conley and Smith",CORPORATE,US,0.097,2025-06-10
ACC_100507,Danny Acosta,INDIVIDUAL,CN,0.212,2024-03-22
ACC_100508,Nicholas Mcbride,INDIVIDUAL,SG,0.068,2025-09-15
ACC_100509,Ruiz-Sanchez,CORPORATE,US,0.183,2024-03-19
ACC_100510,Samantha Hurst,INDIVIDUAL,US,0.124,2024-07-13
ACC_100511,Knight and Sons,CORPORATE,TW,0.164,2025-03-13
ACC_100512,Valdez LLC,CORPORATE,HK,0.316,2025-04-14
ACC_100513,Martinez Group,CORPORATE,KY,0.795,2025-09-11
ACC_100514,Lauren Herrera,INDIVIDUAL,KY,0.888,2025-04-13
ACC_100515,Benjamin Perez,INDIVIDUAL,SG,0.341,2024-05-01
ACC_100516,Sergio Moore,INDIVIDUAL,US,0.138,2025-04-20
ACC_100517,Tammy Owens,INDIVIDUAL,SG,0.079,2024-11-12
ACC_100518,Michael Adkins,INDIVIDUAL,GB,0.057,2025-01-25
ACC_100519,Susan Thomas,INDIVIDUAL,US,0.239,2025-03-16
ACC_100520,Miranda Robertson,INDIVIDUAL,GB,0.4,2024-04-01
ACC_100521,Andrea Austin,INDIVIDUAL,SG,0.172,2024-05-03
ACC_100522,Fuller Inc,CORPORATE,SG,0.278,2024-09-21
ACC_100523,Dr. Nicole Morse,INDIVIDUAL,US,0.323,2025-03-11
ACC_100524,"Williams, Aguirre and Cox",CORPORATE,US,0.278,2024-03-17
ACC_100525,Dominguez LLC,CORPORATE,HK,0.314,2023-11-21
ACC_100526,"Massey, Riddle and Garrett",CORPORATE,GB,0.382,2025-06-04
ACC_100527,Sanford Group,SHELL_COMPANY,US,0.75,2024-01-25
ACC_100528,Villegas-Moore,CORPORATE,HK,0.057,2024-12-19
ACC_100529,Kendra Carson,INDIVIDUAL,SG,0.103,2025-09-26
ACC_100530,Hernandez-Young,CORPORATE,TW,0.094,2024-08-28
ACC_100531,"Hill, Blake and Howard",CORPORATE,HK,0.284,2025-03-11
ACC_100532,Joshua Morrison,INDIVIDUAL,GB,0.247,2024-11-10
ACC_100533,Daniel Baker,INDIVIDUAL,US,0.126,2025-05-06
ACC_100534,Tyler Carlson,INDIVIDUAL,US,0.295,2024-07-01
ACC_100535,Justin Grimes III,INDIVIDUAL,US,0.318,2024-02-04
ACC_100536,James Clark,INDIVIDUAL,US,0.109,2024-07-20
ACC_100537,Reynolds-Anderson,SHELL_COMPANY,HK,0.852,2025-05-28
ACC_100538,Lisa Lewis,INDIVIDUAL,SG,0.312,2025-06-18
ACC_100539,Robert Jackson,INDIVIDUAL,CN,0.09,2024-10-01
ACC_100540,"Black, Smith and Lawrence",CORPORATE,US,0.337,2024-11-21
ACC_100541,Olivia Farmer,INDIVIDUAL,VG,0.941,2025-03-16
ACC_100542,Dominguez Inc,CORPORATE,HK,0.088,2023-12-18
ACC_100543,Tiffany Avila,INDIVIDUAL,US,0.059,2025-05-06
ACC_100544,Peterson Ltd,SHELL_COMPANY,US,0.778,2024-02-28
ACC_100545,Blake-Nichols,CORPORATE,SG,0.287,2025-03-27
ACC_100546,Bradley Robertson,INDIVIDUAL,HK,0.385,2024-01-29
ACC_100547,John Hernandez,INDIVIDUAL,US,0.189,2024-06-23
ACC_100548,Erica Estrada,INDIVIDUAL,US,0.3,2025-02-22
ACC_100549,Rowe Inc,CORPORATE,US,0.077,2024-04-29
ACC_100550,Matthew Simon,INDIVIDUAL,TW,0.292,2025-05-16
ACC_100551,Mahoney-Reynolds,CORPORATE,CN,0.27,2025-06-06
ACC_100552,Fletcher Inc,SHELL_COMPANY,US,0.725,2025-05-02
ACC_100553,Kenneth Lyons,INDIVIDUAL,GB,0.32,2024-06-29
ACC_100554,Timothy Mccoy,INDIVIDUAL,US,0.348,2025-09-18
ACC_100555,Anderson-Barry,CORPORATE,US,0.26,2025-04-29
ACC_100556,Leslie Ortega,INDIVIDUAL,HK,0.092,2024-10-16
ACC_100557,Maria Brown,INDIVIDUAL,SG,0.394,2025-06-11
ACC_100558,Wayne Marquez,INDIVIDUAL,VG,0.896,2024-01-29
ACC_100559,Tonya Cole,INDIVIDUAL,US,0.172,2024-06-10
ACC_100560,Chavez-Reese,CORPORATE,TW,0.2,2024-01-25
ACC_100561,Spencer-Rodriguez,CORPORATE,KY,0.793,2025-02-24
ACC_100562,Robert Smith,INDIVIDUAL,SG,0.227,2025-09-28
ACC_100563,Luis Collins,INDIVIDUAL,HK,0.169,2025-08-30
ACC_100564,Brianna Davies,INDIVIDUAL,US,0.347,2024-06-08
ACC_100565,Susan Alexander,INDIVIDUAL,HK,0.338,2023-10-27
ACC_100566,Julie Garcia,INDIVIDUAL,US,0.087,2025-03-21
ACC_100567,Shannon Collins,INDIVIDUAL,US,0.386,2024-12-23
ACC_100568,Bates PLC,CORPORATE,HK,0.272,2024-12-30
ACC_100569,Zachary Reese II,INDIVIDUAL,SG,0.34,2025-06-02
ACC_100570,"Thompson, Stephens and Davenport",CORPORATE,US,0.298,2023-12-01
ACC_100571,Paul Brooks,INDIVIDUAL,SG,0.202,2024-07-02
ACC_100572,Ashley Holden,INDIVIDUAL,VG,0.883,2024-11-01
ACC_100573,"Garcia, Green and Evans",CORPORATE,SG,0.388,2023-11-05
ACC_100574,"Daniel, Randolph and Collier",CORPORATE,VG,0.768,2025-08-30
ACC_100575,Jeffery Gay,INDIVIDUAL,KY,0.902,2024-02-23
ACC_100576,Julie Herman,INDIVIDUAL,SG,0.238,2024-04-03
ACC_100577,Ashley Holmes,INDIVIDUAL,GB,0.219,2024-09-25
ACC_100578,Matthew Roberts,INDIVIDUAL,VG,0.809,2024-12-30
ACC_100579,Downs-Green,CORPORATE,US,0.306,2024-05-27
ACC_100580,Osborn Inc,CORPORATE,US,0.144,2025-02-25
ACC_100581,Teresa Lester,INDIVIDUAL,GB,0.348,2025-02-19
ACC_100582,Paul Gibbs,INDIVIDUAL,KY,0.908,2025-08-23
ACC_100583,"Garcia, Tucker and Benson",CORPORATE,HK,0.08,2024-07-09
ACC_100584,Carrie Keith,INDIVIDUAL,US,0.359,2024-09-16
ACC_100585,Mark Green,INDIVIDUAL,TW,0.135,2024-10-26
ACC_100586,Michael Miller,INDIVIDUAL,US,0.213,2024-08-25
ACC_100587,Megan Hart,INDIVIDUAL,HK,0.264,2024-07-20
ACC_100588,Moss-Bauer,CORPORATE,US,0.183,2024-08-24
ACC_100589,"Clark, Williams and Moody",CORPORATE,HK,0.06,2024-08-14
ACC_100590,Martinez PLC,SHELL_COMPANY,US,0.913,2023-11-04
ACC_100591,Michelle Santiago,INDIVIDUAL,CN,0.114,2024-04-08
ACC_100592,Lisa Blankenship,INDIVIDUAL,CN,0.124,2024-05-22
ACC_100593,Karen Hoffman,INDIVIDUAL,US,0.329,2025-07-24
ACC_100594,Yvonne Wright,INDIVIDUAL,GB,0.169,2025-04-19
ACC_100595,Emily Navarro,INDIVIDUAL,SG,0.358,2024-09-30
ACC_100596,Jesse Hernandez,INDIVIDUAL,SG,0.295,2024-09-03
ACC_100597,Benjamin Arnold,INDIVIDUAL,VG,0.769,2023-12-08
ACC_100598,Archer-Jones,SHELL_COMPANY,TW,0.703,2023-12-28
ACC_100599,Felicia Henderson,INDIVIDUAL,US,0.382,2025-08-31
ACC_100600,Cooke PLC,CORPORATE,US,0.08,2024-11-14
ACC_100601,Andrew Harrington,INDIVIDUAL,US,0.302,2024-04-23
ACC_100602,Jason Kelly,INDIVIDUAL,GB,0.221,2025-08-30
ACC_100603,Michael Johnson,INDIVIDUAL,HK,0.315,2025-08-08
ACC_100604,Tina Garcia,INDIVIDUAL,TW,0.292,2024-12-18
ACC_100605,Tonya Bautista,INDIVIDUAL,HK,0.276,2024-06-25
ACC_100606,Joshua Henderson,INDIVIDUAL,GB,0.222,2024-09-19
ACC_100607,Mark Martinez,INDIVIDUAL,US,0.328,2024-12-26
ACC_100608,Robert Pineda,INDIVIDUAL,SG,0.083,2025-09-28
ACC_100609,Danielle Gray,INDIVIDUAL,US,0.128,2024-01-19
ACC_100610,Larson-Bass,SHELL_COMPANY,US,0.873,2024-06-30
ACC_100611,Jennifer Vega,INDIVIDUAL,CN,0.157,2023-11-01
ACC_100612,Michelle Lara,INDIVIDUAL,SG,0.254,2025-10-04
ACC_100613,Diane Ramirez,INDIVIDUAL,US,0.216,2025-02-13
ACC_100614,Gonzalez Ltd,SHELL_COMPANY,HK,0.833,2024-08-06
ACC_100615,Carlson PLC,CORPORATE,US,0.199,2025-08-10
ACC_100616,Timothy Maynard,INDIVIDUAL,US,0.311,2024-07-02
ACC_100617,Savannah Snyder,INDIVIDUAL,US,0.166,2024-01-22
ACC_100618,Cook-Martinez,CORPORATE,HK,0.296,2023-12-23
ACC_100619,Hernandez PLC,SHELL_COMPANY,US,0.768,2024-04-04
ACC_100620,Romero and Sons,CORPORATE,GB,0.138,2025-07-11
ACC_100621,Miller-Jackson,CORPORATE,KY,0.73,2024-12-05
ACC_100622,Palmer Inc,CORPORATE,SG,0.117,2024-11-02
ACC_100623,Brooke Mendez,INDIVIDUAL,US,0.092,2024-10-15
ACC_100624,"Lopez, Davis and Horton",CORPORATE,SG,0.238,2023-11-24
ACC_100625,Harrington LLC,CORPORATE,HK,0.317,2024-10-02
ACC_100626,Alfred Sanders,INDIVIDUAL,US,0.115,2024-12-12
ACC_100627,Robert Phillips,INDIVIDUAL,HK,0.126,2024-04-07
ACC_100628,Roy Crane,INDIVIDUAL,HK,0.219,2024-05-19
ACC_100629,Rebecca Harris,INDIVIDUAL,SG,0.304,2024-03-02
ACC_100630,James Torres,INDIVIDUAL,GB,0.392,2024-07-22
ACC_100631,Christina Martinez,INDIVIDUAL,HK,0.234,2023-11-02
ACC_100632,Ashley Leblanc,INDIVIDUAL,US,0.149,2023-11-18
ACC_100633,Laura Fields,INDIVIDUAL,HK,0.085,2025-02-05
ACC_100634,Jordan Harris,INDIVIDUAL,US,0.118,2024-10-06
ACC_100635,Laura Sparks,INDIVIDUAL,VG,0.757,2023-12-22
ACC_100636,Keith and Sons,CORPORATE,US,0.113,2024-12-16
ACC_100637,Kathleen Johnson,INDIVIDUAL,US,0.055,2024-09-25
ACC_100638,Jennifer Jones,INDIVIDUAL,TW,0.237,2024-06-11
ACC_100639,Paula Barnes PhD,INDIVIDUAL,HK,0.146,2024-07-12
ACC_100640,Sabrina Harmon,INDIVIDUAL,GB,0.391,2024-02-07
ACC_100641,David Jackson,INDIVIDUAL,US,0.244,2025-09-23
ACC_100642,Jeffrey Davis,INDIVIDUAL,HK,0.294,2024-09-19
ACC_100643,Patricia Roberts,INDIVIDUAL,US,0.094,2023-10-17
ACC_100644,Michael Mullen,INDIVIDUAL,US,0.354,2024-12-17
ACC_100645,Gina Carpenter,INDIVIDUAL,US,0.222,2024-09-11
ACC_100646,Michael Elliott,INDIVIDUAL,SG,0.355,2025-05-03
ACC_100647,"Glover, King and Skinner",CORPORATE,US,0.251,2025-09-30
ACC_100648,Dawn Buckley,INDIVIDUAL,US,0.214,2025-06-14
ACC_100649,Shane Steele,INDIVIDUAL,GB,0.204,2024-12-15
ACC_100650,Andrew Erickson,INDIVIDUAL,CN,0.115,2024-08-25
ACC_100651,Scott Thompson,INDIVIDUAL,HK,0.068,2025-01-24
ACC_100652,Kerri Gomez,INDIVIDUAL,VG,0.935,2025-03-19
ACC_100653,Alexis Spencer,INDIVIDUAL,KY,0.819,2024-01-11
ACC_100654,Lisa Griffith,INDIVIDUAL,KY,0.906,2023-12-29
ACC_100655,Anna Warren,INDIVIDUAL,VG,0.8,2024-06-06
ACC_100656,Matthew Nelson,INDIVIDUAL,KY,0.719,2023-10-13
ACC_100657,Donna Lutz,INDIVIDUAL,SG,0.27,2025-04-01
ACC_100658,Aaron Dominguez,INDIVIDUAL,GB,0.069,2023-11-02
ACC_100659,Sandra Jimenez,INDIVIDUAL,US,0.102,2025-03-26
ACC_100660,Christian Green,INDIVIDUAL,US,0.247,2025-06-23
ACC_100661,Rowe Inc,CORPORATE,US,0.156,2025-01-15
ACC_100662,"Smith, Cordova and Stewart",SHELL_COMPANY,US,0.948,2024-10-13
ACC_100663,Robert Irwin,INDIVIDUAL,GB,0.091,2025-01-13
ACC_100664,Matthew Thompson,INDIVIDUAL,HK,0.318,2023-10-24
ACC_100665,Kevin Anderson,INDIVIDUAL,GB,0.262,2025-09-03
ACC_100666,Dana Phillips,INDIVIDUAL,TW,0.327,2024-11-19
ACC_100667,"Smith, Brown and Long",SHELL_COMPANY,SG,0.756,2024-12-05
ACC_100668,Cynthia Perkins,INDIVIDUAL,SG,0.233,2024-09-28
ACC_100669,Vanessa Long,INDIVIDUAL,US,0.208,2025-05-06
ACC_100670,Paul Moreno,INDIVIDUAL,HK,0.205,2025-04-06
ACC_100671,"Edwards, Fleming and Fernandez",CORPORATE,GB,0.351,2024-04-03
ACC_100672,Shelby Gonzalez,INDIVIDUAL,HK,0.397,2024-11-25
ACC_100673,Allen Day,INDIVIDUAL,US,0.157,2025-02-22
ACC_100674,"Chandler, Madden and Williams",SHELL_COMPANY,US,0.855,2023-12-06
ACC_100675,Velez and Sons,CORPORATE,SG,0.263,2024-03-03
ACC_100676,Caitlin Montgomery,INDIVIDUAL,GB,0.309,2025-02-07
ACC_100677,Bill Johnson,INDIVIDUAL,VG,0.937,2024-04-03
ACC_100678,Mack-Rodriguez,CORPORATE,HK,0.123,2025-06-10
ACC_100679,Valerie Bennett,INDIVIDUAL,SG,0.124,2023-12-05
ACC_100680,Mills-Barnes,CORPORATE,US,0.281,2025-06-27
ACC_100681,Dr. Joseph Ruiz,INDIVIDUAL,SG,0.105,2025-02-12
ACC_100682,Jamie Bell,INDIVIDUAL,US,0.111,2025-06-11
ACC_100683,Kayla Elliott,INDIVIDUAL,CN,0.076,2024-08-24
ACC_100684,Ana Hill,INDIVIDUAL,US,0.051,2023-11-07
ACC_100685,Byrd-Ramos,SHELL_COMPANY,US,0.813,2024-09-03
ACC_100686,Johnson LLC,CORPORATE,HK,0.258,2024-09-30
ACC_100687,Anthony Meyer,INDIVIDUAL,VG,0.773,2025-02-03
ACC_100688,John Wood,INDIVIDUAL,HK,0.131,2025-03-14
ACC_100689,Jennifer Johnson,INDIVIDUAL,SG,0.297,2024-03-17
ACC_100690,Tyler Wright,INDIVIDUAL,US,0.296,2025-03-21
ACC_100691,"Stevens, Moore and Hall",SHELL_COMPANY,US,0.814,2024-07-01
ACC_100692,Victoria Martin,INDIVIDUAL,US,0.291,2024-11-17
ACC_100693,Humphrey-Castro,CORPORATE,US,0.373,2025-09-21
ACC_100694,"Hill, Brooks and Stewart",SHELL_COMPANY,HK,0.897,2025-04-21
ACC_100695,Dawn Porter,INDIVIDUAL,US,0.269,2025-02-18
ACC_100696,Taylor Davenport,INDIVIDUAL,HK,0.281,2024-03-06
ACC_100697,Jessica Gardner,INDIVIDUAL,KY,0.933,2024-01-08
ACC_100698,Kathy Kerr,INDIVIDUAL,US,0.199,2024-05-05
ACC_100699,Diane Reyes,INDIVIDUAL,GB,0.241,2024-03-06
ACC_100700,Katrina Jimenez,INDIVIDUAL,US,0.277,2024-03-07
ACC_100701,Samuel Cohen,INDIVIDUAL,GB,0.368,2024-11-05
ACC_100702,Daniel Davis,INDIVIDUAL,HK,0.339,2024-03-19
ACC_100703,Brock-Austin,CORPORATE,KY,0.718,2024-06-12
ACC_100704,Scott Blackwell,INDIVIDUAL,VG,0.741,2023-10-30
ACC_100705,Ashley Holden,INDIVIDUAL,US,0.158,2024-02-13
ACC_100706,Michael Johnson,INDIVIDUAL,US,0.312,2024-07-20
ACC_100707,Sharon Chan,INDIVIDUAL,CN,0.249,2024-08-20
ACC_100708,Joshua Lee,INDIVIDUAL,US,0.151,2024-07-03
ACC_100709,Jordan Hoffman,INDIVIDUAL,CN,0.094,2024-06-27
ACC_100710,Rodney Young,INDIVIDUAL,HK,0.291,2025-09-30
ACC_100711,Sharon Lane,INDIVIDUAL,US,0.295,2024-02-27
ACC_100712,White LLC,SHELL_COMPANY,TW,0.936,2024-05-27
ACC_100713,Ashley Sanders,INDIVIDUAL,TW,0.225,2024-06-17
ACC_100714,Kari Wilson,INDIVIDUAL,VG,0.823,2025-05-20
ACC_100715,Michael Hudson,INDIVIDUAL,HK,0.078,2024-02-18
ACC_100716,Brett Nicholson,INDIVIDUAL,SG,0.064,2024-11-12
ACC_100717,Ronald Webb,INDIVIDUAL,US,0.201,2025-09-09
ACC_100718,Richard Price,INDIVIDUAL,GB,0.163,2023-10-08
ACC_100719,Aaron Williams,INDIVIDUAL,SG,0.138,2023-12-03
ACC_100720,"Evans, Rice and Caldwell",SHELL_COMPANY,US,0.723,2025-02-05
ACC_100721,Samantha Harris,INDIVIDUAL,HK,0.387,2024-10-19
ACC_100722,"Bowers, Pace and Johnston",CORPORATE,US,0.343,2024-11-14
ACC_100723,Eric Watson,INDIVIDUAL,KY,0.844,2025-02-07
ACC_100724,Elliott-Aguirre,CORPORATE,SG,0.383,2025-02-04
ACC_100725,Sara Miller,INDIVIDUAL,SG,0.4,2024-08-10
ACC_100726,Palmer-Petty,CORPORATE,SG,0.285,2025-02-25
ACC_100727,Ian Brennan,INDIVIDUAL,CN,0.144,2025-09-01
ACC_100728,Carolyn Thomas,INDIVIDUAL,SG,0.064,2024-10-11
ACC_100729,Mary Keith,INDIVIDUAL,SG,0.315,2024-07-14
ACC_100730,John Miller,INDIVIDUAL,SG,0.215,2025-04-28
ACC_100731,Anthony Ford,INDIVIDUAL,SG,0.278,2025-08-30
ACC_100732,Taylor-Lara,SHELL_COMPANY,US,0.929,2024-02-03
ACC_100733,Tran and Sons,SHELL_COMPANY,HK,0.745,2024-04-30
ACC_100734,Wilson-Alexander,CORPORATE,GB,0.255,2025-05-03
ACC_100735,Sherry Graham,INDIVIDUAL,GB,0.272,2024-06-10
ACC_100736,Fuentes-Griffin,CORPORATE,HK,0.222,2024-05-03
ACC_100737,Michael Macdonald,INDIVIDUAL,SG,0.082,2023-12-03
ACC_100738,Lewis and Sons,CORPORATE,GB,0.172,2023-11-25
ACC_100739,"Clark, Brown and Hodges",CORPORATE,HK,0.167,2023-11-25
ACC_100740,"Davis, Poole and Perry",CORPORATE,US,0.285,2025-02-06
ACC_100741,Charles Villegas,INDIVIDUAL,US,0.35,2025-04-29
ACC_100742,James Clark,INDIVIDUAL,US,0.165,2024-08-09
ACC_100743,Jeffrey Atkins,INDIVIDUAL,SG,0.293,2024-03-25
ACC_100744,Patricia Lynch,INDIVIDUAL,HK,0.151,2024-05-16
ACC_100745,Ryan Mejia,INDIVIDUAL,US,0.381,2024-11-11
ACC_100746,Michael Morgan,INDIVIDUAL,US,0.335,2024-07-02
ACC_100747,Jonathan Kelly,INDIVIDUAL,SG,0.243,2024-06-30
ACC_100748,Karen Dyer,INDIVIDUAL,HK,0.209,2024-06-26
ACC_100749,George Glover,INDIVIDUAL,VG,0.779,2024-03-25
ACC_100750,Timothy Smith,INDIVIDUAL,HK,0.163,2025-04-18
ACC_100751,Theresa Cooper,INDIVIDUAL,US,0.39,2023-12-28
ACC_100752,Matthew Burgess,INDIVIDUAL,US,0.191,2025-08-20
ACC_100753,Alexander Cummings,INDIVIDUAL,HK,0.23,2024-01-16
ACC_100754,Sherry Pham,INDIVIDUAL,GB,0.396,2025-08-07
ACC_100755,Rogers PLC,CORPORATE,GB,0.28,2025-07-29
ACC_100756,Nichols-Mcdaniel,SHELL_COMPANY,US,0.836,2025-08-06
ACC_100757,Bradley Flores,INDIVIDUAL,US,0.195,2025-02-13
ACC_100758,Karen Ponce,INDIVIDUAL,VG,0.747,2024-10-07
ACC_100759,Renee Moore,INDIVIDUAL,CN,0.177,2023-12-20
ACC_100760,Alexis Turner,INDIVIDUAL,CN,0.315,2025-04-05
ACC_100761,Kyle Rodriguez,INDIVIDUAL,US,0.269,2024-12-05
ACC_100762,Kristen Henry,INDIVIDUAL,US,0.316,2024-10-08
ACC_100763,Rebecca Leonard,INDIVIDUAL,US,0.121,2025-09-17
ACC_100764,Thompson Ltd,CORPORATE,HK,0.242,2024-01-24
ACC_100765,Donald Simpson,INDIVIDUAL,SG,0.375,2024-09-17
ACC_100766,Nicole Shaffer,INDIVIDUAL,US,0.203,2024-04-18
ACC_100767,Aaron Moore,INDIVIDUAL,US,0.294,2024-04-20
ACC_100768,Michael Collins,INDIVIDUAL,SG,0.092,2025-05-06
ACC_100769,Paul Mullins,INDIVIDUAL,HK,0.391,2023-11-04
ACC_100770,Patricia Stewart,INDIVIDUAL,US,0.263,2025-02-04
ACC_100771,Gary Estrada,INDIVIDUAL,US,0.134,2024-11-13
ACC_100772,"Wheeler, Becker and Newman",SHELL_COMPANY,HK,0.74,2023-10-11
ACC_100773,"Adams, Nguyen and Edwards",CORPORATE,SG,0.243,2025-02-25
ACC_100774,Katherine Mcconnell,INDIVIDUAL,SG,0.243,2023-11-11
ACC_100775,"Davis, Medina and Mcdonald",SHELL_COMPANY,SG,0.723,2025-07-01
ACC_100776,Williams PLC,CORPORATE,VG,0.948,2024-03-27
ACC_100777,Amanda Harris,INDIVIDUAL,US,0.37,2025-09-25
ACC_100778,Eric Bradshaw,INDIVIDUAL,HK,0.212,2024-03-24
ACC_100779,Thomas-Schmidt,CORPORATE,CN,0.091,2025-05-22
ACC_100780,Melissa Brown,INDIVIDUAL,US,0.341,2023-12-29
ACC_100781,"Smith, Romero and Love",CORPORATE,US,0.224,2024-06-12
ACC_100782,Gomez PLC,CORPORATE,HK,0.301,2024-01-17
ACC_100783,Donald Reid,INDIVIDUAL,US,0.228,2023-10-09
ACC_100784,Adam Beck,INDIVIDUAL,HK,0.146,2024-08-04
ACC_100785,Michael Diaz,INDIVIDUAL,US,0.342,2024-09-01
ACC_100786,Charles Johnson,INDIVIDUAL,VG,0.945,2025-02-01
ACC_100787,Mary Bryant,INDIVIDUAL,US,0.135,2024-10-18
ACC_100788,John Stanley,INDIVIDUAL,SG,0.243,2024-02-18
ACC_100789,Larry Carlson,INDIVIDUAL,HK,0.184,2024-10-11
ACC_100790,Tasha Allen,INDIVIDUAL,US,0.373,2024-07-01
ACC_100791,Kylie Nelson,INDIVIDUAL,HK,0.228,2025-09-26
ACC_100792,"Tapia, Moon and Howell",SHELL_COMPANY,US,0.92,2024-04-24
ACC_100793,Danielle Pacheco,INDIVIDUAL,HK,0.352,2023-12-25
ACC_100794,Larry Taylor,INDIVIDUAL,GB,0.147,2024-12-05
ACC_100795,Jeanne Simmons,INDIVIDUAL,TW,0.327,2024-05-28
ACC_100796,Brandy Mejia,INDIVIDUAL,US,0.195,2025-04-18
ACC_100797,Sarah Harris,INDIVIDUAL,SG,0.377,2024-07-04
ACC_100798,Cody Ellis,INDIVIDUAL,US,0.228,2024-10-07
ACC_100799,Thomas Roy,INDIVIDUAL,VG,0.905,2023-11-29
ACC_100800,Michelle Ross,INDIVIDUAL,US,0.149,2024-03-09
ACC_100801,Kyle Kemp,INDIVIDUAL,US,0.154,2024-08-29
ACC_100802,Sandy Ortiz,INDIVIDUAL,HK,0.255,2024-02-14
ACC_100803,Patrick Patrick,INDIVIDUAL,KY,0.95,2025-04-05
ACC_100804,Jessica Miller,INDIVIDUAL,HK,0.221,2025-04-15
ACC_100805,"Kim, Valenzuela and Simpson",CORPORATE,SG,0.102,2025-10-01
ACC_100806,Emily Jensen,INDIVIDUAL,US,0.239,2024-10-01
ACC_100807,Johnny Rogers,INDIVIDUAL,SG,0.171,2025-02-28
ACC_100808,"Stephens, Johnson and Jordan",SHELL_COMPANY,SG,0.838,2025-02-01
ACC_100809,Don Daniels,INDIVIDUAL,GB,0.24,2025-01-07
ACC_100810,Matthew Hamilton,INDIVIDUAL,US,0.209,2025-02-18
ACC_100811,Brenda Thomas,INDIVIDUAL,TW,0.163,2024-02-20
ACC_100812,Travis Mcpherson,INDIVIDUAL,SG,0.116,2025-04-10
ACC_100813,Wanda Rhodes,INDIVIDUAL,HK,0.294,2023-10-11
ACC_100814,Kelly Brown,INDIVIDUAL,HK,0.25,2025-07-11
ACC_100815,Williams Inc,CORPORATE,US,0.132,2024-08-03
ACC_100816,James Morgan,INDIVIDUAL,GB,0.321,2024-06-08
ACC_100817,"Acosta, Hernandez and Clark",CORPORATE,US,0.065,2024-06-30
ACC_100818,Lisa Brown,INDIVIDUAL,US,0.311,2024-12-15
ACC_100819,Meyers-Webb,SHELL_COMPANY,CN,0.876,2024-09-02
ACC_100820,Taylor Navarro,INDIVIDUAL,KY,0.903,2024-01-06
ACC_100821,Pamela Robinson,INDIVIDUAL,SG,0.185,2024-10-19
ACC_100822,Mr. Jeffrey Hernandez,INDIVIDUAL,GB,0.282,2024-05-19
ACC_100823,Amanda Garner,INDIVIDUAL,KY,0.905,2024-01-21
ACC_100824,Hicks-Jones,CORPORATE,GB,0.393,2024-11-02
ACC_100825,Andrew Petersen,INDIVIDUAL,US,0.223,2025-01-27
ACC_100826,Shelly Collins,INDIVIDUAL,US,0.063,2025-09-22
ACC_100827,Angela Johnson,INDIVIDUAL,CN,0.226,2025-07-07
ACC_100828,Sandra Singh MD,INDIVIDUAL,US,0.257,2025-03-04
ACC_100829,Matthew Solomon,INDIVIDUAL,HK,0.354,2024-09-05
ACC_100830,Lisa Hartman,INDIVIDUAL,HK,0.356,2025-05-16
ACC_100831,Davis LLC,CORPORATE,HK,0.204,2024-04-16
ACC_100832,Faulkner and Sons,SHELL_COMPANY,VG,0.831,2024-09-20
ACC_100833,Maria Shepherd,INDIVIDUAL,CN,0.21,2024-03-22
ACC_100834,Sara Pacheco,INDIVIDUAL,KY,0.881,2025-09-09
ACC_100835,Alison Mack,INDIVIDUAL,VG,0.802,2024-12-12
ACC_100836,Berry-French,CORPORATE,KY,0.864,2025-07-03
ACC_100837,Mckee LLC,CORPORATE,US,0.104,2024-02-16
ACC_100838,Carmen Bryant,INDIVIDUAL,HK,0.214,2024-11-03
ACC_100839,Kristina Lewis,INDIVIDUAL,SG,0.389,2025-04-11
ACC_100840,Karina Lozano,INDIVIDUAL,TW,0.168,2025-08-10
ACC_100841,Toni Davidson,INDIVIDUAL,KY,0.873,2023-10-30
ACC_100842,Mary Harris,INDIVIDUAL,VG,0.862,2024-08-30
ACC_100843,"Willis, Mccarthy and Hoffman",CORPORATE,HK,0.348,2025-01-12
ACC_100844,Thomas Fox,INDIVIDUAL,GB,0.348,2025-05-25
ACC_100845,Benjamin Kennedy,INDIVIDUAL,HK,0.351,2023-11-12
ACC_100846,Destiny Sanchez,INDIVIDUAL,US,0.183,2025-08-31
ACC_100847,Pamela Gonzales,INDIVIDUAL,US,0.161,2025-08-08
ACC_100848,Nicole Ramirez,INDIVIDUAL,US,0.302,2024-01-31
ACC_100849,"Richards, Holloway and Contreras",SHELL_COMPANY,HK,0.89,2024-02-13
ACC_100850,Pierce Ltd,SHELL_COMPANY,HK,0.918,2023-12-08
ACC_100851,Eric Collins,INDIVIDUAL,HK,0.063,2025-09-11
ACC_100852,Manuel Benton,INDIVIDUAL,US,0.074,2025-09-16
ACC_100853,Jacob Kerr,INDIVIDUAL,US,0.271,2024-05-21
ACC_100854,Edward Murphy,INDIVIDUAL,SG,0.372,2025-02-17
ACC_100855,Roy Howard,INDIVIDUAL,US,0.399,2024-03-29
ACC_100856,Wright-Leblanc,CORPORATE,HK,0.311,2025-08-17
ACC_100857,Amy Stephens,INDIVIDUAL,TW,0.202,2025-07-02
ACC_100858,Selena Merritt,INDIVIDUAL,SG,0.084,2024-04-24
ACC_100859,Jacobs PLC,SHELL_COMPANY,US,0.858,2024-12-25
ACC_100860,Susan Nolan,INDIVIDUAL,US,0.355,2024-05-17
ACC_100861,Joshua Cole,INDIVIDUAL,US,0.205,2025-02-15
ACC_100862,Alicia Martinez,INDIVIDUAL,US,0.293,2025-04-16
ACC_100863,Kendra Perry,INDIVIDUAL,TW,0.366,2024-01-11
ACC_100864,Gomez LLC,CORPORATE,SG,0.066,2024-07-25
ACC_100865,Robin Bradford,INDIVIDUAL,SG,0.329,2024-11-25
ACC_100866,Robert Duncan,INDIVIDUAL,HK,0.153,2025-07-09
ACC_100867,Jason Huang,INDIVIDUAL,VG,0.794,2024-02-07
ACC_100868,Brandon English,INDIVIDUAL,US,0.101,2024-01-03
ACC_100869,Zachary Jacobs,INDIVIDUAL,HK,0.236,2023-10-27
ACC_100870,Fuller PLC,CORPORATE,GB,0.248,2024-06-09
ACC_100871,"Myers, King and Barrett",CORPORATE,US,0.327,2024-03-08
ACC_100872,Shawn Mack,INDIVIDUAL,HK,0.109,2024-06-18
ACC_100873,Eric Johnson,INDIVIDUAL,US,0.078,2025-03-19
ACC_100874,Peters-Moody,CORPORATE,US,0.355,2024-02-08
ACC_100875,Cheryl Webster,INDIVIDUAL,US,0.267,2025-09-18
ACC_100876,Nicholas Kim,INDIVIDUAL,US,0.134,2024-08-03
ACC_100877,Horton LLC,SHELL_COMPANY,KY,0.928,2025-02-03
ACC_100878,West-Leon,SHELL_COMPANY,HK,0.736,2024-11-10
ACC_100879,Jay Thompson,INDIVIDUAL,HK,0.211,2024-04-01
ACC_100880,Edward Ortega,INDIVIDUAL,KY,0.763,2024-11-06
ACC_100881,Lori Johnson,INDIVIDUAL,HK,0.139,2023-12-29
ACC_100882,Jordan Nicholson,INDIVIDUAL,US,0.053,2024-01-15
ACC_100883,Laura Robinson,INDIVIDUAL,HK,0.332,2023-12-24
ACC_100884,Edward Chaney,INDIVIDUAL,US,0.365,2025-04-03
ACC_100885,James Smith,INDIVIDUAL,GB,0.287,2024-10-15
ACC_100886,"Rosales, Curry and Stanley",CORPORATE,TW,0.105,2025-02-06
ACC_100887,Jenkins-Glover,CORPORATE,US,0.205,2025-02-01
ACC_100888,Dalton Clark,INDIVIDUAL,HK,0.171,2024-05-08
ACC_100889,Melissa Livingston,INDIVIDUAL,KY,0.847,2024-06-29
ACC_100890,Christina Ochoa,INDIVIDUAL,CN,0.274,2024-11-03
ACC_100891,Keith Scott,INDIVIDUAL,SG,0.199,2024-07-30
ACC_100892,Jennifer Williams,INDIVIDUAL,VG,0.763,2024-12-25
ACC_100893,Jennifer Thompson,INDIVIDUAL,SG,0.346,2024-07-09
ACC_100894,Steven Mcconnell,INDIVIDUAL,HK,0.12,2025-06-30
ACC_100895,Dennis Miller,INDIVIDUAL,GB,0.185,2024-08-20
ACC_100896,Alexandria Holt,INDIVIDUAL,SG,0.219,2024-02-11
ACC_100897,Jason Sims,INDIVIDUAL,US,0.133,2025-05-23
ACC_100898,Blake Riley,INDIVIDUAL,US,0.25,2024-03-29
ACC_100899,Jerry Romero,INDIVIDUAL,US,0.251,2024-12-19
ACC_100900,Lee-English,SHELL_COMPANY,GB,0.948,2025-01-17
ACC_100901,Jessica Riley,INDIVIDUAL,US,0.153,2023-11-21
ACC_100902,Ian Contreras,INDIVIDUAL,GB,0.392,2025-04-30
ACC_100903,Mary Mcintyre,INDIVIDUAL,US,0.28,2024-02-19
ACC_100904,Brandon Murphy,INDIVIDUAL,US,0.146,2025-06-25
ACC_100905,Tara Becker,INDIVIDUAL,GB,0.248,2023-12-08
ACC_100906,Alexander Murray,INDIVIDUAL,US,0.29,2025-03-01
ACC_100907,Erik Cabrera,INDIVIDUAL,TW,0.311,2025-09-15
ACC_100908,Melanie Dean,INDIVIDUAL,GB,0.067,2024-01-12
ACC_100909,Gary Riggs,INDIVIDUAL,US,0.262,2025-01-23
ACC_100910,Kyle Fletcher,INDIVIDUAL,US,0.224,2025-07-06
ACC_100911,Rebecca Newton,INDIVIDUAL,GB,0.366,2025-06-02
ACC_100912,Sharon Kennedy,INDIVIDUAL,HK,0.15,2024-09-16
ACC_100913,Jacob Garcia,INDIVIDUAL,TW,0.33,2025-04-10
ACC_100914,Coleman Ltd,CORPORATE,US,0.262,2025-07-05
ACC_100915,"Cooper, Flores and Lyons",SHELL_COMPANY,SG,0.788,2023-11-26
ACC_100916,Pamela Vaughn,INDIVIDUAL,GB,0.273,2025-01-26
ACC_100917,"Newton, Schroeder and Nelson",CORPORATE,SG,0.267,2025-06-21
ACC_100918,Joseph Scott,INDIVIDUAL,US,0.287,2025-05-11
ACC_100919,"Rodriguez, Smith and Anderson",CORPORATE,US,0.302,2024-06-04
ACC_100920,Laura Johnson,INDIVIDUAL,HK,0.281,2024-06-01
ACC_100921,Kristy Jones,INDIVIDUAL,SG,0.343,2024-07-05
ACC_100922,"Shepherd, Stafford and Ortega",CORPORATE,US,0.27,2024-01-03
ACC_100923,Matthew Barnes,INDIVIDUAL,US,0.366,2025-09-21
ACC_100924,"Schaefer, Velez and Green",CORPORATE,SG,0.276,2024-04-01
ACC_100925,Allison Pollard,INDIVIDUAL,KY,0.777,2025-01-03
ACC_100926,"Lewis, Valdez and Edwards",CORPORATE,KY,0.81,2024-07-05
ACC_100927,"Jackson, Bradley and Simpson",CORPORATE,US,0.253,2025-02-26
ACC_100928,Cooper Inc,CORPORATE,HK,0.306,2025-06-28
ACC_100929,Mccarthy and Sons,CORPORATE,GB,0.082,2025-06-29
ACC_100930,Simmons Ltd,CORPORATE,SG,0.153,2024-02-06
ACC_100931,Diana Villarreal,INDIVIDUAL,HK,0.312,2024-12-02
ACC_100932,"Frazier, White and Hall",SHELL_COMPANY,CN,0.744,2024-04-15
ACC_100933,Darrell Torres,INDIVIDUAL,US,0.096,2023-11-29
ACC_100934,Joel Baird,INDIVIDUAL,GB,0.239,2024-03-02
ACC_100935,Hale LLC,CORPORATE,US,0.39,2024-07-08
ACC_100936,Michael Larsen,INDIVIDUAL,KY,0.833,2024-11-29
ACC_100937,Mr. Eric Morrison MD,INDIVIDUAL,HK,0.37,2025-02-23
ACC_100938,Robert Smith,INDIVIDUAL,HK,0.341,2023-12-10
ACC_100939,Jack Castillo,INDIVIDUAL,SG,0.14,2024-04-22
ACC_100940,Nicholas Mays,INDIVIDUAL,VG,0.906,2023-12-17
ACC_100941,Marilyn Burke,INDIVIDUAL,GB,0.219,2024-07-26
ACC_100942,Mackenzie Becker,INDIVIDUAL,HK,0.332,2025-03-09
ACC_100943,Juan Sullivan,INDIVIDUAL,US,0.311,2025-03-25
ACC_100944,Kelsey Turner,INDIVIDUAL,TW,0.169,2025-01-16
ACC_100945,Jessica Hall,INDIVIDUAL,HK,0.09,2024-03-04
ACC_100946,"Diaz, Mays and Gentry",CORPORATE,US,0.387,2025-08-23
ACC_100947,Kathleen Holmes,INDIVIDUAL,GB,0.099,2025-01-11
ACC_100948,Tammy Blake,INDIVIDUAL,US,0.388,2024-05-16
ACC_100949,Zachary Phillips,INDIVIDUAL,GB,0.351,2023-12-08
ACC_100950,Dr. David Hamilton,INDIVIDUAL,US,0.303,2024-12-11
ACC_100951,Gomez and Sons,CORPORATE,US,0.393,2024-04-06
ACC_100952,Natasha Howard,INDIVIDUAL,US,0.389,2024-10-31
ACC_100953,"Frazier, Torres and Ramos",SHELL_COMPANY,US,0.901,2025-02-19
ACC_100954,Brandy Schneider,INDIVIDUAL,US,0.178,2024-03-08
ACC_100955,Mia Vargas,INDIVIDUAL,VG,0.898,2024-02-10
ACC_100956,Hayes-Daniels,SHELL_COMPANY,US,0.703,2025-02-22
ACC_100957,Justin Cox MD,INDIVIDUAL,GB,0.238,2024-01-16
ACC_100958,"Patterson, Mclaughlin and Rice",CORPORATE,SG,0.209,2025-08-04
ACC_100959,Anthony Lane MD,INDIVIDUAL,HK,0.285,2024-06-26
ACC_100960,Jay Salazar,INDIVIDUAL,US,0.285,2024-05-21
ACC_100961,Danny Krueger,INDIVIDUAL,US,0.255,2025-07-28
ACC_100962,Duncan Ltd,CORPORATE,US,0.338,2024-04-28
ACC_100963,Stacy Miller,INDIVIDUAL,HK,0.379,2024-12-08
ACC_100964,Richard Saunders,INDIVIDUAL,US,0.088,2024-10-11
ACC_100965,Gina Cole,INDIVIDUAL,SG,0.132,2025-03-24
ACC_100966,Kelsey Jackson,INDIVIDUAL,SG,0.059,2025-02-23
ACC_100967,Jacqueline Proctor,INDIVIDUAL,KY,0.921,2024-07-13
ACC_100968,Glenn Duran,INDIVIDUAL,KY,0.84,2024-10-25
ACC_100969,Emily Williams,INDIVIDUAL,US,0.37,2025-07-30
ACC_100970,Daniel Robinson,INDIVIDUAL,US,0.127,2024-07-24
ACC_100971,"Wood, Martinez and Wilson",CORPORATE,GB,0.072,2023-12-11
ACC_100972,"Galvan, Hall and Anderson",CORPORATE,HK,0.338,2025-03-16
ACC_100973,Chris Hunter,INDIVIDUAL,US,0.368,2023-11-02
ACC_100974,Mark Diaz,INDIVIDUAL,HK,0.156,2024-08-11
ACC_100975,Jonathan Patrick,INDIVIDUAL,US,0.193,2023-10-15
ACC_100976,Kevin Norris,INDIVIDUAL,GB,0.099,2025-08-29
ACC_100977,"Scott, White and Trujillo",SHELL_COMPANY,CN,0.937,2025-02-14
ACC_100978,Amy Griffin,INDIVIDUAL,HK,0.157,2024-02-15
ACC_100979,Jessica Ramirez,INDIVIDUAL,GB,0.222,2023-12-20
ACC_100980,Raymond Miller,INDIVIDUAL,HK,0.084,2025-06-21
ACC_100981,Collins-Mitchell,CORPORATE,US,0.361,2024-12-09
ACC_100982,Ryan Hurley,INDIVIDUAL,SG,0.097,2025-07-27
ACC_100983,Wayne Lin,INDIVIDUAL,US,0.209,2024-10-17
ACC_100984,Steven Moore,INDIVIDUAL,US,0.285,2025-07-28
ACC_100985,Paul Tucker,INDIVIDUAL,KY,0.886,2025-06-08
ACC_100986,Nicholas Morgan,INDIVIDUAL,HK,0.381,2025-07-11
ACC_100987,Cheryl Ingram,INDIVIDUAL,CN,0.197,2025-02-15
ACC_100988,Jacqueline Doyle,INDIVIDUAL,HK,0.31,2023-11-10
ACC_100989,Wilson LLC,CORPORATE,KY,0.739,2023-10-20
ACC_100990,Jose Robinson,INDIVIDUAL,KY,0.804,2024-09-14
ACC_100991,Antonio Chan,INDIVIDUAL,HK,0.085,2024-10-20
ACC_100992,James May,INDIVIDUAL,US,0.221,2025-02-22
ACC_100993,Mr. Donald Alexander,INDIVIDUAL,HK,0.193,2024-04-15
ACC_100994,Ruth Clark,INDIVIDUAL,GB,0.383,2023-11-04
ACC_100995,Zhang-Larson,CORPORATE,US,0.061,2025-08-19
ACC_100996,Randy Perkins,INDIVIDUAL,US,0.18,2025-09-06
ACC_100997,Brock-Francis,CORPORATE,SG,0.205,2025-09-17
ACC_100998,Sosa LLC,SHELL_COMPANY,US,0.938,2024-06-19
ACC_100999,Kathy Gill,INDIVIDUAL,US,0.349,2024-11-19
ACC_101000,Jaime Chambers,INDIVIDUAL,US,0.085,2025-05-17
ACC_101001,"Wheeler, Stevens and Jackson",CORPORATE,US,0.29,2024-09-02
ACC_101002,Nicholas Long,INDIVIDUAL,GB,0.241,2024-08-02
ACC_101003,Joseph Stewart,INDIVIDUAL,GB,0.392,2025-01-15
ACC_101004,Adam Saunders,INDIVIDUAL,HK,0.176,2025-02-19
ACC_101005,Jack Morgan,INDIVIDUAL,US,0.189,2024-04-25
ACC_101006,Kirk Ltd,CORPORATE,US,0.116,2025-03-13
ACC_101007,Ashley Christensen,INDIVIDUAL,HK,0.093,2024-03-07
ACC_101008,Valerie Ford,INDIVIDUAL,VG,0.912,2024-05-22
ACC_101009,Stephen Pittman,INDIVIDUAL,SG,0.209,2024-09-06
ACC_101010,"Marshall, Sanchez and Flores",SHELL_COMPANY,SG,0.866,2024-09-17
ACC_101011,Miller PLC,CORPORATE,US,0.275,2025-07-19
ACC_101012,Jennifer Winters,INDIVIDUAL,US,0.259,2024-12-05
ACC_101013,Jessica Gomez,INDIVIDUAL,TW,0.057,2024-06-21
ACC_101014,Megan Harding,INDIVIDUAL,SG,0.325,2025-08-29
ACC_101015,Michael Jordan,INDIVIDUAL,SG,0.135,2024-06-22
ACC_101016,Brian Tyler,INDIVIDUAL,TW,0.094,2024-10-03
ACC_101017,Judy Henry,INDIVIDUAL,US,0.248,2025-08-16
ACC_101018,Susan Beard,INDIVIDUAL,US,0.074,2024-04-29
ACC_101019,Nicholas Ruiz,INDIVIDUAL,US,0.318,2025-06-17
ACC_101020,Tucker Inc,CORPORATE,SG,0.123,2023-10-28
ACC_101021,Desiree Mayo,INDIVIDUAL,US,0.126,2025-03-19
ACC_101022,Jenkins-Walsh,CORPORATE,GB,0.354,2024-10-13
ACC_101023,Katherine Ramos,INDIVIDUAL,GB,0.165,2024-12-31
ACC_101024,Jessica King,INDIVIDUAL,US,0.102,2024-12-05
ACC_101025,Mr. Ryan Yates,INDIVIDUAL,HK,0.365,2024-12-11
ACC_101026,Charles Ortiz Jr.,INDIVIDUAL,CN,0.051,2024-09-01
ACC_101027,"Brown, Washington and Salas",CORPORATE,SG,0.35,2025-06-29
ACC_101028,Daniel Spencer,INDIVIDUAL,HK,0.101,2024-03-06
ACC_101029,Christina Miller,INDIVIDUAL,HK,0.095,2024-01-15
ACC_101030,Stephanie Rivera,INDIVIDUAL,HK,0.138,2025-02-18
ACC_101031,Mcdonald Group,CORPORATE,HK,0.111,2025-08-22
ACC_101032,Nicole Lopez,INDIVIDUAL,GB,0.281,2023-11-23
ACC_101033,Jordan Fischer,INDIVIDUAL,US,0.059,2025-10-04
ACC_101034,Larry Knapp,INDIVIDUAL,US,0.055,2025-06-24
ACC_101035,Taylor Group,CORPORATE,HK,0.326,2024-03-06
ACC_101036,Michael Hansen,INDIVIDUAL,VG,0.759,2024-04-16
ACC_101037,Caldwell-Gray,CORPORATE,VG,0.781,2025-01-31
ACC_101038,Edward Reed,INDIVIDUAL,HK,0.111,2024-11-13
ACC_101039,Lopez-Phillips,SHELL_COMPANY,GB,0.713,2024-04-13
ACC_101040,Matthew Martinez,INDIVIDUAL,US,0.31,2024-08-26
ACC_101041,Jorge Romero,INDIVIDUAL,CN,0.234,2025-03-14
ACC_101042,Robin Vega,INDIVIDUAL,HK,0.311,2024-06-10
ACC_101043,Carrie Reeves,INDIVIDUAL,SG,0.217,2025-07-04
ACC_101044,"James, Chaney and Walker",CORPORATE,US,0.322,2025-03-28
ACC_101045,Chan-Steele,CORPORATE,TW,0.23,2024-06-01
ACC_101046,Angela Ramirez,INDIVIDUAL,HK,0.088,2024-11-06
ACC_101047,Andrew Anderson,INDIVIDUAL,GB,0.226,2024-02-03
ACC_101048,Peter Farley,INDIVIDUAL,SG,0.381,2024-09-24
ACC_101049,Petersen-Pace,CORPORATE,US,0.065,2025-05-14
ACC_101050,Downs-Cortez,CORPORATE,HK,0.324,2025-01-19
ACC_101051,Ashley Armstrong,INDIVIDUAL,SG,0.353,2024-12-28
ACC_101052,"Evans, Rodriguez and Reed",CORPORATE,US,0.233,2024-06-09
ACC_101053,"Bernard, Clark and Young",CORPORATE,CN,0.21,2024-03-07
ACC_101054,Alexander Bradford,INDIVIDUAL,TW,0.387,2025-01-24
ACC_101055,Kimberly Trujillo,INDIVIDUAL,US,0.071,2025-04-15
ACC_101056,Michael Chavez,INDIVIDUAL,VG,0.82,2024-12-21
ACC_101057,Elizabeth King,INDIVIDUAL,US,0.191,2024-11-29
ACC_101058,Alexandra Hamilton,INDIVIDUAL,SG,0.29,2024-12-28
ACC_101059,Paul Walker,INDIVIDUAL,VG,0.823,2025-01-14
ACC_101060,Jones-Gordon,CORPORATE,HK,0.368,2025-09-10
ACC_101061,Prince LLC,SHELL_COMPANY,HK,0.718,2025-02-10
ACC_101062,Terry-Jones,SHELL_COMPANY,SG,0.72,2025-05-19
ACC_101063,Sarah Miller,INDIVIDUAL,US,0.263,2024-10-03
ACC_101064,Park-Strong,CORPORATE,HK,0.073,2023-10-31
ACC_101065,Laura Brooks MD,INDIVIDUAL,US,0.146,2023-12-24
ACC_101066,Victor Chambers,INDIVIDUAL,HK,0.272,2024-12-01
ACC_101067,Amy Parker,INDIVIDUAL,VG,0.837,2024-02-06
ACC_101068,Steven Sanders,INDIVIDUAL,GB,0.164,2024-08-31
ACC_101069,Catherine Allen,INDIVIDUAL,VG,0.949,2024-11-18
ACC_101070,Hansen LLC,CORPORATE,HK,0.236,2025-06-14
ACC_101071,Debbie Weber,INDIVIDUAL,US,0.209,2024-07-05
ACC_101072,Mr. Thomas Lee,INDIVIDUAL,KY,0.851,2025-04-25
ACC_101073,Matthew Dillon,INDIVIDUAL,US,0.085,2024-07-09
ACC_101074,Robin Horne,INDIVIDUAL,KY,0.875,2024-09-25
ACC_101075,William Jones MD,INDIVIDUAL,US,0.348,2023-11-23
ACC_101076,Gregory Russo,INDIVIDUAL,KY,0.863,2024-12-04
ACC_101077,Brittney Johnson,INDIVIDUAL,US,0.319,2025-01-14
ACC_101078,Christine Spence,INDIVIDUAL,US,0.302,2024-05-09
ACC_101079,Nathaniel Parsons,INDIVIDUAL,GB,0.125,2024-07-22
ACC_101080,Kathleen Horne,INDIVIDUAL,SG,0.208,2024-06-18
ACC_101081,Samantha Franklin,INDIVIDUAL,KY,0.757,2023-11-01
ACC_101082,Jonathon Lewis,INDIVIDUAL,TW,0.169,2025-06-25
ACC_101083,Daniel Espinoza,INDIVIDUAL,US,0.209,2025-02-25
ACC_101084,Katelyn Harper,INDIVIDUAL,US,0.196,2023-12-08
ACC_101085,Michael Haney,INDIVIDUAL,US,0.083,2024-08-23
ACC_101086,Jason Adams,INDIVIDUAL,VG,0.807,2025-05-17
ACC_101087,Jessica Holden,INDIVIDUAL,KY,0.866,2025-02-21
ACC_101088,Lori Lynch,INDIVIDUAL,SG,0.181,2024-06-09
ACC_101089,Ronald Everett,INDIVIDUAL,HK,0.103,2024-02-21
ACC_101090,Cynthia Pugh,INDIVIDUAL,US,0.373,2025-03-31
ACC_101091,Michelle Armstrong,INDIVIDUAL,US,0.073,2024-11-01
ACC_101092,Rachel Graham,INDIVIDUAL,CN,0.341,2025-06-29
ACC_101093,Kirk-Wu,CORPORATE,GB,0.083,2024-06-18
ACC_101094,"Bautista, Bryant and Burgess",CORPORATE,SG,0.084,2025-02-09
ACC_101095,Jonathan Joseph,INDIVIDUAL,CN,0.309,2024-01-02
ACC_101096,Eric Dyer,INDIVIDUAL,SG,0.334,2024-03-07
ACC_101097,Holly Newman,INDIVIDUAL,HK,0.245,2023-10-28
ACC_101098,Robin Becker,INDIVIDUAL,VG,0.847,2024-12-06
ACC_101099,Amanda Acosta,INDIVIDUAL,US,0.247,2024-06-17
ACC_101100,Stokes LLC,SHELL_COMPANY,US,0.782,2024-11-08
ACC_101101,Tracy Lopez,INDIVIDUAL,US,0.093,2024-05-30
ACC_101102,Randall Larsen,INDIVIDUAL,CN,0.174,2025-05-19
ACC_101103,Rachel Odom,INDIVIDUAL,VG,0.866,2024-04-26
ACC_101104,Anna Smith,INDIVIDUAL,CN,0.313,2024-02-21
ACC_101105,Schaefer-Mccoy,CORPORATE,KY,0.917,2024-11-05
ACC_101106,Rebecca Hanson,INDIVIDUAL,TW,0.302,2024-02-06
ACC_101107,Connie Johnson,INDIVIDUAL,US,0.389,2024-08-27
ACC_101108,"Morris, Johnson and Moore",CORPORATE,US,0.26,2025-02-05
ACC_101109,"Johnson, Reed and Hanson",CORPORATE,US,0.173,2025-04-25
ACC_101110,Matthew Rodriguez,INDIVIDUAL,HK,0.252,2024-01-15
ACC_101111,Jennifer Jackson,INDIVIDUAL,US,0.124,2023-10-29
ACC_101112,Joshua Murillo,INDIVIDUAL,HK,0.28,2025-01-22
ACC_101113,Elizabeth White,INDIVIDUAL,SG,0.128,2025-07-25
ACC_101114,Terri Johnson,INDIVIDUAL,US,0.088,2025-09-19
ACC_101115,Jonathan Rodriguez,INDIVIDUAL,US,0.346,2025-01-11
ACC_101116,Reyes-Thomas,CORPORATE,VG,0.792,2024-06-12
ACC_101117,Ronald Johnson,INDIVIDUAL,SG,0.317,2025-05-08
ACC_101118,"Knight, Garrison and Jones",CORPORATE,US,0.251,2025-09-14
ACC_101119,Patricia Boyer,INDIVIDUAL,US,0.333,2025-08-30
ACC_101120,"Yoder, Fisher and Bates",CORPORATE,US,0.346,2024-03-30
ACC_101121,Caitlin Wilson,INDIVIDUAL,TW,0.391,2025-02-19
ACC_101122,King-Evans,CORPORATE,HK,0.336,2025-02-02
ACC_101123,Joan Rodriguez,INDIVIDUAL,KY,0.853,2023-11-14
ACC_101124,Erin Ramirez,INDIVIDUAL,US,0.275,2024-11-14
ACC_101125,Elaine Boyd,INDIVIDUAL,CN,0.059,2023-10-06
ACC_101126,Christina Tran,INDIVIDUAL,KY,0.932,2023-10-26
ACC_101127,"Munoz, Roberson and Hudson",CORPORATE,SG,0.34,2023-10-13
ACC_101128,Karen Barrett,INDIVIDUAL,HK,0.144,2025-02-26
ACC_101129,Brandon Little,INDIVIDUAL,HK,0.113,2025-06-23
ACC_101130,Malone and Sons,CORPORATE,SG,0.296,2024-04-05
ACC_101131,"Williams, Davis and Shaw",CORPORATE,HK,0.158,2025-02-26
ACC_101132,Martin Green,INDIVIDUAL,SG,0.169,2024-06-14
ACC_101133,Dr. Michael Scott,INDIVIDUAL,GB,0.052,2025-06-20
ACC_101134,Sarah Terry,INDIVIDUAL,HK,0.354,2023-10-13
ACC_101135,Jennifer Byrd,INDIVIDUAL,US,0.248,2025-09-19
ACC_101136,Leslie Luna,INDIVIDUAL,SG,0.19,2025-09-22
ACC_101137,Carney-Decker,SHELL_COMPANY,SG,0.735,2025-04-15
ACC_101138,Renee Henson,INDIVIDUAL,HK,0.272,2023-10-23
ACC_101139,Jack Lewis,INDIVIDUAL,US,0.061,2025-08-31
ACC_101140,Richard Ramos,INDIVIDUAL,US,0.311,2023-11-28
ACC_101141,Jennifer Scott,INDIVIDUAL,US,0.125,2024-12-06
ACC_101142,David Hernandez,INDIVIDUAL,US,0.197,2024-03-18
ACC_101143,"Walker, Jimenez and Lee",SHELL_COMPANY,US,0.785,2025-08-30
ACC_101144,Mark Davidson,INDIVIDUAL,US,0.18,2024-04-20
ACC_101145,Gary Stanley,INDIVIDUAL,US,0.303,2024-05-16
ACC_101146,Natasha Jackson,INDIVIDUAL,HK,0.322,2023-11-27
ACC_101147,Jose Sims,INDIVIDUAL,US,0.249,2024-06-18
ACC_101148,Crystal Haney,INDIVIDUAL,US,0.08,2024-08-22
ACC_101149,Stephanie Anderson,INDIVIDUAL,US,0.068,2024-11-07
ACC_101150,"Brewer, Garcia and Mcgee",CORPORATE,SG,0.105,2024-01-14
ACC_101151,Joshua Kelly,INDIVIDUAL,US,0.266,2023-10-21
ACC_101152,"Stephenson, Rivera and Harmon",CORPORATE,US,0.286,2024-05-18
ACC_101153,Gregory Williams,INDIVIDUAL,SG,0.145,2024-03-26
ACC_101154,Ryan Ballard,INDIVIDUAL,US,0.282,2025-01-13
ACC_101155,Kenneth Kennedy,INDIVIDUAL,VG,0.821,2024-05-26
ACC_101156,Jennifer Douglas,INDIVIDUAL,GB,0.205,2025-02-08
ACC_101157,"Watson, Garcia and Mcmillan",SHELL_COMPANY,US,0.768,2025-07-20
ACC_101158,Matthew Cantu,INDIVIDUAL,US,0.314,2025-08-26
ACC_101159,Robert Mora,INDIVIDUAL,HK,0.09,2024-07-15
ACC_101160,Alvarado-Adams,CORPORATE,GB,0.2,2025-04-06
ACC_101161,Michael Perry,INDIVIDUAL,US,0.149,2024-09-21
ACC_101162,"Spears, Larsen and Haynes",CORPORATE,TW,0.287,2025-05-11
ACC_101163,Stafford and Sons,CORPORATE,US,0.22,2024-01-09
ACC_101164,Curtis Fowler,INDIVIDUAL,US,0.283,2023-10-09
ACC_101165,Wendy Douglas,INDIVIDUAL,US,0.066,2024-11-11
ACC_101166,Zachary Robinson,INDIVIDUAL,SG,0.188,2025-03-31
ACC_101167,Vincent Moreno,INDIVIDUAL,US,0.26,2025-05-20
ACC_101168,David Ray,INDIVIDUAL,US,0.053,2024-08-13
ACC_101169,Kyle Christensen,INDIVIDUAL,HK,0.155,2025-03-27
ACC_101170,Walls-Jackson,CORPORATE,US,0.124,2024-01-16
ACC_101171,Rebecca Guerrero,INDIVIDUAL,US,0.098,2025-03-16
ACC_101172,Trevino Group,CORPORATE,SG,0.139,2023-11-14
ACC_101173,Roy Stewart,INDIVIDUAL,US,0.165,2024-01-10
ACC_101174,Tami Cherry,INDIVIDUAL,US,0.053,2024-12-25
ACC_101175,Joseph Barajas,INDIVIDUAL,CN,0.311,2023-10-10
ACC_101176,Lauren Cisneros,INDIVIDUAL,VG,0.744,2024-03-08
ACC_101177,Caitlin Moore,INDIVIDUAL,US,0.183,2025-06-06
ACC_101178,"Delgado, Fisher and Martinez",CORPORATE,US,0.296,2024-09-29
ACC_101179,Christopher Lee,INDIVIDUAL,US,0.225,2024-09-03
ACC_101180,William Pena,INDIVIDUAL,HK,0.342,2023-10-06
ACC_101181,Wendy Vega,INDIVIDUAL,HK,0.332,2024-03-26
ACC_101182,Olivia Sanford,INDIVIDUAL,US,0.075,2024-03-07
ACC_101183,Larry Rivera,INDIVIDUAL,SG,0.352,2025-08-10
ACC_101184,Monica Kelly,INDIVIDUAL,GB,0.065,2025-03-11
ACC_101185,Kimberly Peters,INDIVIDUAL,KY,0.705,2025-08-17
ACC_101186,Ryan Ortega,INDIVIDUAL,HK,0.372,2025-08-06
ACC_101187,Carrie Morgan,INDIVIDUAL,US,0.352,2025-01-15
ACC_101188,Julia Clayton,INDIVIDUAL,GB,0.252,2025-04-11
ACC_101189,Stephanie Boyd,INDIVIDUAL,GB,0.251,2025-01-15
ACC_101190,Johnson Group,CORPORATE,VG,0.877,2024-01-20
ACC_101191,"Ramirez, Casey and Wells",CORPORATE,HK,0.196,2025-06-02
ACC_101192,Christopher Johnson,INDIVIDUAL,SG,0.09,2024-09-11
ACC_101193,Jeremy Munoz,INDIVIDUAL,SG,0.057,2023-12-16
ACC_101194,Emma Cummings,INDIVIDUAL,SG,0.164,2024-08-28
ACC_101195,Marcus Goodman,INDIVIDUAL,US,0.33,2025-06-01
ACC_101196,Brian Kim,INDIVIDUAL,US,0.266,2025-09-24
ACC_101197,Reyes and Sons,CORPORATE,US,0.341,2025-06-15
ACC_101198,James Stevens,INDIVIDUAL,US,0.372,2025-03-20
ACC_101199,Randy Grant,INDIVIDUAL,SG,0.081,2023-10-27
ACC_101200,David Jensen,INDIVIDUAL,US,0.346,2024-10-31
ACC_101201,Dylan Mullins,INDIVIDUAL,US,0.135,2024-10-31
ACC_101202,Michael Young,INDIVIDUAL,SG,0.256,2024-03-04
ACC_101203,Douglas Mcgee,INDIVIDUAL,US,0.233,2025-02-10
ACC_101204,"Henry, Nunez and Jones",SHELL_COMPANY,HK,0.799,2024-04-08
ACC_101205,Meredith Allen,INDIVIDUAL,US,0.159,2024-12-21
ACC_101206,Joel Reeves,INDIVIDUAL,US,0.169,2025-09-30
ACC_101207,Heather Miller,INDIVIDUAL,TW,0.167,2025-01-17
ACC_101208,Dawn Frost,INDIVIDUAL,US,0.109,2023-11-04
ACC_101209,Matthew Franklin,INDIVIDUAL,US,0.229,2024-09-12
ACC_101210,Madison Taylor,INDIVIDUAL,US,0.09,2024-06-07
ACC_101211,Mcclure LLC,CORPORATE,HK,0.228,2025-06-18
ACC_101212,Andrew Phillips,INDIVIDUAL,CN,0.367,2024-09-18
ACC_101213,Joel Mcdowell,INDIVIDUAL,TW,0.172,2024-09-05
ACC_101214,Jodi Newman,INDIVIDUAL,VG,0.882,2024-10-26
ACC_101215,Connie Orr,INDIVIDUAL,KY,0.905,2024-02-02
ACC_101216,"Lucas, Roberts and Franklin",SHELL_COMPANY,US,0.904,2025-08-08
ACC_101217,Lee Inc,SHELL_COMPANY,US,0.759,2025-09-29
ACC_101218,Ashley Tran,INDIVIDUAL,US,0.101,2024-07-02
ACC_101219,James Rice,INDIVIDUAL,US,0.119,2024-10-06
ACC_101220,Alexis Valenzuela,INDIVIDUAL,HK,0.261,2024-05-29
ACC_101221,Stokes Inc,CORPORATE,KY,0.89,2025-05-24
ACC_101222,Tonya Schwartz,INDIVIDUAL,US,0.279,2024-06-02
ACC_101223,Jesse Oneal,INDIVIDUAL,US,0.112,2024-01-17
ACC_101224,Margaret Garcia,INDIVIDUAL,US,0.32,2024-08-27
ACC_101225,Jennifer Smith,INDIVIDUAL,TW,0.223,2023-10-13
ACC_101226,Christopher White,INDIVIDUAL,US,0.314,2025-07-06
ACC_101227,Joshua Hunter,INDIVIDUAL,US,0.316,2025-02-27
ACC_101228,Michael Mitchell,INDIVIDUAL,SG,0.207,2025-02-13
ACC_101229,Ruth Warren,INDIVIDUAL,HK,0.373,2025-02-24
ACC_101230,Johns Group,SHELL_COMPANY,VG,0.841,2025-07-12
ACC_101231,Alan Rodriguez,INDIVIDUAL,SG,0.272,2024-01-31
ACC_101232,Robert Black,INDIVIDUAL,US,0.269,2023-12-14
ACC_101233,Jodi Gonzales,INDIVIDUAL,US,0.352,2024-07-22
ACC_101234,Jordan Williams,INDIVIDUAL,HK,0.27,2025-03-31
ACC_101235,Stephen Dunlap,INDIVIDUAL,TW,0.103,2024-06-09
ACC_101236,"Williams, Hall and Olson",CORPORATE,GB,0.074,2023-10-18
ACC_101237,Thomas Washington,INDIVIDUAL,VG,0.811,2024-08-17
ACC_101238,Kristen Kramer,INDIVIDUAL,GB,0.156,2024-11-12
ACC_101239,Gerald Valdez,INDIVIDUAL,GB,0.146,2025-07-28
ACC_101240,Wesley Turner,INDIVIDUAL,VG,0.714,2025-02-02
ACC_101241,Williams Inc,CORPORATE,US,0.228,2023-11-25
ACC_101242,Christina Boyd,INDIVIDUAL,TW,0.159,2025-07-12
ACC_101243,Megan Howard,INDIVIDUAL,VG,0.813,2025-04-11
ACC_101244,Sara Ramirez,INDIVIDUAL,US,0.07,2024-02-03
ACC_101245,Jonathan Stephens,INDIVIDUAL,US,0.341,2024-09-29
ACC_101246,"Martinez, Smith and Moore",CORPORATE,US,0.077,2023-12-31
ACC_101247,James Cook,INDIVIDUAL,HK,0.352,2025-06-15
ACC_101248,Marcus Soto,INDIVIDUAL,VG,0.914,2023-11-09
ACC_101249,Stein Inc,SHELL_COMPANY,HK,0.854,2024-07-09
ACC_101250,"Rodriguez, Ortiz and Farley",CORPORATE,GB,0.227,2024-02-27
ACC_101251,Matthew Ellis,INDIVIDUAL,TW,0.212,2024-04-14
ACC_101252,Daniel Martinez,INDIVIDUAL,US,0.244,2025-09-16
ACC_101253,"Vazquez, Thomas and Solis",CORPORATE,HK,0.327,2025-01-10
ACC_101254,Williams-Nelson,CORPORATE,VG,0.924,2025-09-04
ACC_101255,Suzanne Jackson,INDIVIDUAL,VG,0.812,2025-04-27
ACC_101256,Michael Murphy,INDIVIDUAL,HK,0.333,2024-09-03
ACC_101257,Stephanie Huff,INDIVIDUAL,CN,0.278,2025-07-16
ACC_101258,Brandon Hickman,INDIVIDUAL,HK,0.163,2025-02-04
ACC_101259,Christina Ortega,INDIVIDUAL,GB,0.216,2024-04-16
ACC_101260,Zachary Chandler,INDIVIDUAL,US,0.103,2025-08-12
ACC_101261,Timothy Smith,INDIVIDUAL,US,0.072,2025-02-14
ACC_101262,"Watson, Malone and Daniel",CORPORATE,US,0.086,2023-11-12
ACC_101263,Aaron Hernandez,INDIVIDUAL,TW,0.365,2023-10-26
ACC_101264,Melissa Adams,INDIVIDUAL,TW,0.17,2025-06-08
ACC_101265,Anthony Diaz,INDIVIDUAL,KY,0.879,2025-07-27
ACC_101266,Debbie Jefferson,INDIVIDUAL,US,0.227,2023-10-09
ACC_101267,Christopher Olson,INDIVIDUAL,KY,0.743,2024-03-25
ACC_101268,Eric Frost,INDIVIDUAL,US,0.137,2025-06-12
ACC_101269,Clark-Lin,CORPORATE,GB,0.203,2024-02-23
ACC_101270,Phillip Bennett,INDIVIDUAL,GB,0.204,2025-02-03
ACC_101271,Porter Inc,CORPORATE,SG,0.233,2025-05-06
ACC_101272,Kathleen Singh,INDIVIDUAL,HK,0.106,2024-02-21
ACC_101273,Mary Patel,INDIVIDUAL,HK,0.18,2025-03-26
ACC_101274,Brittany Walker,INDIVIDUAL,US,0.149,2025-02-23
ACC_101275,Susan Rodriguez,INDIVIDUAL,US,0.193,2025-05-25
ACC_101276,Brooks PLC,CORPORATE,CN,0.168,2024-09-08
ACC_101277,Elizabeth Kelly,INDIVIDUAL,TW,0.259,2024-07-23
ACC_101278,Paul Miller,INDIVIDUAL,US,0.326,2024-06-12
ACC_101279,Steven Chen,INDIVIDUAL,HK,0.277,2024-01-05
ACC_101280,Sandoval-Roach,CORPORATE,GB,0.073,2024-02-20
ACC_101281,Patricia Anderson,INDIVIDUAL,US,0.083,2023-10-16
ACC_101282,Gregory Roth,INDIVIDUAL,US,0.287,2024-11-29
ACC_101283,Anna Baker,INDIVIDUAL,US,0.149,2024-02-22
ACC_101284,Parsons and Sons,CORPORATE,CN,0.303,2024-10-25
ACC_101285,Cassandra Dixon,INDIVIDUAL,CN,0.28,2024-02-26
ACC_101286,Taylor Chaney,INDIVIDUAL,HK,0.367,2024-02-07
ACC_101287,Stephen Whitney,INDIVIDUAL,SG,0.356,2024-06-27
ACC_101288,"Holt, Davis and Johnston",SHELL_COMPANY,SG,0.783,2025-01-14
ACC_101289,Chad Wang,INDIVIDUAL,SG,0.254,2024-11-05
ACC_101290,Brian Bush,INDIVIDUAL,VG,0.735,2024-11-05
ACC_101291,Brooke Simmons,INDIVIDUAL,HK,0.172,2025-03-10
ACC_101292,Brian Gallegos,INDIVIDUAL,SG,0.389,2024-04-18
ACC_101293,Christy Mann,INDIVIDUAL,SG,0.294,2024-10-27
ACC_101294,Alan Castillo,INDIVIDUAL,GB,0.187,2025-06-22
ACC_101295,"Perkins, Gaines and Hayes",CORPORATE,KY,0.849,2025-01-24
ACC_101296,Ashley Buchanan,INDIVIDUAL,HK,0.378,2023-12-01
ACC_101297,Emily House,INDIVIDUAL,GB,0.158,2025-04-25
ACC_101298,Katherine Pena,INDIVIDUAL,HK,0.182,2024-04-14
ACC_101299,Richard Morris,INDIVIDUAL,US,0.327,2024-02-24
ACC_101300,David Valenzuela,INDIVIDUAL,US,0.335,2024-07-03
ACC_101301,Charles Sullivan,INDIVIDUAL,US,0.285,2024-09-28
ACC_101302,Michael Black,INDIVIDUAL,HK,0.34,2025-03-23
ACC_101303,Gail Jackson,INDIVIDUAL,US,0.309,2024-05-17
ACC_101304,Jessica Moore,INDIVIDUAL,US,0.29,2024-10-10
ACC_101305,Barrera-Cole,CORPORATE,US,0.234,2024-10-23
ACC_101306,Briana Miller,INDIVIDUAL,GB,0.276,2025-05-05
ACC_101307,Kyle Johnson,INDIVIDUAL,US,0.198,2024-03-18
ACC_101308,Adriana Martin,INDIVIDUAL,US,0.177,2024-02-20
ACC_101309,Morrison Group,CORPORATE,US,0.177,2023-12-22
ACC_101310,Rosales-Rios,CORPORATE,VG,0.745,2025-03-16
ACC_101311,Alex Riddle,INDIVIDUAL,CN,0.125,2024-09-24
ACC_101312,Robin Nixon,INDIVIDUAL,TW,0.382,2023-11-26
ACC_101313,Adam Davidson,INDIVIDUAL,SG,0.22,2025-06-17
ACC_101314,Benjamin Blanchard,INDIVIDUAL,US,0.129,2024-10-18
ACC_101315,Angela James,INDIVIDUAL,GB,0.098,2025-07-28
ACC_101316,Benjamin Santiago,INDIVIDUAL,US,0.077,2025-09-09
ACC_101317,Barry Hopkins,INDIVIDUAL,SG,0.346,2025-07-09
ACC_101318,Smith Inc,SHELL_COMPANY,GB,0.725,2024-08-29
ACC_101319,Webb Inc,SHELL_COMPANY,GB,0.893,2025-01-10
ACC_101320,William Davis,INDIVIDUAL,US,0.342,2025-09-21
ACC_101321,Gutierrez Inc,CORPORATE,SG,0.359,2025-09-08
ACC_101322,Justin Lamb,INDIVIDUAL,US,0.063,2024-03-22
ACC_101323,"Wright, Tran and Allen",SHELL_COMPANY,HK,0.784,2024-10-15
ACC_101324,Gregory White,INDIVIDUAL,HK,0.318,2023-10-29
ACC_101325,Jonathan Hunter,INDIVIDUAL,US,0.096,2025-08-02
ACC_101326,Bradley Andrews,INDIVIDUAL,US,0.182,2025-09-25
ACC_101327,"Long, White and Brown",CORPORATE,HK,0.107,2024-02-15
ACC_101328,Romero-Nguyen,CORPORATE,VG,0.908,2025-05-18
ACC_101329,Thomas Martinez,INDIVIDUAL,SG,0.32,2025-09-28
ACC_101330,Latoya Kelly,INDIVIDUAL,VG,0.902,2024-02-13
ACC_101331,Anthony Miller,INDIVIDUAL,SG,0.108,2023-10-28
ACC_101332,Erica Jones,INDIVIDUAL,US,0.203,2024-11-05
ACC_101333,Julie Sutton,INDIVIDUAL,SG,0.194,2023-11-13
ACC_101334,Mrs. Whitney Lee,INDIVIDUAL,US,0.287,2024-06-21
ACC_101335,Steven Parker,INDIVIDUAL,US,0.133,2023-11-19
ACC_101336,Sarah Erickson,INDIVIDUAL,US,0.205,2024-06-04
ACC_101337,"Jenkins, Haley and Bradley",CORPORATE,US,0.15,2024-11-23
ACC_101338,Michael Valenzuela,INDIVIDUAL,US,0.312,2024-03-25
ACC_101339,Samuel Christensen,INDIVIDUAL,HK,0.207,2024-08-01
ACC_101340,Ana Mccarty,INDIVIDUAL,KY,0.834,2023-12-01
ACC_101341,Leslie Baxter,INDIVIDUAL,US,0.158,2025-08-19
ACC_101342,Valerie Brown,INDIVIDUAL,US,0.333,2024-08-12
ACC_101343,Anthony Hull,INDIVIDUAL,HK,0.214,2024-12-08
ACC_101344,Larry Hernandez,INDIVIDUAL,HK,0.342,2025-04-23
ACC_101345,Barry Hayes,INDIVIDUAL,SG,0.179,2023-12-14
ACC_101346,Daniel Edwards MD,INDIVIDUAL,HK,0.381,2025-04-18
ACC_101347,Lindsey-Wood,SHELL_COMPANY,HK,0.946,2024-02-20
ACC_101348,Mr. Taylor Austin,INDIVIDUAL,US,0.212,2023-11-30
ACC_101349,"Weaver, Wells and Morgan",CORPORATE,GB,0.149,2023-10-18
ACC_101350,Robert Cervantes,INDIVIDUAL,TW,0.184,2025-08-30
ACC_101351,Virginia White,INDIVIDUAL,US,0.235,2024-10-19
ACC_101352,Smith PLC,CORPORATE,KY,0.942,2024-05-04
ACC_101353,Cody Campos,INDIVIDUAL,US,0.336,2025-06-11
ACC_101354,Elizabeth Gallegos,INDIVIDUAL,US,0.33,2024-04-10
ACC_101355,"Vargas, Hall and Francis",CORPORATE,HK,0.098,2024-08-19
ACC_101356,Paul Carrillo,INDIVIDUAL,US,0.138,2025-06-10
ACC_101357,Melissa Williams,INDIVIDUAL,US,0.274,2025-02-27
ACC_101358,William Jackson,INDIVIDUAL,TW,0.356,2024-03-05
ACC_101359,"Love, Flores and Trevino",CORPORATE,US,0.244,2024-06-24
ACC_101360,Swanson-Smith,CORPORATE,GB,0.086,2024-08-07
ACC_101361,Stewart-Haney,CORPORATE,HK,0.346,2025-06-02
ACC_101362,Lisa Perez,INDIVIDUAL,US,0.348,2025-01-03
ACC_101363,Stephen Rivera,INDIVIDUAL,US,0.15,2024-10-11
ACC_101364,Rebecca Wise,INDIVIDUAL,HK,0.317,2024-01-04
ACC_101365,Stephanie Contreras,INDIVIDUAL,HK,0.145,2025-04-01
ACC_101366,Michael Murphy,INDIVIDUAL,TW,0.367,2024-12-15
ACC_101367,Underwood Group,CORPORATE,GB,0.102,2025-07-16
ACC_101368,"Mueller, Hayes and Vasquez",SHELL_COMPANY,HK,0.809,2025-04-26
ACC_101369,Moore LLC,SHELL_COMPANY,US,0.937,2024-07-05
ACC_101370,Michael Conner,INDIVIDUAL,US,0.128,2024-05-09
ACC_101371,John Parker,INDIVIDUAL,US,0.208,2024-11-04
ACC_101372,Courtney Guzman,INDIVIDUAL,GB,0.172,2025-01-12
ACC_101373,Joseph Brooks,INDIVIDUAL,US,0.059,2025-03-29
ACC_101374,Gutierrez Group,CORPORATE,SG,0.069,2025-04-08
ACC_101375,Allison Rocha,INDIVIDUAL,SG,0.226,2023-11-03
ACC_101376,John Becker,INDIVIDUAL,US,0.133,2025-02-28
ACC_101377,"Parker, Martinez and Smith",CORPORATE,US,0.398,2023-11-29
ACC_101378,Donald Brown,INDIVIDUAL,VG,0.794,2025-06-27
ACC_101379,Juan Davis,INDIVIDUAL,US,0.06,2025-08-15
ACC_101380,Pamela Gonzalez,INDIVIDUAL,US,0.376,2024-09-23
ACC_101381,Roger Moreno,INDIVIDUAL,HK,0.344,2025-07-10
ACC_101382,Kevin Ortega,INDIVIDUAL,TW,0.277,2025-07-17
ACC_101383,William Martin,INDIVIDUAL,US,0.327,2024-12-05
ACC_101384,Stanley Jones,INDIVIDUAL,SG,0.098,2025-05-22
ACC_101385,Terry Morgan,INDIVIDUAL,US,0.15,2025-08-02
ACC_101386,Berg-Gillespie,CORPORATE,HK,0.34,2024-05-11
ACC_101387,Courtney Lam,INDIVIDUAL,HK,0.294,2025-09-02
ACC_101388,Louis Gonzalez,INDIVIDUAL,US,0.099,2025-08-22
ACC_101389,Sharon Harris,INDIVIDUAL,US,0.297,2025-08-07
ACC_101390,James Ford,INDIVIDUAL,KY,0.812,2024-04-24
ACC_101391,Adams-Gardner,SHELL_COMPANY,GB,0.701,2023-10-30
ACC_101392,Powell-Roberts,CORPORATE,US,0.078,2025-07-07
ACC_101393,Lopez and Sons,SHELL_COMPANY,US,0.764,2024-11-29
ACC_101394,Mclaughlin-Lee,SHELL_COMPANY,TW,0.909,2025-06-10
ACC_101395,Michelle Mccall,INDIVIDUAL,TW,0.242,2025-09-28
ACC_101396,Ryan Medina,INDIVIDUAL,US,0.305,2024-07-11
ACC_101397,Samuel Decker,INDIVIDUAL,SG,0.235,2025-07-06
ACC_101398,James Kelly,INDIVIDUAL,SG,0.089,2024-01-26
ACC_101399,Lee-Nielsen,SHELL_COMPANY,US,0.772,2024-08-09
ACC_101400,"Anderson, Fischer and Combs",CORPORATE,CN,0.155,2024-03-11
ACC_101401,Caldwell-Stanley,CORPORATE,TW,0.067,2023-10-14
ACC_101402,Lynn Jensen,INDIVIDUAL,TW,0.197,2025-06-29
ACC_101403,Schmitt Ltd,CORPORATE,US,0.328,2024-03-26
ACC_101404,Jerry Collins,INDIVIDUAL,GB,0.21,2024-10-21
ACC_101405,Alexis Wood,INDIVIDUAL,SG,0.089,2024-12-11
ACC_101406,Michelle Green,INDIVIDUAL,US,0.367,2024-11-04
ACC_101407,Jeremy Martinez,INDIVIDUAL,GB,0.259,2024-03-27
ACC_101408,Christie Marks,INDIVIDUAL,US,0.056,2025-08-03
ACC_101409,Stephanie Morales,INDIVIDUAL,US,0.23,2025-03-24
ACC_101410,Jimenez Group,CORPORATE,US,0.135,2024-03-30
ACC_101411,Cynthia Long,INDIVIDUAL,US,0.1,2025-01-07
ACC_101412,Paul Hughes,INDIVIDUAL,KY,0.807,2024-01-10
ACC_101413,Sara Peterson,INDIVIDUAL,US,0.265,2024-08-25
ACC_101414,Jason Lane,INDIVIDUAL,US,0.134,2024-11-30
ACC_101415,Cynthia Little,INDIVIDUAL,SG,0.196,2024-06-26
ACC_101416,Emily Butler,INDIVIDUAL,US,0.283,2025-02-03
ACC_101417,Christopher Nguyen,INDIVIDUAL,CN,0.08,2023-11-10
ACC_101418,"Chambers, Graham and Christensen",SHELL_COMPANY,US,0.944,2025-06-23
ACC_101419,Garcia Inc,CORPORATE,US,0.074,2024-07-20
ACC_101420,Paula Harris,INDIVIDUAL,GB,0.234,2025-07-24
ACC_101421,Diaz-Cain,CORPORATE,TW,0.228,2025-07-12
ACC_101422,Jack Weaver,INDIVIDUAL,US,0.396,2024-03-31
ACC_101423,"Bennett, Edwards and Shields",CORPORATE,US,0.244,2025-06-05
ACC_101424,Eric Woods DDS,INDIVIDUAL,US,0.187,2023-11-17
ACC_101425,Michael Perez,INDIVIDUAL,US,0.215,2025-02-24
ACC_101426,Roy Garrison,INDIVIDUAL,CN,0.272,2024-12-08
ACC_101427,Andrew Horton,INDIVIDUAL,HK,0.393,2025-08-06
ACC_101428,Rachel Contreras,INDIVIDUAL,US,0.139,2025-05-30
ACC_101429,Charles Raymond,INDIVIDUAL,US,0.056,2025-08-18
ACC_101430,Barnett-Simmons,CORPORATE,US,0.326,2025-08-16
ACC_101431,"Welch, Mendoza and Smith",SHELL_COMPANY,SG,0.786,2024-09-26
ACC_101432,Gary Robinson,INDIVIDUAL,SG,0.307,2025-06-06
ACC_101433,Tracy Harris,INDIVIDUAL,GB,0.27,2023-10-23
ACC_101434,Catherine Sims,INDIVIDUAL,US,0.32,2025-05-26
ACC_101435,Smith LLC,CORPORATE,CN,0.307,2023-12-04
ACC_101436,Lawson Ltd,CORPORATE,HK,0.166,2025-01-10
ACC_101437,"Kramer, Hicks and Haney",CORPORATE,HK,0.066,2024-11-26
ACC_101438,Erin Webster,INDIVIDUAL,US,0.241,2024-04-07
ACC_101439,Dr. Cheryl Deleon,INDIVIDUAL,US,0.335,2023-11-03
ACC_101440,Marissa Allen,INDIVIDUAL,VG,0.744,2024-10-31
ACC_101441,Karen Gallagher,INDIVIDUAL,US,0.323,2025-02-10
ACC_101442,Dennis Riley,INDIVIDUAL,CN,0.213,2025-01-04
ACC_101443,Janice Rogers,INDIVIDUAL,HK,0.293,2024-10-21
ACC_101444,Jacobson Group,CORPORATE,KY,0.858,2023-12-02
ACC_101445,Taylor Barnes,INDIVIDUAL,SG,0.334,2025-02-03
ACC_101446,"Camacho, Johnston and Williams",CORPORATE,SG,0.072,2025-02-01
ACC_101447,Margaret Williams,INDIVIDUAL,VG,0.894,2024-12-12
ACC_101448,Jennifer Jennings,INDIVIDUAL,US,0.21,2024-10-07
ACC_101449,John Jennings,INDIVIDUAL,US,0.153,2024-08-17
ACC_101450,Traci Matthews,INDIVIDUAL,GB,0.065,2024-10-16
ACC_101451,Paige Fowler,INDIVIDUAL,HK,0.12,2023-12-21
ACC_101452,Anita Day,INDIVIDUAL,US,0.065,2025-02-12
ACC_101453,Wood Ltd,SHELL_COMPANY,US,0.933,2023-10-24
ACC_101454,Benjamin Miller,INDIVIDUAL,US,0.23,2025-02-15
ACC_101455,Joseph Gutierrez,INDIVIDUAL,US,0.396,2024-04-11
ACC_101456,Brian Moore,INDIVIDUAL,TW,0.24,2025-07-10
ACC_101457,Mary Thompson,INDIVIDUAL,SG,0.139,2025-07-28
ACC_101458,Mary Benson DDS,INDIVIDUAL,KY,0.888,2024-10-31
ACC_101459,Victoria Allen,INDIVIDUAL,US,0.117,2025-07-10
ACC_101460,Monique Evans,INDIVIDUAL,GB,0.175,2023-10-27
ACC_101461,"Myers, Hughes and Kim",CORPORATE,US,0.323,2025-05-03
ACC_101462,Brian Lara,INDIVIDUAL,CN,0.353,2025-09-06
ACC_101463,Carter-Campos,CORPORATE,TW,0.166,2025-01-18
ACC_101464,"Valenzuela, Clay and Walker",CORPORATE,US,0.094,2023-11-13
ACC_101465,William Adkins,INDIVIDUAL,SG,0.179,2024-03-04
ACC_101466,Jennifer Williams,INDIVIDUAL,HK,0.361,2024-09-30
ACC_101467,Kelsey Diaz,INDIVIDUAL,US,0.31,2024-06-23
ACC_101468,"Gomez, Webb and Shannon",CORPORATE,SG,0.363,2024-10-09
ACC_101469,"Cooper, Robbins and Davis",SHELL_COMPANY,US,0.797,2024-10-30
ACC_101470,Gabriel Cervantes,INDIVIDUAL,SG,0.391,2023-11-06
ACC_101471,James Moreno,INDIVIDUAL,GB,0.224,2025-09-02
ACC_101472,Ray-Smith,CORPORATE,US,0.224,2023-10-12
ACC_101473,Susan Schwartz,INDIVIDUAL,HK,0.374,2024-06-24
ACC_101474,Stephanie Krueger,INDIVIDUAL,CN,0.232,2024-12-26
ACC_101475,Price LLC,CORPORATE,SG,0.33,2024-09-05
ACC_101476,Taylor Stephens,INDIVIDUAL,HK,0.304,2023-12-07
ACC_101477,Kelly and Sons,CORPORATE,SG,0.078,2024-10-20
ACC_101478,Nathan Jenkins,INDIVIDUAL,VG,0.851,2025-06-04
ACC_101479,Jose Jones,INDIVIDUAL,KY,0.906,2024-07-19
ACC_101480,Lauren Phillips,INDIVIDUAL,US,0.241,2024-03-20
ACC_101481,Katie Pratt,INDIVIDUAL,TW,0.162,2025-05-02
ACC_101482,Stevens-Wilson,CORPORATE,GB,0.078,2025-04-19
ACC_101483,Darrell Wolfe,INDIVIDUAL,SG,0.281,2025-05-27
ACC_101484,Parrish and Sons,CORPORATE,HK,0.157,2024-05-26
ACC_101485,Andrew Chaney,INDIVIDUAL,US,0.261,2024-04-02
ACC_101486,"Miller, Franco and Campbell",CORPORATE,GB,0.199,2024-10-17
ACC_101487,Ronald Heath,INDIVIDUAL,US,0.291,2025-05-28
ACC_101488,Gonzalez-Carpenter,CORPORATE,US,0.173,2025-03-07
ACC_101489,Daniel Branch,INDIVIDUAL,TW,0.065,2025-02-22
ACC_101490,Jeffrey Hardy,INDIVIDUAL,US,0.355,2025-09-15
ACC_101491,Elizabeth Pacheco,INDIVIDUAL,KY,0.788,2024-08-04
ACC_101492,Nathaniel Prince,INDIVIDUAL,TW,0.399,2025-09-20
ACC_101493,Chad Sanders,INDIVIDUAL,HK,0.146,2025-05-11
ACC_101494,John Parks,INDIVIDUAL,VG,0.945,2024-03-09
ACC_101495,Travis Salazar,INDIVIDUAL,KY,0.937,2025-07-12
ACC_101496,Donald Foster,INDIVIDUAL,US,0.076,2023-12-16
ACC_101497,William Miller DDS,INDIVIDUAL,VG,0.859,2025-01-28
ACC_101498,Candice Clark,INDIVIDUAL,US,0.177,2025-03-27
ACC_101499,Lindsay Harrington,INDIVIDUAL,VG,0.9,2024-02-16
ACC_101500,Tonya Meza,INDIVIDUAL,GB,0.288,2024-11-02
ACC_101501,Danielle Patel,INDIVIDUAL,SG,0.383,2025-06-24
ACC_101502,Ms. Samantha Hall,INDIVIDUAL,KY,0.736,2024-08-04
ACC_101503,Lee-Clark,CORPORATE,US,0.263,2025-04-23
ACC_101504,Daniel Freeman,INDIVIDUAL,US,0.323,2024-06-20
ACC_101505,Jonathan Meyer,INDIVIDUAL,US,0.062,2025-09-30
ACC_101506,Shirley Evans,INDIVIDUAL,US,0.074,2025-08-27
ACC_101507,Gregory Lambert,INDIVIDUAL,US,0.322,2024-06-04
ACC_101508,Karen Wu,INDIVIDUAL,HK,0.178,2024-07-30
ACC_101509,Jessica Bryant,INDIVIDUAL,GB,0.184,2024-11-03
ACC_101510,Crystal Young,INDIVIDUAL,HK,0.249,2024-12-21
ACC_101511,Michael Lopez,INDIVIDUAL,US,0.262,2024-12-08
ACC_101512,Madeline Brooks,INDIVIDUAL,US,0.288,2024-11-14
ACC_101513,"Steele, Patterson and Hunt",CORPORATE,SG,0.382,2023-12-04
ACC_101514,Emily Stafford,INDIVIDUAL,SG,0.18,2024-04-24
ACC_101515,Patricia Williams,INDIVIDUAL,HK,0.317,2024-03-06
ACC_101516,"Mason, Whitney and Munoz",CORPORATE,US,0.251,2024-07-10
ACC_101517,Amanda Phelps,INDIVIDUAL,US,0.235,2024-08-29
ACC_101518,Victoria Ward,INDIVIDUAL,TW,0.189,2024-10-10
ACC_101519,Sandra Miranda,INDIVIDUAL,HK,0.277,2024-10-19
ACC_101520,Justin Huerta,INDIVIDUAL,TW,0.137,2025-09-20
ACC_101521,Brittany Becker,INDIVIDUAL,HK,0.09,2023-12-15
ACC_101522,Jason Sandoval,INDIVIDUAL,GB,0.307,2024-07-13
ACC_101523,Benjamin Farley,INDIVIDUAL,US,0.225,2024-11-12
ACC_101524,Tom Hutchinson,INDIVIDUAL,US,0.185,2024-06-08
ACC_101525,William Johnson,INDIVIDUAL,HK,0.247,2024-10-12
ACC_101526,Steven Fox,INDIVIDUAL,US,0.142,2024-09-25
ACC_101527,Ethan Kennedy,INDIVIDUAL,TW,0.141,2024-12-11
ACC_101528,Anthony Williams,INDIVIDUAL,US,0.206,2025-05-10
ACC_101529,Kenneth Cohen,INDIVIDUAL,TW,0.399,2025-06-09
ACC_101530,Adam Edwards,INDIVIDUAL,US,0.15,2024-08-13
ACC_101531,John Elliott,INDIVIDUAL,SG,0.371,2025-09-20
ACC_101532,Heather Dawson,INDIVIDUAL,US,0.222,2025-07-29
ACC_101533,Melissa Hart,INDIVIDUAL,TW,0.093,2024-03-05
ACC_101534,Amanda Becker,INDIVIDUAL,SG,0.348,2024-06-05
ACC_101535,Crystal Hunt,INDIVIDUAL,SG,0.208,2025-01-29
ACC_101536,Christopher Barr,INDIVIDUAL,US,0.365,2025-08-07
ACC_101537,Joshua Calhoun,INDIVIDUAL,VG,0.811,2024-12-10
ACC_101538,Martinez PLC,CORPORATE,US,0.081,2023-11-11
ACC_101539,Ann Hernandez,INDIVIDUAL,CN,0.289,2024-01-20
ACC_101540,Angela Moody,INDIVIDUAL,VG,0.911,2025-07-01
ACC_101541,Jennifer Rodriguez,INDIVIDUAL,SG,0.162,2024-09-20
ACC_101542,James Fischer III,INDIVIDUAL,SG,0.172,2024-04-18
ACC_101543,Jason Robinson,INDIVIDUAL,US,0.073,2025-05-21
ACC_101544,Jennifer Roberts,INDIVIDUAL,US,0.24,2025-06-05
ACC_101545,Kyle Johnson,INDIVIDUAL,TW,0.362,2024-11-28
ACC_101546,Christopher Moore,INDIVIDUAL,KY,0.913,2025-07-12
ACC_101547,Barbara Solis,INDIVIDUAL,SG,0.299,2025-06-03
ACC_101548,Lawrence Group,SHELL_COMPANY,US,0.932,2025-02-20
ACC_101549,Stephen Ward,INDIVIDUAL,HK,0.273,2025-09-22
ACC_101550,Brent Vincent,INDIVIDUAL,GB,0.328,2025-09-28
ACC_101551,Wilson-Chase,CORPORATE,HK,0.228,2024-04-24
ACC_101552,Sandra Torres,INDIVIDUAL,HK,0.092,2025-09-04
ACC_101553,Tiffany Stevens,INDIVIDUAL,US,0.12,2024-04-12
ACC_101554,Kimberly Butler,INDIVIDUAL,SG,0.099,2023-10-29
ACC_101555,Amanda Munoz,INDIVIDUAL,US,0.327,2025-09-21
ACC_101556,Nathan Myers,INDIVIDUAL,US,0.059,2024-05-26
ACC_101557,Donna Curry,INDIVIDUAL,VG,0.839,2024-02-21
ACC_101558,Jason Jimenez,INDIVIDUAL,US,0.179,2025-04-04
ACC_101559,Melissa Brown,INDIVIDUAL,US,0.331,2025-02-04
ACC_101560,Debra Boyd,INDIVIDUAL,US,0.243,2024-06-18
ACC_101561,Erika Warner,INDIVIDUAL,HK,0.264,2023-12-21
ACC_101562,Amanda Blankenship,INDIVIDUAL,SG,0.08,2024-11-02
ACC_101563,David Smith,INDIVIDUAL,US,0.158,2024-06-12
ACC_101564,Hawkins Inc,SHELL_COMPANY,KY,0.95,2024-03-31
ACC_101565,"Smith, Ellis and Jackson",CORPORATE,KY,0.88,2023-11-05
ACC_101566,"Wilson, Walker and Werner",CORPORATE,HK,0.234,2024-03-15
ACC_101567,Christopher Griffith,INDIVIDUAL,SG,0.319,2024-12-15
ACC_101568,Ronald Williams,INDIVIDUAL,GB,0.338,2024-12-31
ACC_101569,Hailey Watkins,INDIVIDUAL,US,0.076,2024-12-17
ACC_101570,Elizabeth Harrison,INDIVIDUAL,CN,0.39,2024-05-03
ACC_101571,Melody Smith,INDIVIDUAL,HK,0.275,2025-03-30
ACC_101572,Dr. Jeremy Walker,INDIVIDUAL,US,0.207,2024-10-08
ACC_101573,Mullins Group,CORPORATE,SG,0.288,2025-02-20
ACC_101574,"Williams, White and Stone",CORPORATE,HK,0.171,2025-06-07
ACC_101575,Samantha Smith,INDIVIDUAL,US,0.357,2025-06-02
ACC_101576,Karen Castaneda,INDIVIDUAL,HK,0.323,2025-06-14
ACC_101577,Jessica Rodriguez,INDIVIDUAL,SG,0.274,2024-01-09
ACC_101578,"Gill, Novak and Smith",CORPORATE,US,0.114,2024-04-22
ACC_101579,Butler-King,CORPORATE,US,0.388,2025-06-05
ACC_101580,Shawn Dean,INDIVIDUAL,US,0.201,2024-04-24
ACC_101581,Jack Swanson,INDIVIDUAL,HK,0.369,2025-04-01
ACC_101582,Michelle Carpenter,INDIVIDUAL,HK,0.069,2023-11-07
ACC_101583,Ryan Inc,CORPORATE,US,0.093,2025-04-02
ACC_101584,Vega Group,CORPORATE,HK,0.104,2024-11-18
ACC_101585,Jordan Smith,INDIVIDUAL,US,0.108,2023-12-19
ACC_101586,Barbara Lawson,INDIVIDUAL,US,0.163,2024-09-28
ACC_101587,Chad Mcclure,INDIVIDUAL,US,0.298,2024-05-21
ACC_101588,Melanie Hardy,INDIVIDUAL,VG,0.787,2024-09-19
ACC_101589,"Thomas, Harrell and Mills",CORPORATE,SG,0.379,2024-02-06
ACC_101590,Aaron Beard,INDIVIDUAL,US,0.363,2024-06-25
ACC_101591,Stephanie Vaughn,INDIVIDUAL,US,0.346,2025-02-09
ACC_101592,Norman Hill,INDIVIDUAL,HK,0.138,2025-08-24
ACC_101593,Brian Glass,INDIVIDUAL,US,0.272,2024-10-15
ACC_101594,Esparza Ltd,CORPORATE,GB,0.243,2025-09-17
ACC_101595,Roy Werner,INDIVIDUAL,CN,0.094,2023-11-28
ACC_101596,Jones-Evans,SHELL_COMPANY,US,0.776,2024-03-22
ACC_101597,Edward Brown,INDIVIDUAL,HK,0.237,2025-03-29
ACC_101598,Roberts-Wade,CORPORATE,VG,0.826,2023-10-11
ACC_101599,Jeffrey Clayton,INDIVIDUAL,US,0.109,2024-04-01
ACC_101600,Kelly Watson,INDIVIDUAL,HK,0.38,2023-12-07
ACC_101601,Kristen Brown,INDIVIDUAL,VG,0.739,2024-08-12
ACC_101602,Chad Stevens,INDIVIDUAL,KY,0.865,2023-12-21
ACC_101603,"Oneal, Jones and Jones",CORPORATE,GB,0.302,2025-06-30
ACC_101604,Michael Holland,INDIVIDUAL,SG,0.262,2025-04-01
ACC_101605,Justin Reynolds,INDIVIDUAL,SG,0.345,2024-03-12
ACC_101606,Derrick Vazquez,INDIVIDUAL,SG,0.247,2024-03-21
ACC_101607,Vernon Chang,INDIVIDUAL,US,0.339,2025-08-11
ACC_101608,Donna Ryan,INDIVIDUAL,US,0.06,2025-04-28
ACC_101609,Erica Baker,INDIVIDUAL,GB,0.066,2024-11-17
ACC_101610,Chad Compton,INDIVIDUAL,US,0.275,2024-06-16
ACC_101611,Christina Hicks,INDIVIDUAL,US,0.252,2024-06-17
ACC_101612,Douglas Chambers,INDIVIDUAL,VG,0.863,2025-01-18
ACC_101613,Caitlin Wagner,INDIVIDUAL,US,0.318,2023-11-15
ACC_101614,Edward Gould,INDIVIDUAL,US,0.196,2023-11-02
ACC_101615,Sandy Fowler,INDIVIDUAL,SG,0.274,2025-02-25
ACC_101616,Michelle Anderson,INDIVIDUAL,US,0.224,2025-02-05
ACC_101617,Robert Morgan,INDIVIDUAL,US,0.27,2024-04-28
ACC_101618,Brittany Davis,INDIVIDUAL,TW,0.151,2024-09-11
ACC_101619,Matthew Myers,INDIVIDUAL,SG,0.385,2025-03-24
ACC_101620,Leslie Santos,INDIVIDUAL,HK,0.219,2024-04-03
ACC_101621,Leslie Peterson,INDIVIDUAL,SG,0.332,2025-04-14
ACC_101622,Paul Shaw,INDIVIDUAL,US,0.29,2025-09-19
ACC_101623,Mary Bates,INDIVIDUAL,HK,0.154,2025-09-27
ACC_101624,"Thomas, Wright and Combs",CORPORATE,SG,0.076,2025-09-05
ACC_101625,Daniel Kelley,INDIVIDUAL,US,0.071,2024-06-21
ACC_101626,Meghan Everett,INDIVIDUAL,US,0.204,2025-06-27
ACC_101627,Jason James,INDIVIDUAL,US,0.219,2024-07-15
ACC_101628,Andrea Jimenez,INDIVIDUAL,US,0.121,2024-03-12
ACC_101629,Daniel Williams,INDIVIDUAL,VG,0.852,2025-04-05
ACC_101630,Taylor Lloyd DDS,INDIVIDUAL,HK,0.159,2024-02-06
ACC_101631,Linda Williamson,INDIVIDUAL,US,0.301,2024-03-26
ACC_101632,"Mullins, Meza and Moran",CORPORATE,US,0.307,2024-06-09
ACC_101633,Katherine Campbell,INDIVIDUAL,SG,0.351,2024-11-01
ACC_101634,Grace Alvarado,INDIVIDUAL,SG,0.391,2025-07-27
ACC_101635,Daniel Woodard,INDIVIDUAL,US,0.096,2024-02-08
ACC_101636,Tanner Shelton,INDIVIDUAL,HK,0.18,2025-10-02
ACC_101637,"Keller, James and Edwards",CORPORATE,KY,0.84,2024-08-09
ACC_101638,Mckinney-Sanchez,CORPORATE,HK,0.162,2025-07-11
ACC_101639,Mandy Parrish,INDIVIDUAL,GB,0.213,2025-04-23
ACC_101640,Thomas Hanson,INDIVIDUAL,US,0.144,2025-08-26
ACC_101641,Stephens LLC,CORPORATE,VG,0.762,2024-03-10
ACC_101642,Andre Miller,INDIVIDUAL,US,0.084,2024-01-25
ACC_101643,George Case,INDIVIDUAL,KY,0.773,2024-07-14
ACC_101644,"Herring, Case and Garza",CORPORATE,US,0.184,2025-03-31
ACC_101645,Rachel Wells,INDIVIDUAL,VG,0.854,2025-09-08
ACC_101646,Elizabeth Allen,INDIVIDUAL,HK,0.137,2025-09-04
ACC_101647,"Jackson, Wilkerson and Soto",SHELL_COMPANY,US,0.916,2025-08-11
ACC_101648,Jessica Velazquez,INDIVIDUAL,US,0.106,2025-08-19
ACC_101649,Natalie Ingram,INDIVIDUAL,KY,0.782,2025-08-08
ACC_101650,Emma Burton,INDIVIDUAL,TW,0.252,2024-07-27
ACC_101651,Eduardo Jones,INDIVIDUAL,US,0.159,2024-11-03
ACC_101652,Elizabeth Shannon,INDIVIDUAL,US,0.317,2024-02-29
ACC_101653,Jeffrey Kennedy,INDIVIDUAL,US,0.224,2024-11-23
ACC_101654,Justin Ward,INDIVIDUAL,HK,0.23,2024-03-13
ACC_101655,Karl Green,INDIVIDUAL,SG,0.225,2024-01-29
ACC_101656,Daniel Martin,INDIVIDUAL,US,0.158,2024-07-01
ACC_101657,Jason Shea,INDIVIDUAL,SG,0.058,2025-08-19
ACC_101658,Jennifer Martinez,INDIVIDUAL,US,0.381,2025-06-27
ACC_101659,"Cross, Diaz and Collins",CORPORATE,GB,0.227,2025-03-18
ACC_101660,Brittany Moore,INDIVIDUAL,US,0.388,2025-01-01
ACC_101661,Howell PLC,CORPORATE,SG,0.125,2024-11-09
ACC_101662,Cruz-Henson,CORPORATE,GB,0.174,2024-08-18
ACC_101663,Cordova-Elliott,CORPORATE,HK,0.068,2025-01-12
ACC_101664,Casey Good,INDIVIDUAL,SG,0.223,2025-05-30
ACC_101665,Renee Hernandez,INDIVIDUAL,GB,0.359,2025-04-11
ACC_101666,Melissa Ross,INDIVIDUAL,US,0.279,2024-01-14
ACC_101667,Wood-Swanson,CORPORATE,GB,0.215,2025-08-07
ACC_101668,Cortez-Willis,CORPORATE,GB,0.238,2024-05-02
ACC_101669,Christine Chavez,INDIVIDUAL,SG,0.347,2024-04-02
ACC_101670,Whitney PLC,CORPORATE,SG,0.201,2024-06-07
ACC_101671,Craig Barnett,INDIVIDUAL,US,0.359,2024-09-07
ACC_101672,Jasmin Olson,INDIVIDUAL,GB,0.305,2024-06-27
ACC_101673,Robert Simmons,INDIVIDUAL,US,0.317,2025-03-07
ACC_101674,Amanda Watkins,INDIVIDUAL,US,0.178,2024-06-30
ACC_101675,Ryan Benitez,INDIVIDUAL,HK,0.19,2024-10-06
ACC_101676,Jimenez Group,CORPORATE,HK,0.25,2025-01-06
ACC_101677,Bruce Lopez,INDIVIDUAL,US,0.118,2025-08-02
ACC_101678,Faith Moore,INDIVIDUAL,US,0.244,2024-09-11
ACC_101679,"Potter, White and Ingram",CORPORATE,SG,0.076,2025-04-27
ACC_101680,"Abbott, Jones and Williams",CORPORATE,US,0.226,2024-08-21
ACC_101681,Michael Hunter,INDIVIDUAL,US,0.318,2024-06-20
ACC_101682,"Brown, Mccarty and Clark",CORPORATE,SG,0.148,2025-07-06
ACC_101683,Shawn Craig,INDIVIDUAL,US,0.396,2025-09-07
ACC_101684,Victoria Long,INDIVIDUAL,SG,0.288,2025-02-18
ACC_101685,Jennifer Patrick,INDIVIDUAL,SG,0.092,2024-03-21
ACC_101686,Teresa Boyd,INDIVIDUAL,SG,0.391,2024-01-28
ACC_101687,"Smith, Contreras and Thompson",CORPORATE,GB,0.188,2025-03-06
ACC_101688,Larson and Sons,CORPORATE,US,0.328,2025-03-31
ACC_101689,Angela Clark,INDIVIDUAL,SG,0.169,2023-12-24
ACC_101690,Todd Ross,INDIVIDUAL,HK,0.379,2025-01-09
ACC_101691,Bill Stevens,INDIVIDUAL,US,0.314,2024-06-17
ACC_101692,Daniel Ballard,INDIVIDUAL,VG,0.75,2024-08-11
ACC_101693,Jason Barker,INDIVIDUAL,SG,0.228,2025-07-08
ACC_101694,Mary Wood,INDIVIDUAL,SG,0.225,2024-09-08
ACC_101695,David Alexander,INDIVIDUAL,VG,0.711,2025-05-23
ACC_101696,Gonzales Group,CORPORATE,US,0.098,2023-10-29
ACC_101697,Perez Inc,CORPORATE,TW,0.167,2025-09-24
ACC_101698,Rodriguez Group,CORPORATE,KY,0.818,2023-12-07
ACC_101699,Monica Nash,INDIVIDUAL,SG,0.21,2025-09-28
ACC_101700,Brian White,INDIVIDUAL,US,0.262,2025-03-30
ACC_101701,"White, Clements and Harper",SHELL_COMPANY,US,0.829,2024-12-20
ACC_101702,Debra Terry,INDIVIDUAL,KY,0.782,2024-02-21
ACC_101703,Ramos Ltd,CORPORATE,TW,0.265,2024-10-07
ACC_101704,Richard Peterson,INDIVIDUAL,US,0.107,2025-03-24
ACC_101705,Jessica Matthews,INDIVIDUAL,US,0.397,2024-10-28
ACC_101706,Melissa Smith,INDIVIDUAL,US,0.309,2025-01-03
ACC_101707,Marshall-Ford,CORPORATE,SG,0.155,2025-01-18
ACC_101708,Robert Walker,INDIVIDUAL,SG,0.168,2024-09-03
ACC_101709,Julie Allen,INDIVIDUAL,US,0.34,2025-02-26
ACC_101710,Marquez-Avila,CORPORATE,SG,0.236,2025-03-24
ACC_101711,"Ward, Conner and Walker",CORPORATE,US,0.298,2024-06-27
ACC_101712,"Stevens, Martinez and Becker",CORPORATE,SG,0.155,2023-10-09
ACC_101713,Renee Phillips,INDIVIDUAL,SG,0.336,2023-12-21
ACC_101714,Marsh-Olson,CORPORATE,SG,0.179,2024-05-20
ACC_101715,Christy Solomon,INDIVIDUAL,TW,0.286,2023-10-08
ACC_101716,Whitney and Sons,CORPORATE,HK,0.393,2024-03-19
ACC_101717,Alison Fernandez,INDIVIDUAL,US,0.254,2024-07-02
ACC_101718,George Harris,INDIVIDUAL,SG,0.329,2023-12-21
ACC_101719,"Bates, Davis and Smith",CORPORATE,CN,0.304,2024-04-29
ACC_101720,Mark Rosario,INDIVIDUAL,HK,0.291,2024-01-06
ACC_101721,Kelly George,INDIVIDUAL,TW,0.059,2025-09-16
ACC_101722,Thompson Inc,SHELL_COMPANY,SG,0.819,2024-01-30
ACC_101723,"Garza, Barnett and Lane",CORPORATE,GB,0.388,2024-07-19
ACC_101724,Dennis Reed,INDIVIDUAL,US,0.324,2023-10-18
ACC_101725,Laura Flores,INDIVIDUAL,SG,0.322,2025-10-01
ACC_101726,Catherine Armstrong,INDIVIDUAL,US,0.252,2025-03-30
ACC_101727,Jones-Stout,CORPORATE,US,0.302,2024-03-17
ACC_101728,Timothy Morton,INDIVIDUAL,SG,0.254,2024-01-08
ACC_101729,Christopher Ramirez,INDIVIDUAL,SG,0.11,2025-03-26
ACC_101730,Daniel Sanders,INDIVIDUAL,US,0.27,2024-09-26
ACC_101731,Paul Bell,INDIVIDUAL,SG,0.267,2024-01-24
ACC_101732,Andrew Dennis,INDIVIDUAL,GB,0.344,2024-10-18
ACC_101733,Christopher Williamson,INDIVIDUAL,SG,0.102,2024-07-03
ACC_101734,"Jones, Ward and Walker",CORPORATE,US,0.288,2025-07-01
ACC_101735,Kellie Lee,INDIVIDUAL,GB,0.061,2025-02-09
ACC_101736,Brian Lynn,INDIVIDUAL,SG,0.382,2025-03-10
ACC_101737,"Clark, Brown and Wright",CORPORATE,KY,0.727,2025-01-29
ACC_101738,Arnold and Sons,SHELL_COMPANY,HK,0.705,2025-07-02
ACC_101739,Robert Flores,INDIVIDUAL,HK,0.16,2024-12-19
ACC_101740,Heather Meyer,INDIVIDUAL,SG,0.103,2024-04-30
ACC_101741,Melissa Kline,INDIVIDUAL,CN,0.292,2025-03-19
ACC_101742,Christy Brown,INDIVIDUAL,SG,0.194,2025-04-30
ACC_101743,Melanie Beck,INDIVIDUAL,US,0.321,2023-11-13
ACC_101744,Jody Hunter,INDIVIDUAL,HK,0.372,2025-03-08
ACC_101745,Linda Frederick,INDIVIDUAL,SG,0.355,2024-02-26
ACC_101746,Jones and Sons,CORPORATE,VG,0.884,2023-11-24
ACC_101747,Raymond Jackson,INDIVIDUAL,US,0.072,2025-03-20
ACC_101748,Jones-Torres,CORPORATE,VG,0.735,2025-05-10
ACC_101749,Sharon Morris,INDIVIDUAL,GB,0.123,2025-07-02
ACC_101750,William Page,INDIVIDUAL,KY,0.781,2025-06-22
ACC_101751,Sanchez-Norton,SHELL_COMPANY,US,0.866,2024-05-28
ACC_101752,George PLC,CORPORATE,SG,0.234,2025-09-16
ACC_101753,Wong-Lopez,SHELL_COMPANY,HK,0.778,2024-12-24
ACC_101754,"Hamilton, Carter and Andrade",CORPORATE,US,0.111,2025-09-09
ACC_101755,Steven Gates,INDIVIDUAL,US,0.369,2024-09-17
ACC_101756,Rice and Sons,SHELL_COMPANY,KY,0.786,2024-07-22
ACC_101757,Carter-Burch,CORPORATE,CN,0.174,2025-02-21
ACC_101758,Mrs. Abigail Warner,INDIVIDUAL,US,0.32,2024-11-20
ACC_101759,Brenda Kelly,INDIVIDUAL,US,0.302,2024-12-16
ACC_101760,Lisa Chavez,INDIVIDUAL,HK,0.275,2025-06-05
ACC_101761,Christopher Collins,INDIVIDUAL,US,0.293,2024-04-16
ACC_101762,Audrey Beck,INDIVIDUAL,US,0.264,2023-12-03
ACC_101763,"Rojas, Carroll and Crawford",SHELL_COMPANY,GB,0.748,2024-12-17
ACC_101764,"Davis, Cruz and Rojas",SHELL_COMPANY,HK,0.762,2025-09-30
ACC_101765,Jamie Bowen,INDIVIDUAL,GB,0.245,2025-03-18
ACC_101766,Carlos Quinn,INDIVIDUAL,US,0.129,2024-02-04
ACC_101767,Katelyn Smith,INDIVIDUAL,US,0.391,2024-12-07
ACC_101768,Edward Kelly,INDIVIDUAL,US,0.154,2025-03-17
ACC_101769,Elizabeth Rodgers,INDIVIDUAL,US,0.151,2024-02-12
ACC_101770,Cheryl Mckee,INDIVIDUAL,KY,0.752,2025-03-30
ACC_101771,Adam Zimmerman,INDIVIDUAL,US,0.297,2023-11-23
ACC_101772,Chang-Nelson,CORPORATE,US,0.161,2024-10-29
ACC_101773,Charles Smith,INDIVIDUAL,HK,0.172,2025-05-18
ACC_101774,Larry Houston,INDIVIDUAL,SG,0.377,2024-04-30
ACC_101775,"Rogers, Hensley and Armstrong",CORPORATE,US,0.328,2023-11-07
ACC_101776,Melissa Davidson,INDIVIDUAL,HK,0.146,2023-12-30
ACC_101777,Debra Foster MD,INDIVIDUAL,SG,0.093,2024-04-25
ACC_101778,Jared Saunders,INDIVIDUAL,HK,0.287,2023-12-22
ACC_101779,Patrick Lane,INDIVIDUAL,HK,0.183,2024-03-23
ACC_101780,Rachel Nelson,INDIVIDUAL,KY,0.945,2025-08-07
ACC_101781,Stephanie Robinson,INDIVIDUAL,HK,0.336,2024-11-07
ACC_101782,William Brown,INDIVIDUAL,GB,0.384,2025-09-01
ACC_101783,Roberta Poole,INDIVIDUAL,SG,0.332,2025-07-04
ACC_101784,"Baker, Shah and Greene",CORPORATE,VG,0.773,2024-12-30
ACC_101785,Bradley Arnold,INDIVIDUAL,HK,0.151,2024-02-03
ACC_101786,Johnson Inc,CORPORATE,TW,0.3,2024-12-19
ACC_101787,Hammond-Blair,CORPORATE,US,0.171,2025-08-30
ACC_101788,Dawn Simon,INDIVIDUAL,HK,0.205,2025-08-18
ACC_101789,Dr. Cindy Martin DVM,INDIVIDUAL,HK,0.14,2025-07-15
ACC_101790,Katherine Robertson,INDIVIDUAL,KY,0.82,2024-02-07
ACC_101791,Benjamin Nguyen,INDIVIDUAL,VG,0.751,2024-01-08
ACC_101792,Patrick Johnson,INDIVIDUAL,US,0.239,2024-12-06
ACC_101793,Holly Conway,INDIVIDUAL,GB,0.377,2025-08-16
ACC_101794,Mark Love,INDIVIDUAL,US,0.294,2023-10-18
ACC_101795,Murray-Ruiz,SHELL_COMPANY,US,0.734,2024-05-20
ACC_101796,Jack Harris,INDIVIDUAL,SG,0.265,2024-10-28
ACC_101797,Peggy Lowe,INDIVIDUAL,SG,0.255,2025-07-30
ACC_101798,Robert Luna,INDIVIDUAL,SG,0.135,2024-09-06
ACC_101799,Tammy Kelley,INDIVIDUAL,SG,0.284,2024-02-16
ACC_101800,Christina Garcia,INDIVIDUAL,SG,0.236,2025-01-24
ACC_101801,Adam Singleton,INDIVIDUAL,US,0.273,2025-09-27
ACC_101802,Ashley Alexander,INDIVIDUAL,US,0.068,2025-03-24
ACC_101803,Harrell LLC,CORPORATE,US,0.195,2024-06-04
ACC_101804,Carey-Bright,CORPORATE,TW,0.301,2024-08-22
ACC_101805,Eric Carr,INDIVIDUAL,US,0.085,2025-03-16
ACC_101806,Sylvia Jones,INDIVIDUAL,GB,0.32,2024-05-12
ACC_101807,Alyssa Carlson,INDIVIDUAL,US,0.052,2024-12-26
ACC_101808,Kristen Watkins,INDIVIDUAL,KY,0.838,2025-04-17
ACC_101809,"Owens, Moore and Carpenter",CORPORATE,US,0.375,2025-09-11
ACC_101810,Sean Hardy,INDIVIDUAL,US,0.192,2024-03-25
ACC_101811,Kristin Gregory,INDIVIDUAL,VG,0.934,2024-03-07
ACC_101812,Valerie Juarez DVM,INDIVIDUAL,US,0.357,2024-03-06
ACC_101813,Amanda Carpenter,INDIVIDUAL,VG,0.819,2023-11-16
ACC_101814,Obrien Group,CORPORATE,SG,0.12,2023-10-22
ACC_101815,"Arnold, Roy and Bell",CORPORATE,US,0.387,2024-04-05
ACC_101816,Stephanie Fleming,INDIVIDUAL,US,0.162,2024-09-23
ACC_101817,James Gonzalez,INDIVIDUAL,HK,0.276,2024-01-31
ACC_101818,Martinez LLC,CORPORATE,US,0.368,2024-04-20
ACC_101819,Derrick Hines,INDIVIDUAL,US,0.081,2025-08-03
ACC_101820,Randy Clark,INDIVIDUAL,CN,0.251,2024-04-08
ACC_101821,Charles Rodriguez,INDIVIDUAL,HK,0.237,2023-11-24
ACC_101822,"Reid, Howell and Bean",CORPORATE,US,0.303,2023-12-11
ACC_101823,Christopher Brown,INDIVIDUAL,HK,0.378,2024-04-15
ACC_101824,Kelly Andrews,INDIVIDUAL,TW,0.37,2023-12-16
ACC_101825,Everett Group,CORPORATE,US,0.111,2024-05-24
ACC_101826,"Lee, Nguyen and Acosta",CORPORATE,US,0.359,2024-05-17
ACC_101827,Brian Kelley,INDIVIDUAL,US,0.112,2024-05-27
ACC_101828,Phillip Thompson,INDIVIDUAL,HK,0.372,2025-03-14
ACC_101829,Herbert Clark,INDIVIDUAL,CN,0.399,2024-07-01
ACC_101830,Bryan Carson,INDIVIDUAL,HK,0.189,2025-04-05
ACC_101831,Linda Pope,INDIVIDUAL,US,0.223,2025-06-04
ACC_101832,Kaitlin Kelley,INDIVIDUAL,HK,0.378,2024-02-20
ACC_101833,Chavez-Walker,CORPORATE,US,0.387,2024-06-13
ACC_101834,Erin May,INDIVIDUAL,HK,0.374,2024-01-08
ACC_101835,Stephanie Johnson,INDIVIDUAL,US,0.357,2024-02-06
ACC_101836,Johnny Ray,INDIVIDUAL,US,0.053,2023-11-20
ACC_101837,Edward Sims,INDIVIDUAL,US,0.249,2025-04-19
ACC_101838,Bradley Moore,INDIVIDUAL,US,0.088,2024-04-13
ACC_101839,"Jackson, Meyer and Alexander",CORPORATE,US,0.394,2024-05-16
ACC_101840,Johnson-Avila,CORPORATE,US,0.15,2024-09-18
ACC_101841,"Hayes, Campbell and Smith",CORPORATE,US,0.396,2024-05-16
ACC_101842,Jason Simpson,INDIVIDUAL,SG,0.24,2024-08-22
ACC_101843,Erickson Ltd,CORPORATE,US,0.223,2025-03-08
ACC_101844,Timothy Prince,INDIVIDUAL,US,0.378,2024-07-11
ACC_101845,"Rodriguez, Thomas and Miller",CORPORATE,HK,0.348,2024-08-02
ACC_101846,Bradley-Santiago,CORPORATE,US,0.214,2025-07-23
ACC_101847,Shelly Duran,INDIVIDUAL,US,0.117,2025-05-13
ACC_101848,"Haney, Meyer and Peters",SHELL_COMPANY,SG,0.728,2024-04-29
ACC_101849,Spears-Willis,CORPORATE,US,0.107,2024-07-11
ACC_101850,Mary Morris,INDIVIDUAL,SG,0.211,2025-05-09
ACC_101851,Sean Perez,INDIVIDUAL,KY,0.764,2024-11-14
ACC_101852,"Hinton, King and Flowers",CORPORATE,VG,0.747,2024-02-15
ACC_101853,Ashley Shaffer,INDIVIDUAL,US,0.308,2024-10-01
ACC_101854,Breanna Brown,INDIVIDUAL,TW,0.327,2023-11-04
ACC_101855,Timothy Ramirez,INDIVIDUAL,GB,0.249,2025-03-30
ACC_101856,Taylor Atkinson,INDIVIDUAL,SG,0.315,2024-08-31
ACC_101857,"Watts, Russell and Wheeler",SHELL_COMPANY,US,0.744,2025-04-08
ACC_101858,Brittany Mckee,INDIVIDUAL,US,0.35,2024-07-07
ACC_101859,Dylan Castillo,INDIVIDUAL,US,0.364,2024-05-08
ACC_101860,Walter Acosta,INDIVIDUAL,KY,0.907,2025-03-11
ACC_101861,"Johnson, Graham and Zamora",CORPORATE,US,0.23,2024-09-29
ACC_101862,Wayne Horn,INDIVIDUAL,CN,0.08,2025-07-26
ACC_101863,James Fernandez,INDIVIDUAL,US,0.284,2023-10-25
ACC_101864,James Lambert,INDIVIDUAL,SG,0.115,2024-01-29
ACC_101865,Amanda Marquez,INDIVIDUAL,TW,0.099,2024-07-02
ACC_101866,Kimberly Torres,INDIVIDUAL,HK,0.163,2025-03-01
ACC_101867,Sandra Ferguson,INDIVIDUAL,HK,0.137,2024-10-05
ACC_101868,Brenda Rodriguez,INDIVIDUAL,GB,0.141,2023-12-18
ACC_101869,Webb-Mcguire,CORPORATE,SG,0.132,2025-09-12
ACC_101870,Ingram Group,CORPORATE,KY,0.888,2025-03-16
ACC_101871,Carter-Cook,CORPORATE,US,0.384,2024-01-23
ACC_101872,Garrett Smith,INDIVIDUAL,US,0.156,2023-10-15
ACC_101873,Maurice Grant,INDIVIDUAL,HK,0.303,2024-06-19
ACC_101874,Marc Anderson,INDIVIDUAL,VG,0.703,2023-10-11
ACC_101875,"Martinez, Pittman and Conrad",CORPORATE,CN,0.279,2025-01-05
ACC_101876,Jeffery Barrett,INDIVIDUAL,SG,0.292,2024-01-12
ACC_101877,Mark Warren,INDIVIDUAL,US,0.072,2025-02-17
ACC_101878,James Heath,INDIVIDUAL,US,0.091,2025-08-13
ACC_101879,Sherry Acevedo,INDIVIDUAL,KY,0.777,2025-05-14
ACC_101880,Katherine Valdez,INDIVIDUAL,GB,0.192,2024-09-10
ACC_101881,Gary Ballard,INDIVIDUAL,US,0.226,2024-06-01
ACC_101882,Kaitlyn Nielsen,INDIVIDUAL,US,0.363,2025-06-25
ACC_101883,Craig Clark,INDIVIDUAL,HK,0.296,2025-02-27
ACC_101884,Zachary Clayton,INDIVIDUAL,US,0.159,2025-06-07
ACC_101885,Grant Walker,INDIVIDUAL,CN,0.091,2023-12-01
ACC_101886,Shannon Ross,INDIVIDUAL,GB,0.371,2024-08-30
ACC_101887,Adrian Paul,INDIVIDUAL,CN,0.153,2025-09-28
ACC_101888,"Marshall, Daniel and Baker",CORPORATE,SG,0.265,2025-02-23
ACC_101889,Matthew Vaughn,INDIVIDUAL,VG,0.755,2024-03-16
ACC_101890,Christine Campbell,INDIVIDUAL,US,0.097,2024-03-14
ACC_101891,Tina Tucker,INDIVIDUAL,KY,0.738,2025-08-18
ACC_101892,"Martin, Hawkins and Todd",CORPORATE,US,0.312,2025-04-13
ACC_101893,Samuel Ware,INDIVIDUAL,HK,0.262,2024-02-01
ACC_101894,Toni Perez,INDIVIDUAL,TW,0.196,2024-10-02
ACC_101895,Ronald Jackson,INDIVIDUAL,US,0.242,2023-11-19
ACC_101896,Russell Lopez,INDIVIDUAL,GB,0.215,2024-04-18
ACC_101897,Marvin Walker,INDIVIDUAL,SG,0.238,2025-08-22
ACC_101898,Angela Williams,INDIVIDUAL,US,0.282,2024-06-01
ACC_101899,Angela Gomez,INDIVIDUAL,SG,0.126,2024-10-05
ACC_101900,Danielle Craig,INDIVIDUAL,CN,0.137,2023-10-24
ACC_101901,Powell-Anderson,CORPORATE,TW,0.314,2024-10-08
ACC_101902,Daniel Sims,INDIVIDUAL,TW,0.356,2024-03-01
ACC_101903,Patrick Mayo,INDIVIDUAL,US,0.079,2024-09-09
ACC_101904,Sheila Bullock,INDIVIDUAL,US,0.206,2025-01-31
ACC_101905,Laura Douglas,INDIVIDUAL,HK,0.296,2025-07-07
ACC_101906,Amy Sanders,INDIVIDUAL,SG,0.077,2024-07-07
ACC_101907,William Rowe,INDIVIDUAL,SG,0.247,2025-07-19
ACC_101908,Martin Price,INDIVIDUAL,KY,0.715,2025-06-18
ACC_101909,Clark-Stewart,CORPORATE,HK,0.242,2025-07-12
ACC_101910,William Thomas,INDIVIDUAL,US,0.227,2025-01-07
ACC_101911,Stein Inc,CORPORATE,US,0.25,2024-06-24
ACC_101912,Andrew Villarreal,INDIVIDUAL,US,0.102,2023-12-11
ACC_101913,Tara Hernandez,INDIVIDUAL,HK,0.165,2025-03-13
ACC_101914,Hill Inc,CORPORATE,US,0.232,2023-11-04
ACC_101915,Ricardo Abbott,INDIVIDUAL,KY,0.729,2024-08-05
ACC_101916,"Ramirez, Ellis and Nelson",CORPORATE,US,0.122,2024-05-24
ACC_101917,Gabriel Rose,INDIVIDUAL,US,0.254,2024-12-03
ACC_101918,Allen-Macdonald,CORPORATE,US,0.082,2024-04-10
ACC_101919,Lester-Brown,CORPORATE,SG,0.229,2024-07-25
ACC_101920,William Ibarra,INDIVIDUAL,US,0.333,2025-06-16
ACC_101921,Bryan Davis,INDIVIDUAL,HK,0.209,2024-03-31
ACC_101922,Walter Butler,INDIVIDUAL,SG,0.23,2024-08-06
ACC_101923,Butler and Sons,SHELL_COMPANY,SG,0.814,2024-07-19
ACC_101924,Jade Ramirez,INDIVIDUAL,US,0.07,2024-05-15
ACC_101925,Nicholas Johnson,INDIVIDUAL,US,0.212,2024-06-05
ACC_101926,Laura Gomez,INDIVIDUAL,CN,0.332,2024-08-08
ACC_101927,Michael Moore,INDIVIDUAL,US,0.303,2024-01-25
ACC_101928,Daniel Caldwell,INDIVIDUAL,SG,0.189,2025-03-10
ACC_101929,Randall Alexander,INDIVIDUAL,KY,0.904,2025-08-12
ACC_101930,Taylor and Sons,CORPORATE,SG,0.311,2024-05-18
ACC_101931,Rebecca Collins,INDIVIDUAL,US,0.252,2025-03-15
ACC_101932,Jasmine Wilson,INDIVIDUAL,US,0.066,2025-05-25
ACC_101933,Karen Robles,INDIVIDUAL,SG,0.171,2024-05-07
ACC_101934,Megan Jacobs,INDIVIDUAL,US,0.072,2025-02-15
ACC_101935,Gregory Lewis,INDIVIDUAL,US,0.398,2024-02-21
ACC_101936,Catherine Weiss,INDIVIDUAL,KY,0.934,2024-03-26
ACC_101937,Trevor Rocha,INDIVIDUAL,HK,0.074,2024-05-13
ACC_101938,John Hernandez,INDIVIDUAL,VG,0.933,2024-07-28
ACC_101939,Brandon Fletcher,INDIVIDUAL,US,0.061,2025-01-16
ACC_101940,Tammy Boyd,INDIVIDUAL,GB,0.193,2025-01-29
ACC_101941,"Bowman, Patterson and Hall",SHELL_COMPANY,US,0.892,2025-09-26
ACC_101942,Santos Group,CORPORATE,CN,0.318,2024-03-26
ACC_101943,Manning Ltd,CORPORATE,SG,0.392,2024-09-21
ACC_101944,Heather Contreras,INDIVIDUAL,HK,0.276,2024-09-30
ACC_101945,Melendez Group,CORPORATE,HK,0.197,2024-07-28
ACC_101946,Cristina Smith,INDIVIDUAL,HK,0.397,2025-06-24
ACC_101947,Kenneth White,INDIVIDUAL,KY,0.796,2025-06-19
ACC_101948,Ms. Alicia Morgan,INDIVIDUAL,KY,0.917,2024-02-12
ACC_101949,Heather Chavez,INDIVIDUAL,KY,0.927,2025-01-05
ACC_101950,Suzanne Arnold,INDIVIDUAL,US,0.181,2024-05-30
ACC_101951,Jones-Campbell,CORPORATE,US,0.289,2023-12-16
ACC_101952,Huber-Cortez,CORPORATE,HK,0.282,2025-04-18
ACC_101953,Amy Reyes,INDIVIDUAL,US,0.239,2025-02-18
ACC_101954,Carmen Matthews,INDIVIDUAL,US,0.279,2024-09-24
ACC_101955,Joshua Smith,INDIVIDUAL,US,0.172,2024-06-28
ACC_101956,Justin Weber,INDIVIDUAL,TW,0.112,2025-06-23
ACC_101957,"Kline, Bullock and Watts",SHELL_COMPANY,US,0.834,2023-11-25
ACC_101958,Dawn Reynolds,INDIVIDUAL,US,0.235,2025-02-06
ACC_101959,Sherry Harris,INDIVIDUAL,KY,0.882,2024-01-29
ACC_101960,Bowen-Avery,CORPORATE,HK,0.128,2023-11-22
ACC_101961,"Hobbs, Wilson and Contreras",CORPORATE,US,0.051,2025-01-19
ACC_101962,Dillon Ltd,SHELL_COMPANY,US,0.706,2024-04-01
ACC_101963,Joshua Russell MD,INDIVIDUAL,SG,0.154,2024-07-16
ACC_101964,Samuel Ewing,INDIVIDUAL,US,0.286,2025-03-13
ACC_101965,Gaines-Sanchez,CORPORATE,US,0.241,2023-12-17
ACC_101966,Angela Perez,INDIVIDUAL,US,0.236,2025-10-03
ACC_101967,Briana Pollard,INDIVIDUAL,HK,0.338,2025-01-22
ACC_101968,Jennifer Jones,INDIVIDUAL,US,0.137,2024-07-21
ACC_101969,Katherine Nicholson,INDIVIDUAL,HK,0.171,2023-12-22
ACC_101970,Horton-Larson,CORPORATE,VG,0.769,2024-08-13
ACC_101971,Emily Green,INDIVIDUAL,US,0.378,2025-08-12
ACC_101972,Barbara Keller,INDIVIDUAL,US,0.304,2025-01-22
ACC_101973,Gregory Thomas,INDIVIDUAL,SG,0.089,2025-07-18
ACC_101974,James Miranda,INDIVIDUAL,US,0.333,2025-02-27
ACC_101975,Alan Mason,INDIVIDUAL,KY,0.805,2024-01-31
ACC_101976,"Johnson, Welch and Tucker",SHELL_COMPANY,US,0.892,2025-04-24
ACC_101977,Tony Thomas,INDIVIDUAL,VG,0.921,2024-07-27
ACC_101978,Hunter-Chambers,CORPORATE,HK,0.055,2024-01-16
ACC_101979,Mary Diaz,INDIVIDUAL,US,0.122,2024-05-29
ACC_101980,Christie Savage,INDIVIDUAL,US,0.085,2023-12-04
ACC_101981,Christopher Burnett,INDIVIDUAL,SG,0.062,2024-09-30
ACC_101982,Jennifer Jackson,INDIVIDUAL,GB,0.259,2024-09-04
ACC_101983,Katherine Booth,INDIVIDUAL,US,0.296,2024-03-02
ACC_101984,Robert Brown,INDIVIDUAL,US,0.067,2024-09-28
ACC_101985,"Medina, Wallace and Cervantes",SHELL_COMPANY,HK,0.885,2024-02-03
ACC_101986,Jonathan Hall,INDIVIDUAL,GB,0.191,2025-01-16
ACC_101987,Heather Jackson,INDIVIDUAL,CN,0.132,2024-11-21
ACC_101988,Sara Henderson,INDIVIDUAL,HK,0.126,2024-01-24
ACC_101989,Eric Rivera,INDIVIDUAL,HK,0.352,2023-12-05
ACC_101990,"Green, Torres and Dawson",CORPORATE,KY,0.714,2024-02-26
ACC_101991,Monique Lewis,INDIVIDUAL,US,0.226,2025-07-21
ACC_101992,Warren-Mcconnell,CORPORATE,CN,0.151,2024-06-03
ACC_101993,Melissa Hardy,INDIVIDUAL,HK,0.336,2025-09-30
ACC_101994,Paul Yang,INDIVIDUAL,VG,0.883,2025-09-07
ACC_101995,Wendy Wall,INDIVIDUAL,US,0.162,2024-10-31
ACC_101996,Lewis-Harris,CORPORATE,US,0.259,2023-12-02
ACC_101997,Ronnie George DVM,INDIVIDUAL,HK,0.285,2023-11-03
ACC_101998,Kimberly Owens,INDIVIDUAL,US,0.162,2024-09-06
ACC_101999,Michael Johnson,INDIVIDUAL,US,0.156,2024-02-06
ACC_102000,Deborah Payne,INDIVIDUAL,KY,0.736,2024-03-27
ACC_102001,"Calhoun, Mason and Smith",CORPORATE,US,0.281,2024-03-12
ACC_102002,Anthony Hawkins,INDIVIDUAL,US,0.127,2024-02-29
ACC_102003,Stephen Russo,INDIVIDUAL,HK,0.155,2025-08-19
ACC_102004,Bryan Fuller,INDIVIDUAL,US,0.071,2024-02-15
ACC_102005,Terri Hall,INDIVIDUAL,US,0.382,2024-01-12
ACC_102006,Lisa Munoz,INDIVIDUAL,US,0.358,2024-06-17
ACC_102007,Joseph Johnson,INDIVIDUAL,US,0.369,2024-05-10
ACC_102008,Young Ltd,CORPORATE,VG,0.856,2024-03-18
ACC_102009,Pamela Taylor,INDIVIDUAL,US,0.2,2025-03-08
ACC_102010,Ruben Dunlap,INDIVIDUAL,US,0.223,2024-02-21
ACC_102011,Melvin Gonzales,INDIVIDUAL,KY,0.943,2024-09-10
ACC_102012,Monica George,INDIVIDUAL,KY,0.935,2023-12-09
ACC_102013,Kathryn Franklin,INDIVIDUAL,US,0.285,2023-10-26
ACC_102014,Rebecca Mitchell,INDIVIDUAL,US,0.325,2024-03-27
ACC_102015,David Ford,INDIVIDUAL,US,0.162,2024-12-06
ACC_102016,Kathleen Singh,INDIVIDUAL,TW,0.196,2024-05-09
ACC_102017,Thomas Mack,INDIVIDUAL,TW,0.102,2024-05-04
ACC_102018,"Chase, Sutton and Baker",SHELL_COMPANY,GB,0.794,2025-06-10
ACC_102019,Sara Ray,INDIVIDUAL,SG,0.314,2025-03-06
ACC_102020,Ramirez PLC,CORPORATE,US,0.216,2024-09-14
ACC_102021,Troy Walton,INDIVIDUAL,SG,0.347,2025-04-10
ACC_102022,Daniel Miles,INDIVIDUAL,HK,0.155,2025-09-12
ACC_102023,Erin Allison,INDIVIDUAL,SG,0.298,2024-12-15
ACC_102024,Johnson Group,CORPORATE,US,0.332,2024-06-24
ACC_102025,Johnson-Davis,CORPORATE,SG,0.37,2025-02-01
ACC_102026,Smith-Goodwin,CORPORATE,SG,0.247,2024-03-26
ACC_102027,Lowe-Richardson,CORPORATE,US,0.389,2024-02-13
ACC_102028,Martin-Franklin,CORPORATE,US,0.245,2025-07-05
ACC_102029,"Ortiz, Gonzalez and Elliott",CORPORATE,TW,0.097,2024-11-11
ACC_102030,Timothy Mullins,INDIVIDUAL,US,0.135,2025-08-25
ACC_102031,Byrd-Hill,CORPORATE,US,0.121,2024-03-27
ACC_102032,"Ramirez, Torres and Scott",CORPORATE,US,0.276,2025-04-18
ACC_102033,Holly Hall,INDIVIDUAL,TW,0.373,2023-10-23
ACC_102034,Michael Taylor,INDIVIDUAL,KY,0.912,2024-07-06
ACC_102035,Lisa Macdonald,INDIVIDUAL,SG,0.082,2025-06-24
ACC_102036,Kim Owens,INDIVIDUAL,SG,0.304,2024-03-21
ACC_102037,Tyler Burch,INDIVIDUAL,SG,0.117,2025-09-17
ACC_102038,Steven Parsons,INDIVIDUAL,US,0.144,2024-04-12
ACC_102039,"Harmon, Shelton and Flores",CORPORATE,US,0.286,2025-03-20
ACC_102040,Lisa Lewis,INDIVIDUAL,US,0.261,2024-08-15
ACC_102041,Scott Johnson,INDIVIDUAL,GB,0.356,2024-12-26
ACC_102042,Michael Gallegos,INDIVIDUAL,US,0.116,2024-07-15
ACC_102043,Chloe Dunlap,INDIVIDUAL,SG,0.317,2025-05-12
ACC_102044,"Schmidt, Powell and Hardy",CORPORATE,US,0.304,2025-08-29
ACC_102045,Samuel Collins,INDIVIDUAL,US,0.246,2024-09-04
ACC_102046,Andrew Sanders,INDIVIDUAL,CN,0.218,2025-09-30
ACC_102047,John Oconnell,INDIVIDUAL,HK,0.354,2024-10-05
ACC_102048,Brian Patel,INDIVIDUAL,US,0.167,2024-05-27
ACC_102049,Benjamin Adams,INDIVIDUAL,US,0.385,2023-10-10
ACC_102050,Spencer Wilson,INDIVIDUAL,HK,0.055,2023-12-17
ACC_102051,Mrs. Judith Howell,INDIVIDUAL,US,0.378,2024-02-05
ACC_102052,Nicole Armstrong,INDIVIDUAL,SG,0.387,2025-02-09
ACC_102053,Gonzalez-Carroll,SHELL_COMPANY,US,0.729,2024-06-04
ACC_102054,Lee-Mcmahon,CORPORATE,SG,0.4,2023-11-16
ACC_102055,Michelle Golden,INDIVIDUAL,HK,0.218,2024-02-24
ACC_102056,Kenneth English,INDIVIDUAL,US,0.135,2025-05-02
ACC_102057,Michelle White,INDIVIDUAL,US,0.262,2025-08-30
ACC_102058,Grant Ltd,CORPORATE,HK,0.122,2024-07-07
ACC_102059,Peter Powers,INDIVIDUAL,GB,0.37,2025-04-29
ACC_102060,Stephen Martinez,INDIVIDUAL,HK,0.243,2025-08-16
ACC_102061,Mrs. Jennifer Willis,INDIVIDUAL,CN,0.321,2024-06-06
ACC_102062,Allen LLC,CORPORATE,SG,0.183,2024-02-13
ACC_102063,Tina Williamson,INDIVIDUAL,CN,0.237,2024-11-27
ACC_102064,Emma Ramirez MD,INDIVIDUAL,US,0.176,2024-07-16
ACC_102065,Brittany Lamb,INDIVIDUAL,US,0.142,2024-06-06
ACC_102066,Michael Miller,INDIVIDUAL,SG,0.229,2025-01-03
ACC_102067,Michael Williamson,INDIVIDUAL,US,0.224,2024-10-19
ACC_102068,Christopher Peck,INDIVIDUAL,US,0.085,2025-07-14
ACC_102069,Tony Pena,INDIVIDUAL,SG,0.393,2024-01-15
ACC_102070,Alexandra Neal,INDIVIDUAL,US,0.214,2025-08-24
ACC_102071,Denise Wu,INDIVIDUAL,KY,0.91,2024-10-04
ACC_102072,Hicks-Singh,CORPORATE,SG,0.37,2023-12-16
ACC_102073,Katie Moon,INDIVIDUAL,HK,0.18,2024-07-22
ACC_102074,Jason Simmons,INDIVIDUAL,GB,0.195,2025-03-08
ACC_102075,Ann York,INDIVIDUAL,US,0.247,2025-05-09
ACC_102076,Patricia Kelly,INDIVIDUAL,US,0.127,2023-11-06
ACC_102077,Jesse Williams,INDIVIDUAL,US,0.101,2024-03-24
ACC_102078,Rachel Martin,INDIVIDUAL,VG,0.765,2024-05-26
ACC_102079,Willis and Sons,SHELL_COMPANY,SG,0.934,2023-10-14
ACC_102080,Melissa Martin,INDIVIDUAL,US,0.253,2025-01-14
ACC_102081,Lisa Lyons,INDIVIDUAL,US,0.196,2023-11-30
ACC_102082,Karen Butler DVM,INDIVIDUAL,US,0.103,2024-11-19
ACC_102083,Anne Mccoy,INDIVIDUAL,US,0.165,2024-05-04
ACC_102084,Dawn Haney,INDIVIDUAL,US,0.183,2024-08-11
ACC_102085,Scott Skinner,INDIVIDUAL,TW,0.342,2025-09-26
ACC_102086,Shelly Bishop,INDIVIDUAL,HK,0.225,2024-12-20
ACC_102087,"Blake, Rowe and Lopez",CORPORATE,TW,0.279,2025-03-31
ACC_102088,Shawn Ray,INDIVIDUAL,KY,0.871,2024-10-05
ACC_102089,Tammy Waters,INDIVIDUAL,US,0.14,2024-02-26
ACC_102090,Darlene Stout,INDIVIDUAL,SG,0.338,2024-09-07
ACC_102091,Chelsea Hayes,INDIVIDUAL,US,0.388,2025-05-29
ACC_102092,Michael Fitzpatrick,INDIVIDUAL,SG,0.275,2024-01-14
ACC_102093,Jennifer Sherman,INDIVIDUAL,SG,0.222,2025-08-11
ACC_102094,John Tanner,INDIVIDUAL,GB,0.109,2024-09-02
ACC_102095,"Church, Key and Gill",CORPORATE,VG,0.899,2024-07-20
ACC_102096,Robert Morris,INDIVIDUAL,GB,0.109,2024-10-06
ACC_102097,Kelsey Miles,INDIVIDUAL,US,0.302,2023-12-02
ACC_102098,Brandy Guerrero,INDIVIDUAL,US,0.221,2023-10-17
ACC_102099,Crystal Hayes,INDIVIDUAL,SG,0.371,2025-03-17
ACC_102100,Cohen-Jones,CORPORATE,US,0.24,2025-02-23
ACC_102101,Tammy Long,INDIVIDUAL,TW,0.275,2024-05-04
ACC_102102,John James,INDIVIDUAL,HK,0.071,2024-10-06
ACC_102103,Cynthia Hess,INDIVIDUAL,HK,0.062,2025-04-14
ACC_102104,Zachary Robinson,INDIVIDUAL,US,0.346,2024-10-03
ACC_102105,Nathan Alvarez,INDIVIDUAL,SG,0.381,2024-10-16
ACC_102106,Hannah Young,INDIVIDUAL,US,0.284,2025-07-13
ACC_102107,Julia Bell,INDIVIDUAL,KY,0.891,2023-10-08
ACC_102108,Christopher Warren,INDIVIDUAL,HK,0.194,2024-09-03
ACC_102109,Jose Larson,INDIVIDUAL,US,0.345,2024-12-22
ACC_102110,Mr. Christopher Medina Jr.,INDIVIDUAL,SG,0.131,2023-10-21
ACC_102111,Thompson LLC,CORPORATE,KY,0.877,2025-03-21
ACC_102112,Briana Sosa,INDIVIDUAL,GB,0.053,2024-12-01
ACC_102113,Vanessa Odonnell,INDIVIDUAL,SG,0.227,2025-03-19
ACC_102114,Ryan Cox,INDIVIDUAL,US,0.181,2025-01-10
ACC_102115,Thomas Wells,INDIVIDUAL,SG,0.266,2024-07-27
ACC_102116,Kathryn Lane,INDIVIDUAL,CN,0.283,2024-08-23
ACC_102117,Jessica Lynch,INDIVIDUAL,US,0.266,2024-09-06
ACC_102118,Tiffany Peterson,INDIVIDUAL,GB,0.219,2024-09-13
ACC_102119,Charlene Richards,INDIVIDUAL,US,0.221,2025-09-22
ACC_102120,Michelle Adams,INDIVIDUAL,US,0.052,2025-01-22
ACC_102121,Carrillo-Everett,CORPORATE,HK,0.243,2025-07-15
ACC_102122,Jeffrey Santiago,INDIVIDUAL,CN,0.054,2025-03-25
ACC_102123,Melanie Wolf,INDIVIDUAL,US,0.235,2025-09-23
ACC_102124,Corey Hernandez,INDIVIDUAL,TW,0.146,2025-07-03
ACC_102125,Kenneth Gallagher,INDIVIDUAL,US,0.392,2023-11-29
ACC_102126,Melissa Bentley,INDIVIDUAL,HK,0.056,2024-08-23
ACC_102127,Jorge Dawson,INDIVIDUAL,SG,0.335,2023-12-08
ACC_102128,Smith LLC,SHELL_COMPANY,HK,0.869,2024-10-30
ACC_102129,John Chung,INDIVIDUAL,HK,0.332,2025-01-04
ACC_102130,Virginia Smith,INDIVIDUAL,VG,0.927,2025-06-28
ACC_102131,Stacy Pineda,INDIVIDUAL,US,0.087,2024-10-04
ACC_102132,Martin Scott,INDIVIDUAL,HK,0.084,2024-03-24
ACC_102133,John Nelson,INDIVIDUAL,US,0.102,2025-05-23
ACC_102134,Flores-Carlson,CORPORATE,CN,0.117,2025-06-20
ACC_102135,Sean Fowler,INDIVIDUAL,TW,0.234,2024-06-13
ACC_102136,Miranda Simmons,INDIVIDUAL,HK,0.335,2024-07-27
ACC_102137,Kelly Johnson,INDIVIDUAL,SG,0.144,2023-11-09
ACC_102138,Ricardo Hill,INDIVIDUAL,US,0.189,2023-10-07
ACC_102139,Kevin Shepherd,INDIVIDUAL,US,0.181,2024-03-29
ACC_102140,Dalton Hunter,INDIVIDUAL,GB,0.192,2025-06-18
ACC_102141,Alexander Garcia,INDIVIDUAL,US,0.248,2025-06-21
ACC_102142,Janet Lawrence,INDIVIDUAL,SG,0.397,2024-05-30
ACC_102143,Wood Ltd,CORPORATE,SG,0.129,2024-02-22
ACC_102144,Scott Miles,INDIVIDUAL,KY,0.871,2024-09-08
ACC_102145,Mark Miller,INDIVIDUAL,US,0.347,2024-03-18
ACC_102146,Diane Key,INDIVIDUAL,CN,0.279,2024-07-21
ACC_102147,Darryl Hurley,INDIVIDUAL,US,0.35,2024-07-26
ACC_102148,Daniel Gamble,INDIVIDUAL,US,0.316,2025-07-12
ACC_102149,Jason Bernard,INDIVIDUAL,SG,0.083,2024-01-14
ACC_102150,Shannon Martinez,INDIVIDUAL,CN,0.183,2024-07-12
ACC_102151,Ballard and Sons,CORPORATE,SG,0.243,2025-09-19
ACC_102152,"Howard, Brooks and Mckay",CORPORATE,US,0.07,2025-03-15
ACC_102153,Sandra Williams,INDIVIDUAL,SG,0.053,2024-11-08
ACC_102154,Nelson-Alvarez,CORPORATE,GB,0.11,2024-05-25
ACC_102155,Marvin Holland,INDIVIDUAL,CN,0.225,2024-09-09
ACC_102156,Anthony Evans,INDIVIDUAL,VG,0.808,2025-01-19
ACC_102157,Vaughn and Sons,SHELL_COMPANY,US,0.896,2025-09-30
ACC_102158,Mr. Justin Hayden,INDIVIDUAL,US,0.248,2024-06-12
ACC_102159,Sarah Bell,INDIVIDUAL,HK,0.35,2024-07-07
ACC_102160,Christina Coleman,INDIVIDUAL,CN,0.083,2024-04-20
ACC_102161,Brittany Collins,INDIVIDUAL,HK,0.235,2025-01-02
ACC_102162,Watson PLC,CORPORATE,TW,0.065,2024-05-24
ACC_102163,Jamie Jones,INDIVIDUAL,TW,0.124,2023-12-27
ACC_102164,Anthony Long,INDIVIDUAL,KY,0.917,2023-12-23
ACC_102165,Kelsey Koch,INDIVIDUAL,US,0.361,2024-04-12
ACC_102166,Mark Johnson,INDIVIDUAL,SG,0.216,2025-02-11
ACC_102167,Jake Ware,INDIVIDUAL,US,0.066,2025-03-04
ACC_102168,Theresa Martinez,INDIVIDUAL,CN,0.076,2024-09-22
ACC_102169,Lauren Mcfarland,INDIVIDUAL,US,0.374,2024-06-16
ACC_102170,Victoria Fisher,INDIVIDUAL,US,0.365,2025-02-18
ACC_102171,"Ross, Rodriguez and Brown",CORPORATE,KY,0.841,2024-05-24
ACC_102172,Terri Robinson,INDIVIDUAL,US,0.062,2024-08-28
ACC_102173,Ruiz-Estrada,CORPORATE,SG,0.375,2024-08-30
ACC_102174,"Gonzalez, Herman and Mitchell",CORPORATE,SG,0.16,2023-11-20
ACC_102175,"Jones, Holt and Booth",CORPORATE,SG,0.387,2023-12-13
ACC_102176,Michael Miller,INDIVIDUAL,TW,0.255,2025-03-06
ACC_102177,Lauren Khan,INDIVIDUAL,SG,0.313,2024-06-04
ACC_102178,Kathleen Bean,INDIVIDUAL,SG,0.299,2025-05-14
ACC_102179,Dr. Eric Owen,INDIVIDUAL,US,0.189,2025-09-27
ACC_102180,Kaitlyn Love,INDIVIDUAL,SG,0.077,2025-01-11
ACC_102181,Gardner Inc,CORPORATE,HK,0.107,2024-09-05
ACC_102182,David Figueroa,INDIVIDUAL,SG,0.134,2025-01-23
ACC_102183,Garrett Robinson,INDIVIDUAL,HK,0.342,2024-08-31
ACC_102184,Steven Weaver,INDIVIDUAL,US,0.186,2025-02-17
ACC_102185,Tammy Smith,INDIVIDUAL,US,0.364,2024-02-10
ACC_102186,Joshua Thomas,INDIVIDUAL,US,0.166,2024-05-23
ACC_102187,Susan Riley,INDIVIDUAL,HK,0.314,2024-02-01
ACC_102188,Jackie Miller,INDIVIDUAL,KY,0.735,2024-05-13
ACC_102189,Miss Heather Allen MD,INDIVIDUAL,HK,0.396,2023-11-01
ACC_102190,Patrick Thomas,INDIVIDUAL,US,0.303,2025-08-14
ACC_102191,Melissa Miller,INDIVIDUAL,SG,0.225,2024-04-14
ACC_102192,Ross PLC,CORPORATE,SG,0.391,2024-05-07
ACC_102193,Ramirez Ltd,SHELL_COMPANY,US,0.713,2024-12-08
ACC_102194,Dr. Trevor Carroll,INDIVIDUAL,US,0.203,2025-08-09
ACC_102195,Richard Little,INDIVIDUAL,HK,0.344,2025-06-01
ACC_102196,Angel Leon,INDIVIDUAL,US,0.169,2024-06-06
ACC_102197,Kaufman-Jackson,CORPORATE,KY,0.892,2025-09-04
ACC_102198,Raymond Lucas,INDIVIDUAL,US,0.384,2025-05-13
ACC_102199,Misty Stephens,INDIVIDUAL,US,0.189,2023-11-14
ACC_102200,Adrienne Campbell,INDIVIDUAL,HK,0.321,2025-05-20
ACC_102201,Gloria Jacobs,INDIVIDUAL,US,0.06,2024-11-30
ACC_102202,"Cardenas, Miller and Hicks",SHELL_COMPANY,SG,0.768,2024-08-17
ACC_102203,Krause-Gonzales,CORPORATE,US,0.397,2023-12-04
ACC_102204,Kimberly Ford,INDIVIDUAL,SG,0.222,2024-07-12
ACC_102205,Jeffrey Oconnell,INDIVIDUAL,US,0.175,2024-06-23
ACC_102206,Felicia Young,INDIVIDUAL,SG,0.379,2024-10-13
ACC_102207,Sean Hodges,INDIVIDUAL,HK,0.201,2025-03-12
ACC_102208,Caleb Simmons,INDIVIDUAL,US,0.288,2025-07-06
ACC_102209,Brian Jordan,INDIVIDUAL,US,0.281,2025-07-17
ACC_102210,Marc Cooper,INDIVIDUAL,TW,0.08,2025-06-19
ACC_102211,Jane Wells,INDIVIDUAL,GB,0.267,2024-11-24
ACC_102212,Amy Schwartz,INDIVIDUAL,US,0.329,2024-03-06
ACC_102213,Melissa Stein,INDIVIDUAL,US,0.3,2025-04-28
ACC_102214,Carmen Walker,INDIVIDUAL,GB,0.079,2025-01-20
ACC_102215,Megan Rivera,INDIVIDUAL,HK,0.104,2024-01-03
ACC_102216,Brian Summers,INDIVIDUAL,CN,0.299,2025-03-14
ACC_102217,Robert Garcia,INDIVIDUAL,US,0.272,2024-10-22
ACC_102218,Jeffrey Rich,INDIVIDUAL,GB,0.309,2025-09-09
ACC_102219,"Potter, Walls and Skinner",SHELL_COMPANY,US,0.779,2025-03-05
ACC_102220,Moore PLC,CORPORATE,KY,0.727,2025-05-24
ACC_102221,Debra Bentley,INDIVIDUAL,US,0.052,2023-11-11
ACC_102222,Phillip Ross,INDIVIDUAL,TW,0.158,2023-10-15
ACC_102223,Jasmine Mathis,INDIVIDUAL,GB,0.176,2024-07-14
ACC_102224,Christopher Brown,INDIVIDUAL,GB,0.144,2025-03-01
ACC_102225,Jonathan Lewis,INDIVIDUAL,SG,0.096,2025-06-21
ACC_102226,Rojas Ltd,CORPORATE,KY,0.747,2024-04-27
ACC_102227,"Jones, Smith and Williamson",CORPORATE,US,0.207,2024-04-23
ACC_102228,George Soto,INDIVIDUAL,US,0.244,2023-12-07
ACC_102229,Derek Cantrell,INDIVIDUAL,HK,0.193,2025-01-30
ACC_102230,Amanda Rodriguez,INDIVIDUAL,HK,0.059,2023-11-30
ACC_102231,"Anderson, Smith and Jones",SHELL_COMPANY,US,0.788,2024-12-31
ACC_102232,Elizabeth Johnson,INDIVIDUAL,US,0.083,2025-09-25
ACC_102233,Teresa Vincent,INDIVIDUAL,US,0.259,2025-05-15
ACC_102234,Garza-Estrada,CORPORATE,VG,0.781,2023-10-23
ACC_102235,Flynn LLC,CORPORATE,TW,0.185,2025-04-10
ACC_102236,Barbara Dodson,INDIVIDUAL,US,0.152,2024-11-12
ACC_102237,Omar Le,INDIVIDUAL,HK,0.186,2025-01-26
ACC_102238,Rhonda Bailey,INDIVIDUAL,US,0.08,2025-07-23
ACC_102239,Sean Chaney,INDIVIDUAL,SG,0.365,2024-05-03
ACC_102240,Brandon David,INDIVIDUAL,HK,0.367,2024-03-12
ACC_102241,Caleb West,INDIVIDUAL,SG,0.392,2025-08-19
ACC_102242,Scott Blackwell,INDIVIDUAL,GB,0.25,2024-02-21
ACC_102243,Judith Ford,INDIVIDUAL,US,0.109,2024-12-02
ACC_102244,"Anderson, Figueroa and Garner",CORPORATE,SG,0.183,2023-12-16
ACC_102245,Sandra White,INDIVIDUAL,SG,0.099,2024-05-22
ACC_102246,Daniel Martinez,INDIVIDUAL,GB,0.155,2024-11-23
ACC_102247,Kristina Vincent,INDIVIDUAL,SG,0.223,2025-05-20
ACC_102248,Robert Bates,INDIVIDUAL,US,0.072,2024-02-27
ACC_102249,Christopher Brown,INDIVIDUAL,HK,0.202,2024-07-23
ACC_102250,Caitlin Wolf,INDIVIDUAL,HK,0.197,2025-06-30
ACC_102251,Cameron Anderson,INDIVIDUAL,US,0.219,2025-06-27
ACC_102252,Jacob Banks,INDIVIDUAL,US,0.077,2024-04-28
ACC_102253,Christopher Harris,INDIVIDUAL,US,0.138,2024-05-27
ACC_102254,Jennifer Williams,INDIVIDUAL,CN,0.136,2025-01-21
ACC_102255,James Brooks,INDIVIDUAL,HK,0.269,2024-07-10
ACC_102256,Javier Lara,INDIVIDUAL,SG,0.258,2024-06-11
ACC_102257,Jessica Wright,INDIVIDUAL,HK,0.118,2024-12-05
ACC_102258,Joyce Harris,INDIVIDUAL,VG,0.727,2023-12-22
ACC_102259,Jessica Huynh,INDIVIDUAL,US,0.157,2025-04-25
ACC_102260,"Harper, Bowman and Farrell",CORPORATE,SG,0.382,2024-11-28
ACC_102261,Reed-Nelson,CORPORATE,SG,0.166,2023-10-08
ACC_102262,"Ward, Franco and Hughes",CORPORATE,HK,0.267,2023-12-05
ACC_102263,Michael Ingram,INDIVIDUAL,CN,0.331,2024-05-21
ACC_102264,Angel Green,INDIVIDUAL,US,0.165,2024-03-20
ACC_102265,Michael Vasquez,INDIVIDUAL,US,0.167,2024-10-18
ACC_102266,Michael Butler,INDIVIDUAL,US,0.335,2024-12-08
ACC_102267,Morgan Vargas,INDIVIDUAL,SG,0.351,2024-08-18
ACC_102268,Jose Peterson,INDIVIDUAL,SG,0.391,2024-07-04
ACC_102269,Bruce Shelton,INDIVIDUAL,US,0.098,2025-08-05
ACC_102270,Laura Lee,INDIVIDUAL,HK,0.162,2024-04-10
ACC_102271,Theresa Thompson,INDIVIDUAL,US,0.382,2025-01-04
ACC_102272,Lucas Cardenas,INDIVIDUAL,KY,0.75,2025-03-29
ACC_102273,James Silva,INDIVIDUAL,SG,0.16,2024-09-16
ACC_102274,Karla Bell,INDIVIDUAL,GB,0.388,2024-08-16
ACC_102275,Powell PLC,CORPORATE,US,0.389,2025-05-12
ACC_102276,Danielle Mercer,INDIVIDUAL,VG,0.773,2024-05-19
ACC_102277,Justin Ballard,INDIVIDUAL,SG,0.293,2024-06-08
ACC_102278,Jennifer Choi,INDIVIDUAL,SG,0.222,2025-05-17
ACC_102279,Gill-Garcia,CORPORATE,TW,0.252,2024-05-29
ACC_102280,Sean Mccoy,INDIVIDUAL,US,0.135,2025-07-27
ACC_102281,Fisher Inc,CORPORATE,US,0.182,2024-12-23
ACC_102282,Dr. Robert Erickson MD,INDIVIDUAL,VG,0.904,2024-05-12
ACC_102283,Amber Hart,INDIVIDUAL,US,0.188,2025-05-05
ACC_102284,Justin Mann,INDIVIDUAL,VG,0.728,2025-07-01
ACC_102285,Brian Donovan,INDIVIDUAL,SG,0.247,2025-09-26
ACC_102286,Tyler Patel,INDIVIDUAL,GB,0.257,2025-06-20
ACC_102287,"Butler, Roman and Allison",CORPORATE,US,0.241,2024-06-22
ACC_102288,Timothy Galvan,INDIVIDUAL,US,0.289,2024-03-17
ACC_102289,Mckee PLC,SHELL_COMPANY,SG,0.838,2023-10-23
ACC_102290,"Pugh, Dominguez and Gutierrez",CORPORATE,US,0.384,2024-08-31
ACC_102291,Taylor Ltd,CORPORATE,GB,0.212,2025-07-17
ACC_102292,Sandra Jenkins,INDIVIDUAL,TW,0.298,2024-03-20
ACC_102293,Kimberly Calderon,INDIVIDUAL,US,0.203,2024-10-10
ACC_102294,Adrian Moore,INDIVIDUAL,GB,0.152,2025-01-08
ACC_102295,Michael Norris,INDIVIDUAL,US,0.292,2025-06-26
ACC_102296,Catherine Walker,INDIVIDUAL,US,0.337,2025-05-08
ACC_102297,Erik Ruiz,INDIVIDUAL,SG,0.328,2024-05-02
ACC_102298,Corey Fox,INDIVIDUAL,US,0.193,2025-09-19
ACC_102299,Cody Jenkins,INDIVIDUAL,US,0.225,2025-09-20
ACC_102300,Michael Ramirez,INDIVIDUAL,GB,0.272,2024-05-29
ACC_102301,Martinez-Johnson,CORPORATE,US,0.135,2025-01-05
ACC_102302,"Knight, Griffin and Matthews",CORPORATE,VG,0.865,2024-09-22
ACC_102303,Franco-Costa,CORPORATE,US,0.3,2025-02-10
ACC_102304,Johnson PLC,SHELL_COMPANY,US,0.897,2024-08-19
ACC_102305,Margaret Mitchell,INDIVIDUAL,US,0.076,2024-05-20
ACC_102306,Laura Campos,INDIVIDUAL,US,0.397,2025-04-27
ACC_102307,Michael Thompson,INDIVIDUAL,US,0.218,2024-04-30
ACC_102308,"Thomas, Miller and Smith",CORPORATE,VG,0.8,2024-07-24
ACC_102309,Laura Scott,INDIVIDUAL,VG,0.827,2025-06-13
ACC_102310,Juarez PLC,CORPORATE,GB,0.372,2024-05-20
ACC_102311,Albert Armstrong,INDIVIDUAL,SG,0.292,2024-04-25
ACC_102312,Fowler-Rocha,CORPORATE,SG,0.24,2024-03-18
ACC_102313,Danielle Gardner,INDIVIDUAL,HK,0.327,2024-05-14
ACC_102314,Michael Miller,INDIVIDUAL,HK,0.176,2023-10-14
ACC_102315,David Santiago,INDIVIDUAL,US,0.363,2023-12-01
ACC_102316,Porter Inc,CORPORATE,VG,0.834,2025-08-12
ACC_102317,Sara Adams,INDIVIDUAL,TW,0.273,2024-01-14
ACC_102318,Lauren Gibson,INDIVIDUAL,SG,0.08,2024-12-25
ACC_102319,Bowen-Thompson,CORPORATE,KY,0.892,2024-11-02
ACC_102320,Davis-Harris,CORPORATE,US,0.28,2025-05-20
ACC_102321,West-Williams,CORPORATE,US,0.174,2024-07-11
ACC_102322,Charlotte Hall,INDIVIDUAL,GB,0.276,2025-07-25
ACC_102323,Stephanie Park,INDIVIDUAL,US,0.066,2025-07-21
ACC_102324,"Anderson, Austin and Alvarado",CORPORATE,US,0.394,2024-05-05
ACC_102325,Tammy Davis,INDIVIDUAL,GB,0.287,2025-07-25
ACC_102326,Katherine Henry,INDIVIDUAL,KY,0.8,2025-08-27
ACC_102327,Isabella Garcia,INDIVIDUAL,US,0.313,2025-05-23
ACC_102328,Garcia-Smith,CORPORATE,HK,0.388,2025-04-25
ACC_102329,Kara Johnson,INDIVIDUAL,GB,0.201,2023-10-19
ACC_102330,Jonathan Smith,INDIVIDUAL,SG,0.054,2025-06-21
ACC_102331,Dennis Morrison,INDIVIDUAL,KY,0.765,2024-01-17
ACC_102332,Baker Group,CORPORATE,GB,0.229,2023-11-16
ACC_102333,Emily Gallegos,INDIVIDUAL,KY,0.83,2024-02-03
ACC_102334,Laura Ingram,INDIVIDUAL,SG,0.253,2024-04-18
ACC_102335,Kara Daniels,INDIVIDUAL,VG,0.844,2024-06-27
ACC_102336,Jessica Carey,INDIVIDUAL,US,0.206,2025-01-14
ACC_102337,Julie Lopez,INDIVIDUAL,VG,0.798,2023-12-04
ACC_102338,Stephen Alexander MD,INDIVIDUAL,TW,0.32,2023-10-22
ACC_102339,Valerie Smith,INDIVIDUAL,SG,0.256,2023-11-18
ACC_102340,Nicole Watts,INDIVIDUAL,US,0.225,2025-09-21
ACC_102341,Goodman Ltd,CORPORATE,US,0.171,2024-04-30
ACC_102342,Tucker and Sons,CORPORATE,US,0.059,2023-10-23
ACC_102343,Tamara Lewis,INDIVIDUAL,US,0.087,2023-11-02
ACC_102344,Michael Thompson,INDIVIDUAL,TW,0.196,2024-09-25
ACC_102345,Christine Miranda,INDIVIDUAL,US,0.387,2025-04-26
ACC_102346,Tiffany Ramirez,INDIVIDUAL,HK,0.091,2024-07-18
ACC_102347,Travis Mcclure,INDIVIDUAL,VG,0.935,2024-11-19
ACC_102348,Tammy Owen,INDIVIDUAL,HK,0.1,2025-04-01
ACC_102349,Jeremy Jones,INDIVIDUAL,TW,0.159,2024-09-28
ACC_102350,Michael Johnson,INDIVIDUAL,US,0.209,2025-06-23
ACC_102351,Michael Coleman,INDIVIDUAL,SG,0.122,2025-05-02
ACC_102352,Matthew Carey,INDIVIDUAL,HK,0.219,2024-09-21
ACC_102353,"Nichols, Simpson and Rivas",CORPORATE,US,0.217,2023-12-08
ACC_102354,Ward-Johnston,CORPORATE,SG,0.203,2023-12-17
ACC_102355,Jason Choi,INDIVIDUAL,HK,0.294,2025-01-12
ACC_102356,Charles Woods,INDIVIDUAL,GB,0.162,2025-05-31
ACC_102357,Cynthia Vargas,INDIVIDUAL,US,0.155,2025-02-09
ACC_102358,Brandon Bradford,INDIVIDUAL,TW,0.334,2024-01-27
ACC_102359,Tanya Wiley,INDIVIDUAL,CN,0.09,2025-02-08
ACC_102360,Emily Miller,INDIVIDUAL,US,0.347,2024-07-22
ACC_102361,Heidi Silva,INDIVIDUAL,HK,0.277,2025-08-19
ACC_102362,Bradley Hart,INDIVIDUAL,US,0.287,2024-08-25
ACC_102363,Stark Group,CORPORATE,KY,0.741,2025-10-02
ACC_102364,Michael Thornton,INDIVIDUAL,US,0.394,2025-06-28
ACC_102365,Jill Smith,INDIVIDUAL,US,0.135,2024-12-13
ACC_102366,Rhonda Yoder,INDIVIDUAL,CN,0.111,2024-08-26
ACC_102367,Nicole Brooks,INDIVIDUAL,US,0.106,2024-04-03
ACC_102368,Laura Boyd,INDIVIDUAL,US,0.246,2025-06-29
ACC_102369,Christian Long,INDIVIDUAL,SG,0.385,2025-05-02
ACC_102370,Fernando Munoz,INDIVIDUAL,US,0.131,2025-08-22
ACC_102371,Deborah Parker,INDIVIDUAL,TW,0.192,2023-12-15
ACC_102372,Toni Murray,INDIVIDUAL,US,0.115,2025-09-02
ACC_102373,Manuel Fritz,INDIVIDUAL,US,0.274,2024-06-13
ACC_102374,Rachael Jones,INDIVIDUAL,KY,0.808,2025-07-05
ACC_102375,James Deleon,INDIVIDUAL,HK,0.06,2024-08-30
ACC_102376,Angela Gonzalez,INDIVIDUAL,HK,0.265,2023-11-26
ACC_102377,Garcia-Le,CORPORATE,VG,0.749,2024-10-23
ACC_102378,Russell Hayes,INDIVIDUAL,GB,0.257,2023-12-16
ACC_102379,Susan Walter,INDIVIDUAL,TW,0.186,2024-11-12
ACC_102380,Maria Lawson,INDIVIDUAL,TW,0.297,2025-02-10
ACC_102381,Rush-Henry,CORPORATE,US,0.122,2024-05-10
ACC_102382,Jacob James,INDIVIDUAL,TW,0.313,2024-04-01
ACC_102383,Lopez Group,CORPORATE,US,0.333,2024-08-27
ACC_102384,Taylor Alexander,INDIVIDUAL,US,0.072,2025-01-11
ACC_102385,April Chaney,INDIVIDUAL,HK,0.086,2024-01-01
ACC_102386,Steven Webb,INDIVIDUAL,KY,0.918,2025-08-25
ACC_102387,Jamie Olson,INDIVIDUAL,KY,0.747,2025-07-17
ACC_102388,Matthew Harris,INDIVIDUAL,US,0.164,2025-01-07
ACC_102389,Kaitlyn Fuller,INDIVIDUAL,US,0.21,2025-04-11
ACC_102390,Gloria Mckee,INDIVIDUAL,US,0.142,2024-08-19
ACC_102391,Larry Fischer,INDIVIDUAL,US,0.352,2024-03-30
ACC_102392,Kayla Cline,INDIVIDUAL,US,0.235,2025-01-13
ACC_102393,Herrera-Cantrell,CORPORATE,CN,0.274,2024-05-05
ACC_102394,Mark Hendrix,INDIVIDUAL,US,0.259,2024-04-13
ACC_102395,Christopher Goodwin,INDIVIDUAL,TW,0.264,2023-12-02
ACC_102396,Jeffrey White,INDIVIDUAL,US,0.255,2024-07-14
ACC_102397,Caitlin Gonzalez,INDIVIDUAL,US,0.172,2025-05-05
ACC_102398,Matthew Howard,INDIVIDUAL,GB,0.346,2024-04-29
ACC_102399,Antonio West,INDIVIDUAL,SG,0.266,2024-10-08
ACC_102400,Allison Randolph,INDIVIDUAL,US,0.335,2024-12-19
ACC_102401,"Lang, Best and Callahan",CORPORATE,US,0.297,2024-10-06
ACC_102402,Johnson Group,CORPORATE,HK,0.154,2025-04-04
ACC_102403,Garrett Liu,INDIVIDUAL,TW,0.265,2024-01-22
ACC_102404,Kristina Poole,INDIVIDUAL,VG,0.721,2024-06-03
ACC_102405,James Hull,INDIVIDUAL,VG,0.733,2024-06-03
ACC_102406,Dennis Potter,INDIVIDUAL,HK,0.091,2024-04-23
ACC_102407,Berry-Miller,CORPORATE,CN,0.157,2025-09-20
ACC_102408,Frazier Ltd,CORPORATE,KY,0.746,2025-06-04
ACC_102409,"Delgado, Schmidt and Bell",CORPORATE,US,0.293,2025-09-08
ACC_102410,Danielle Gonzales,INDIVIDUAL,US,0.229,2024-07-01
ACC_102411,Alexander Bell,INDIVIDUAL,US,0.196,2025-05-25
ACC_102412,Kelli Cole,INDIVIDUAL,US,0.098,2025-01-21
ACC_102413,Anthony Harris,INDIVIDUAL,US,0.184,2025-01-14
ACC_102414,Christopher Hayes,INDIVIDUAL,HK,0.115,2024-07-30
ACC_102415,Avila Group,CORPORATE,GB,0.272,2024-08-03
ACC_102416,Monica Smith,INDIVIDUAL,US,0.293,2024-10-09
ACC_102417,Tracy Martin,INDIVIDUAL,US,0.276,2024-03-05
ACC_102418,Amanda Garza,INDIVIDUAL,HK,0.4,2024-05-13
ACC_102419,Elizabeth Mckay,INDIVIDUAL,US,0.244,2024-04-17
ACC_102420,"Johnson, Carrillo and Irwin",SHELL_COMPANY,TW,0.822,2024-09-20
ACC_102421,Steven Mitchell,INDIVIDUAL,US,0.099,2025-06-09
ACC_102422,Grace King,INDIVIDUAL,US,0.16,2024-12-16
ACC_102423,Lester-Wilson,CORPORATE,US,0.208,2025-04-10
ACC_102424,Allen PLC,CORPORATE,US,0.069,2024-12-07
ACC_102425,"Nunez, Sellers and Oliver",SHELL_COMPANY,US,0.79,2025-04-10
ACC_102426,House PLC,CORPORATE,US,0.053,2024-07-12
ACC_102427,Edward Thomas,INDIVIDUAL,US,0.098,2025-05-15
ACC_102428,Dawn Austin,INDIVIDUAL,CN,0.335,2025-01-14
ACC_102429,Allen-Harris,CORPORATE,VG,0.941,2025-03-11
ACC_102430,Jaime Oneal,INDIVIDUAL,KY,0.826,2024-09-08
ACC_102431,Charles Kim,INDIVIDUAL,US,0.223,2024-12-10
ACC_102432,Betty Hall,INDIVIDUAL,SG,0.29,2023-10-28
ACC_102433,Rebecca Wells,INDIVIDUAL,US,0.195,2025-09-23
ACC_102434,Mr. Stanley Wood,INDIVIDUAL,KY,0.91,2023-10-12
ACC_102435,Scott Finley,INDIVIDUAL,US,0.221,2024-08-27
ACC_102436,Pamela Morales,INDIVIDUAL,US,0.079,2024-06-14
ACC_102437,Nicole Smith,INDIVIDUAL,SG,0.061,2024-11-27
ACC_102438,Dr. Stacy Garcia,INDIVIDUAL,SG,0.316,2024-03-20
ACC_102439,Carlos Boyle,INDIVIDUAL,KY,0.773,2025-01-24
ACC_102440,Kayla Hernandez,INDIVIDUAL,HK,0.146,2025-03-19
ACC_102441,Elliott-Silva,CORPORATE,US,0.238,2024-08-22
ACC_102442,Regina Robinson,INDIVIDUAL,VG,0.742,2025-01-10
ACC_102443,Tonya Guerra,INDIVIDUAL,SG,0.21,2025-03-21
ACC_102444,Colton Carr,INDIVIDUAL,SG,0.31,2024-09-19
ACC_102445,Stacy Hudson,INDIVIDUAL,US,0.318,2024-05-17
ACC_102446,Selena Wilkerson,INDIVIDUAL,US,0.242,2024-12-06
ACC_102447,Jeffery Phillips,INDIVIDUAL,US,0.09,2024-05-03
ACC_102448,Christopher Bean,INDIVIDUAL,US,0.09,2025-04-03
ACC_102449,Dana Arnold,INDIVIDUAL,CN,0.321,2025-07-11
ACC_102450,Grace Payne,INDIVIDUAL,HK,0.338,2024-07-23
ACC_102451,Teresa Gray,INDIVIDUAL,US,0.178,2024-08-22
ACC_102452,Bradley Inc,CORPORATE,US,0.338,2025-01-26
ACC_102453,"Wise, Russell and Hill",SHELL_COMPANY,US,0.71,2024-01-19
ACC_102454,Gabriel Green,INDIVIDUAL,HK,0.302,2025-09-28
ACC_102455,Welch-Morgan,CORPORATE,SG,0.241,2024-01-29
ACC_102456,Ann Johnson,INDIVIDUAL,US,0.396,2025-03-28
ACC_102457,Tony Young,INDIVIDUAL,CN,0.086,2024-04-14
ACC_102458,Julie Noble,INDIVIDUAL,US,0.341,2025-08-15
ACC_102459,Marshall-Benton,CORPORATE,US,0.313,2023-12-05
ACC_102460,"Hess, Carter and Smith",SHELL_COMPANY,GB,0.774,2024-09-19
ACC_102461,Janice Anderson,INDIVIDUAL,VG,0.95,2025-06-05
ACC_102462,Karen Steele,INDIVIDUAL,US,0.207,2023-11-11
ACC_102463,Jackie Bradford,INDIVIDUAL,US,0.172,2025-06-10
ACC_102464,Kimberly Mueller,INDIVIDUAL,CN,0.336,2025-08-01
ACC_102465,Melissa Ware,INDIVIDUAL,US,0.204,2024-07-09
ACC_102466,"Powell, Payne and Stewart",SHELL_COMPANY,HK,0.948,2025-06-02
ACC_102467,Sherry Lane,INDIVIDUAL,US,0.321,2024-02-16
ACC_102468,Aguilar-Castillo,CORPORATE,SG,0.133,2024-10-14
ACC_102469,Trevino Inc,CORPORATE,KY,0.903,2023-12-09
ACC_102470,Paul Norton,INDIVIDUAL,HK,0.256,2025-04-23
ACC_102471,"Jensen, Olson and Krause",CORPORATE,US,0.173,2024-07-13
ACC_102472,Nguyen-Murphy,CORPORATE,CN,0.299,2025-05-23
ACC_102473,Christine Holt,INDIVIDUAL,GB,0.271,2025-09-24
ACC_102474,Mays-Silva,CORPORATE,KY,0.741,2023-12-16
ACC_102475,Carrie Jensen,INDIVIDUAL,US,0.099,2024-02-01
ACC_102476,Kelly Anderson,INDIVIDUAL,SG,0.122,2023-10-27
ACC_102477,Jason Green,INDIVIDUAL,GB,0.122,2024-06-22
ACC_102478,Mariah Williams,INDIVIDUAL,SG,0.071,2025-02-05
ACC_102479,Daniel Beasley,INDIVIDUAL,GB,0.173,2024-07-23
ACC_102480,Tracey Castro,INDIVIDUAL,US,0.148,2024-06-05
ACC_102481,Jonathan Campos,INDIVIDUAL,GB,0.239,2023-11-25
ACC_102482,Jacob Kelly,INDIVIDUAL,US,0.163,2024-04-18
ACC_102483,Hale LLC,SHELL_COMPANY,GB,0.876,2023-11-13
ACC_102484,Wright-White,SHELL_COMPANY,HK,0.772,2024-11-29
ACC_102485,Kelly Jones,INDIVIDUAL,VG,0.767,2024-06-25
ACC_102486,Courtney Bryant,INDIVIDUAL,GB,0.35,2024-05-23
ACC_102487,Pamela Rose,INDIVIDUAL,HK,0.395,2025-09-21
ACC_102488,Stephen Henry,INDIVIDUAL,US,0.288,2024-05-21
ACC_102489,Vanessa Ellis,INDIVIDUAL,US,0.083,2024-10-25
ACC_102490,Harrison and Sons,SHELL_COMPANY,US,0.941,2024-07-31
ACC_102491,Patricia Garcia,INDIVIDUAL,KY,0.896,2024-02-15
ACC_102492,Nicole Ellis,INDIVIDUAL,US,0.372,2025-03-15
ACC_102493,Cheryl Ellis,INDIVIDUAL,SG,0.397,2024-08-30
ACC_102494,Debra Miller,INDIVIDUAL,GB,0.353,2024-12-24
ACC_102495,"Thomas, Johnson and Munoz",SHELL_COMPANY,SG,0.732,2025-02-21
ACC_102496,Deborah Young,INDIVIDUAL,SG,0.353,2025-05-19
ACC_102497,Victoria Cook,INDIVIDUAL,VG,0.762,2024-02-02
ACC_102498,Paige Jackson,INDIVIDUAL,US,0.299,2025-07-06
ACC_102499,Berger Inc,CORPORATE,SG,0.34,2024-01-02
ACC_102500,Kayla Moore,INDIVIDUAL,HK,0.317,2025-07-28
ACC_102501,"Hull, Walker and Carter",CORPORATE,US,0.287,2025-03-31
ACC_102502,"Barr, Brown and Parker",CORPORATE,US,0.221,2025-04-06
ACC_102503,"Holmes, Green and Moore",CORPORATE,KY,0.844,2024-10-29
ACC_102504,Glenn Morales,INDIVIDUAL,HK,0.144,2024-01-16
ACC_102505,Lisa Hill,INDIVIDUAL,GB,0.195,2024-07-27
ACC_102506,Erin Santana,INDIVIDUAL,SG,0.208,2025-05-07
ACC_102507,Crystal Gonzalez,INDIVIDUAL,US,0.272,2024-02-18
ACC_102508,Calvin Thompson,INDIVIDUAL,US,0.358,2024-07-18
ACC_102509,Daryl Walters,INDIVIDUAL,VG,0.723,2025-01-24
ACC_102510,Charles Ray,INDIVIDUAL,HK,0.23,2024-04-09
ACC_102511,"Estrada, Jones and Lee",SHELL_COMPANY,GB,0.77,2025-06-28
ACC_102512,Moore LLC,CORPORATE,HK,0.378,2024-03-31
ACC_102513,Andrew Willis,INDIVIDUAL,US,0.179,2024-05-04
ACC_102514,Joshua Frost,INDIVIDUAL,US,0.383,2025-07-02
ACC_102515,Robert Stevens,INDIVIDUAL,HK,0.165,2024-09-15
ACC_102516,Michael Nelson,INDIVIDUAL,SG,0.051,2024-06-11
ACC_102517,Jose Greene,INDIVIDUAL,US,0.321,2024-03-09
ACC_102518,Jennifer Wilson,INDIVIDUAL,TW,0.306,2025-04-03
ACC_102519,Sara Elliott,INDIVIDUAL,CN,0.306,2023-11-21
ACC_102520,"Green, Boyle and Ferguson",CORPORATE,SG,0.21,2025-08-30
ACC_102521,Jenna Rogers,INDIVIDUAL,SG,0.282,2024-10-30
ACC_102522,Amy Pierce,INDIVIDUAL,SG,0.175,2024-05-05
ACC_102523,Julie Williams,INDIVIDUAL,HK,0.072,2023-12-05
ACC_102524,Kristin Baldwin,INDIVIDUAL,HK,0.237,2023-11-11
ACC_102525,Sean Anderson,INDIVIDUAL,KY,0.754,2024-11-23
ACC_102526,Michael Davis,INDIVIDUAL,US,0.2,2024-03-14
ACC_102527,Dustin Burke,INDIVIDUAL,SG,0.124,2024-12-24
ACC_102528,Aaron Goodwin,INDIVIDUAL,US,0.144,2025-06-16
ACC_102529,Michelle Walker,INDIVIDUAL,US,0.34,2024-02-08
ACC_102530,Robinson and Sons,CORPORATE,CN,0.168,2025-03-05
ACC_102531,Thomas Powers,INDIVIDUAL,US,0.252,2025-07-01
ACC_102532,Dr. Megan Hunter,INDIVIDUAL,US,0.248,2025-02-21
ACC_102533,William Mills Jr.,INDIVIDUAL,US,0.22,2024-08-23
ACC_102534,"Williamson, Simon and Cruz",CORPORATE,US,0.17,2024-05-14
ACC_102535,Amanda Wilson,INDIVIDUAL,GB,0.289,2023-10-13
ACC_102536,Andrew Taylor,INDIVIDUAL,US,0.067,2024-07-18
ACC_102537,Gonzalez PLC,SHELL_COMPANY,HK,0.725,2025-04-09
ACC_102538,Linda Calhoun,INDIVIDUAL,US,0.324,2025-02-20
ACC_102539,Samantha Wilson,INDIVIDUAL,HK,0.211,2024-08-24
ACC_102540,Debra Richards,INDIVIDUAL,US,0.093,2024-03-21
ACC_102541,Richard-Fowler,CORPORATE,US,0.35,2024-11-21
ACC_102542,Suzanne Moss,INDIVIDUAL,HK,0.204,2025-09-21
ACC_102543,"Herrera, Sullivan and Gonzalez",CORPORATE,US,0.05,2024-01-20
ACC_102544,Stacey Daniel,INDIVIDUAL,US,0.385,2025-02-25
ACC_102545,Stacy Wall,INDIVIDUAL,US,0.121,2025-06-04
ACC_102546,"Roberts, Chandler and Martinez",CORPORATE,US,0.291,2024-11-20
ACC_102547,Christopher Dudley,INDIVIDUAL,HK,0.096,2025-08-29
ACC_102548,"Gallegos, Harding and Barnes",CORPORATE,US,0.277,2023-10-20
ACC_102549,Michael Campbell,INDIVIDUAL,US,0.106,2023-11-06
ACC_102550,David Gonzales MD,INDIVIDUAL,SG,0.376,2024-12-22
ACC_102551,Sharon Christian,INDIVIDUAL,US,0.146,2024-08-21
ACC_102552,Ronald Mckenzie,INDIVIDUAL,US,0.279,2023-11-03
ACC_102553,Brianna Sanchez,INDIVIDUAL,US,0.138,2023-11-11
ACC_102554,Glass LLC,CORPORATE,TW,0.18,2024-04-14
ACC_102555,Porter-Gay,SHELL_COMPANY,VG,0.926,2024-04-06
ACC_102556,Bianca Anderson,INDIVIDUAL,GB,0.108,2024-03-14
ACC_102557,Jessica Collins,INDIVIDUAL,SG,0.189,2024-10-22
ACC_102558,Philip Luna,INDIVIDUAL,HK,0.157,2025-09-15
ACC_102559,"Anderson, Williams and Gamble",CORPORATE,US,0.295,2024-07-02
ACC_102560,Carlos Pena,INDIVIDUAL,CN,0.132,2024-11-10
ACC_102561,Vernon Miranda,INDIVIDUAL,HK,0.279,2025-02-22
ACC_102562,Gregory-Williams,CORPORATE,SG,0.296,2023-10-21
ACC_102563,Derek James,INDIVIDUAL,US,0.05,2023-12-27
ACC_102564,Monique Watkins,INDIVIDUAL,VG,0.819,2023-11-15
ACC_102565,Courtney Freeman,INDIVIDUAL,HK,0.096,2023-11-07
ACC_102566,Courtney Stephens,INDIVIDUAL,US,0.129,2023-12-18
ACC_102567,Richards-Mooney,SHELL_COMPANY,US,0.87,2025-06-09
ACC_102568,John Martin,INDIVIDUAL,US,0.053,2023-11-06
ACC_102569,Timothy Johnson,INDIVIDUAL,CN,0.293,2024-07-14
ACC_102570,Austin Hill,INDIVIDUAL,US,0.336,2024-07-18
ACC_102571,Brandon Franco,INDIVIDUAL,GB,0.396,2024-11-08
ACC_102572,Timothy Freeman,INDIVIDUAL,VG,0.806,2024-01-20
ACC_102573,Karen Johnson,INDIVIDUAL,VG,0.733,2025-06-10
ACC_102574,Jeanne Austin,INDIVIDUAL,US,0.075,2025-05-17
ACC_102575,Dr. Christina Webb MD,INDIVIDUAL,US,0.184,2025-01-24
ACC_102576,Torres-Smith,CORPORATE,GB,0.306,2023-11-05
ACC_102577,John Mullins,INDIVIDUAL,US,0.086,2023-12-27
ACC_102578,Carrie Castaneda,INDIVIDUAL,GB,0.16,2025-05-16
ACC_102579,Keith Madden,INDIVIDUAL,US,0.358,2025-03-12
ACC_102580,Felicia Porter,INDIVIDUAL,US,0.098,2024-04-28
ACC_102581,Jonathan Doyle,INDIVIDUAL,HK,0.321,2024-02-03
ACC_102582,Laurie Gray,INDIVIDUAL,TW,0.314,2024-06-19
ACC_102583,Rachel Roth MD,INDIVIDUAL,US,0.097,2023-10-27
ACC_102584,Mrs. Kristin Lewis MD,INDIVIDUAL,GB,0.398,2025-03-02
ACC_102585,Michael Stewart,INDIVIDUAL,SG,0.1,2024-12-06
ACC_102586,Ashley Reynolds,INDIVIDUAL,US,0.236,2025-01-01
ACC_102587,Kara Wright,INDIVIDUAL,KY,0.702,2025-08-10
ACC_102588,Bishop Inc,CORPORATE,US,0.278,2024-02-25
ACC_102589,Jodi Davila,INDIVIDUAL,CN,0.204,2025-04-15
ACC_102590,Rebecca Williams,INDIVIDUAL,KY,0.881,2024-02-02
ACC_102591,Ryan Pittman,INDIVIDUAL,CN,0.27,2025-01-01
ACC_102592,Taylor-Taylor,CORPORATE,CN,0.103,2025-01-03
ACC_102593,Derrick Peterson,INDIVIDUAL,US,0.194,2024-10-10
ACC_102594,Watkins-Evans,CORPORATE,US,0.29,2025-02-26
ACC_102595,Beth Pugh,INDIVIDUAL,GB,0.351,2024-01-14
ACC_102596,James PLC,CORPORATE,CN,0.08,2025-06-11
ACC_102597,John Burke,INDIVIDUAL,GB,0.085,2024-08-20
ACC_102598,Christopher Campbell,INDIVIDUAL,US,0.313,2024-04-16
ACC_102599,Rhonda Williams,INDIVIDUAL,US,0.256,2024-05-08
ACC_102600,Connor Wilson,INDIVIDUAL,TW,0.184,2023-10-16
ACC_102601,Charlene Jenkins,INDIVIDUAL,GB,0.387,2024-09-01
ACC_102602,Jackson and Sons,SHELL_COMPANY,US,0.779,2025-03-21
ACC_102603,Velazquez Inc,CORPORATE,HK,0.099,2025-09-10
ACC_102604,"Gonzalez, Porter and Martinez",CORPORATE,US,0.147,2025-01-26
ACC_102605,Mclean Inc,CORPORATE,US,0.079,2024-12-23
ACC_102606,Jessica Walsh,INDIVIDUAL,GB,0.244,2024-01-30
ACC_102607,Angela Gardner,INDIVIDUAL,SG,0.26,2025-09-02
ACC_102608,Larry Villa,INDIVIDUAL,GB,0.263,2025-07-08
ACC_102609,Wanda Lopez,INDIVIDUAL,US,0.323,2024-02-11
ACC_102610,Christina Keith,INDIVIDUAL,HK,0.292,2024-05-21
ACC_102611,Darin Jones,INDIVIDUAL,US,0.347,2024-07-02
ACC_102612,Jessica Hebert,INDIVIDUAL,US,0.28,2025-09-17
ACC_102613,Jason Young,INDIVIDUAL,VG,0.775,2025-09-16
ACC_102614,Eric Gray,INDIVIDUAL,SG,0.231,2024-03-14
ACC_102615,Laura Gallagher,INDIVIDUAL,HK,0.228,2025-08-09
ACC_102616,Hannah Mcdonald,INDIVIDUAL,HK,0.312,2024-11-01
ACC_102617,Thomas Smith,INDIVIDUAL,US,0.153,2024-02-08
ACC_102618,Mrs. Jacqueline Davenport,INDIVIDUAL,SG,0.069,2023-11-08
ACC_102619,Zachary Marshall,INDIVIDUAL,US,0.364,2023-11-14
ACC_102620,Gill Inc,SHELL_COMPANY,HK,0.939,2024-11-08
ACC_102621,Ryan Ray,INDIVIDUAL,CN,0.223,2025-03-15
ACC_102622,David Sharp,INDIVIDUAL,SG,0.089,2023-12-16
ACC_102623,Valentine Ltd,CORPORATE,VG,0.825,2024-09-08
ACC_102624,Mark Oliver,INDIVIDUAL,HK,0.258,2024-05-22
ACC_102625,Timothy Brown,INDIVIDUAL,TW,0.235,2025-04-03
ACC_102626,Timothy Morris,INDIVIDUAL,US,0.392,2023-12-28
ACC_102627,"Rogers, Jones and Jones",CORPORATE,HK,0.395,2025-08-16
ACC_102628,Emily Padilla,INDIVIDUAL,HK,0.377,2024-07-03
ACC_102629,Christina Taylor,INDIVIDUAL,VG,0.733,2024-02-11
ACC_102630,Theresa Nguyen,INDIVIDUAL,KY,0.915,2024-11-17
ACC_102631,Tiffany Phillips,INDIVIDUAL,US,0.249,2025-02-24
ACC_102632,Reed PLC,SHELL_COMPANY,HK,0.791,2024-09-20
ACC_102633,Jeffrey Taylor,INDIVIDUAL,HK,0.289,2024-11-10
ACC_102634,"Love, Mendez and Sullivan",CORPORATE,US,0.317,2025-08-28
ACC_102635,Kathleen Holmes,INDIVIDUAL,US,0.384,2025-09-18
ACC_102636,Michelle Daniel,INDIVIDUAL,GB,0.32,2024-08-12
ACC_102637,Sheri Webster,INDIVIDUAL,US,0.056,2024-10-13
ACC_102638,Richard Richardson,INDIVIDUAL,US,0.074,2025-05-10
ACC_102639,Ballard and Sons,CORPORATE,US,0.142,2024-04-19
ACC_102640,Clayton-Buck,SHELL_COMPANY,HK,0.71,2025-02-16
ACC_102641,Jacob Porter,INDIVIDUAL,VG,0.715,2025-02-21
ACC_102642,Alexandria Walker,INDIVIDUAL,GB,0.326,2025-09-29
ACC_102643,Barrett and Sons,SHELL_COMPANY,US,0.827,2024-03-23
ACC_102644,Robert Lee,INDIVIDUAL,GB,0.27,2023-11-03
ACC_102645,Benjamin Barber,INDIVIDUAL,US,0.225,2024-03-16
ACC_102646,Joseph James,INDIVIDUAL,US,0.195,2024-03-03
ACC_102647,"Jackson, Richards and Perry",CORPORATE,US,0.296,2023-12-05
ACC_102648,April Mcknight,INDIVIDUAL,SG,0.079,2024-12-26
ACC_102649,Gregory Campbell,INDIVIDUAL,US,0.238,2025-05-16
ACC_102650,Walker-Johnson,CORPORATE,US,0.266,2023-12-01
ACC_102651,Williams Inc,CORPORATE,VG,0.769,2024-10-01
ACC_102652,Kristy Reyes,INDIVIDUAL,HK,0.158,2024-01-09
ACC_102653,Bryan Norris,INDIVIDUAL,US,0.229,2024-10-28
ACC_102654,"King, Lewis and Miller",CORPORATE,VG,0.751,2024-10-23
ACC_102655,Steven Johnson,INDIVIDUAL,SG,0.333,2024-06-13
ACC_102656,Wood-Rodriguez,CORPORATE,TW,0.238,2024-01-24
ACC_102657,Tara Jones,INDIVIDUAL,HK,0.187,2025-05-11
ACC_102658,Daniel Wiley,INDIVIDUAL,TW,0.272,2023-12-23
ACC_102659,William George,INDIVIDUAL,SG,0.342,2025-07-03
ACC_102660,James Mayo,INDIVIDUAL,US,0.288,2024-04-20
ACC_102661,Mary Martin,INDIVIDUAL,TW,0.073,2025-09-27
ACC_102662,Crystal Brady,INDIVIDUAL,SG,0.295,2023-12-01
ACC_102663,James Williams,INDIVIDUAL,US,0.305,2024-07-06
ACC_102664,Amber Smith,INDIVIDUAL,HK,0.346,2024-07-06
ACC_102665,Jason White,INDIVIDUAL,US,0.07,2025-07-13
ACC_102666,Jacob Oconnell,INDIVIDUAL,US,0.08,2025-04-29
ACC_102667,Anderson Ltd,SHELL_COMPANY,CN,0.809,2024-12-23
ACC_102668,Bailey Shepherd,INDIVIDUAL,SG,0.209,2025-02-09
ACC_102669,"Odom, Leblanc and Ramirez",CORPORATE,US,0.263,2024-03-05
ACC_102670,Norman LLC,CORPORATE,CN,0.158,2024-07-05
ACC_102671,Edwin Harvey,INDIVIDUAL,US,0.31,2025-07-14
ACC_102672,"Lane, Brown and Fernandez",SHELL_COMPANY,HK,0.885,2024-10-18
ACC_102673,Brittany Barnes,INDIVIDUAL,US,0.092,2024-03-13
ACC_102674,Aaron Alvarez,INDIVIDUAL,SG,0.298,2024-06-12
ACC_102675,Samantha Rivas,INDIVIDUAL,TW,0.296,2024-10-18
ACC_102676,Keith Tanner,INDIVIDUAL,HK,0.107,2024-03-27
ACC_102677,Kim Huffman,INDIVIDUAL,HK,0.384,2025-04-13
ACC_102678,David Young,INDIVIDUAL,TW,0.233,2023-12-12
ACC_102679,"Mason, Richardson and York",CORPORATE,HK,0.324,2024-06-19
ACC_102680,Sara Edwards,INDIVIDUAL,US,0.302,2024-09-09
ACC_102681,Charles Floyd,INDIVIDUAL,SG,0.108,2025-03-30
ACC_102682,Michael Alvarado,INDIVIDUAL,TW,0.094,2024-12-16
ACC_102683,Chad Stuart,INDIVIDUAL,US,0.323,2025-02-17
ACC_102684,Perry-Gray,CORPORATE,US,0.144,2024-01-30
ACC_102685,Heather Moore,INDIVIDUAL,US,0.36,2024-12-20
ACC_102686,Charles Lamb,INDIVIDUAL,GB,0.32,2024-05-19
ACC_102687,Joseph Moore,INDIVIDUAL,GB,0.06,2025-09-03
ACC_102688,Mrs. Lisa Taylor,INDIVIDUAL,US,0.332,2024-04-21
ACC_102689,Mitchell Inc,CORPORATE,US,0.145,2025-02-14
ACC_102690,Daniel Morris,INDIVIDUAL,HK,0.072,2025-04-28
ACC_102691,Johnathan Cox,INDIVIDUAL,US,0.299,2024-04-10
ACC_102692,Donna Murray,INDIVIDUAL,HK,0.252,2025-06-13
ACC_102693,Michael Li,INDIVIDUAL,TW,0.077,2025-06-29
ACC_102694,Morgan Delacruz,INDIVIDUAL,VG,0.814,2025-03-04
ACC_102695,Mary Savage,INDIVIDUAL,SG,0.176,2024-03-01
ACC_102696,Smith Inc,CORPORATE,SG,0.225,2024-11-25
ACC_102697,William Hebert,INDIVIDUAL,US,0.248,2024-04-09
ACC_102698,Jeremy Spencer,INDIVIDUAL,HK,0.179,2025-03-07
ACC_102699,Mrs. Jennifer Meyers,INDIVIDUAL,VG,0.764,2024-01-13
ACC_102700,Stephen Stevens,INDIVIDUAL,TW,0.086,2024-10-11
ACC_102701,Kirk LLC,SHELL_COMPANY,US,0.843,2024-11-22
ACC_102702,Mr. Eric Huerta,INDIVIDUAL,VG,0.881,2025-06-23
ACC_102703,"Jacobson, Gonzales and Johnson",SHELL_COMPANY,HK,0.757,2024-11-26
ACC_102704,Eric Foster,INDIVIDUAL,HK,0.228,2024-08-22
ACC_102705,Thomas Gonzales,INDIVIDUAL,US,0.065,2025-08-16
ACC_102706,Richard Jackson,INDIVIDUAL,US,0.352,2024-05-26
ACC_102707,Craig Boone,INDIVIDUAL,US,0.136,2024-03-05
ACC_102708,Daniel Kelly,INDIVIDUAL,US,0.215,2025-05-12
ACC_102709,Donna Watkins,INDIVIDUAL,US,0.184,2024-12-08
ACC_102710,Vanessa Romero,INDIVIDUAL,US,0.103,2025-01-28
ACC_102711,Mercer-Patterson,SHELL_COMPANY,HK,0.933,2024-07-08
ACC_102712,Joel Camacho,INDIVIDUAL,SG,0.35,2025-05-11
ACC_102713,Rodriguez Group,SHELL_COMPANY,US,0.838,2024-04-24
ACC_102714,Jennifer King,INDIVIDUAL,GB,0.37,2025-03-10
ACC_102715,Sylvia Lane,INDIVIDUAL,US,0.309,2025-04-15
ACC_102716,Damon Smith,INDIVIDUAL,US,0.197,2024-08-13
ACC_102717,Paul Young,INDIVIDUAL,GB,0.163,2024-06-10
ACC_102718,Michelle Sanchez,INDIVIDUAL,KY,0.804,2025-09-25
ACC_102719,Megan Rush,INDIVIDUAL,KY,0.88,2024-08-11
ACC_102720,Christine Nelson,INDIVIDUAL,US,0.145,2024-04-19
ACC_102721,Jasmine Stephenson,INDIVIDUAL,TW,0.077,2024-11-29
ACC_102722,Anthony Gallagher,INDIVIDUAL,US,0.18,2025-05-21
ACC_102723,Robert Brown,INDIVIDUAL,SG,0.226,2024-04-14
ACC_102724,Jodi Hamilton,INDIVIDUAL,US,0.366,2025-08-08
ACC_102725,Christopher Wilson,INDIVIDUAL,US,0.113,2024-06-01
ACC_102726,Zachary Martin,INDIVIDUAL,HK,0.332,2025-04-15
ACC_102727,Lindsey Wells,INDIVIDUAL,US,0.393,2024-09-29
ACC_102728,Stacey Park,INDIVIDUAL,US,0.384,2024-05-01
ACC_102729,"Riley, Haynes and Rodriguez",SHELL_COMPANY,TW,0.717,2024-07-05
ACC_102730,Foley-Williams,CORPORATE,US,0.213,2024-12-28
ACC_102731,John Mullins,INDIVIDUAL,US,0.149,2025-09-08
ACC_102732,Nicholas Hernandez,INDIVIDUAL,HK,0.346,2025-08-06
ACC_102733,"Walsh, Floyd and Thompson",CORPORATE,VG,0.782,2023-10-12
ACC_102734,Johnson-Jones,CORPORATE,US,0.244,2024-12-13
ACC_102735,Shawna Luna,INDIVIDUAL,US,0.053,2025-04-04
ACC_102736,Anne Thomas,INDIVIDUAL,GB,0.12,2023-12-27
ACC_102737,Jerry Estrada,INDIVIDUAL,HK,0.247,2024-04-02
ACC_102738,Danny Dean,INDIVIDUAL,SG,0.156,2025-02-25
ACC_102739,Ramirez-Jones,CORPORATE,US,0.268,2025-08-30
ACC_102740,Jensen-Goodman,CORPORATE,US,0.212,2023-10-27
ACC_102741,Steven Jackson,INDIVIDUAL,GB,0.257,2024-10-13
ACC_102742,Theodore Stout,INDIVIDUAL,TW,0.223,2024-06-22
ACC_102743,Benjamin Mills,INDIVIDUAL,SG,0.32,2024-12-07
ACC_102744,Christina Tran,INDIVIDUAL,CN,0.118,2025-05-05
ACC_102745,Heather Phillips,INDIVIDUAL,GB,0.365,2025-06-15
ACC_102746,Taylor Bell,INDIVIDUAL,US,0.316,2025-09-22
ACC_102747,Jessica Castro,INDIVIDUAL,US,0.136,2025-04-23
ACC_102748,Timothy Lawson,INDIVIDUAL,VG,0.702,2023-11-10
ACC_102749,Carol Wu,INDIVIDUAL,SG,0.194,2023-12-26
ACC_102750,Michael Foster,INDIVIDUAL,US,0.132,2024-05-04
ACC_102751,Nathan Delgado,INDIVIDUAL,HK,0.171,2025-03-26
ACC_102752,Wayne Brown,INDIVIDUAL,US,0.344,2025-05-26
ACC_102753,Briana Christensen,INDIVIDUAL,US,0.357,2025-01-18
ACC_102754,Kimberly Mathis,INDIVIDUAL,HK,0.383,2023-12-21
ACC_102755,Jordan Zamora,INDIVIDUAL,CN,0.051,2024-12-24
ACC_102756,Martin-Carney,CORPORATE,GB,0.28,2024-02-22
ACC_102757,Adam Kennedy,INDIVIDUAL,GB,0.347,2024-09-10
ACC_102758,Robinson-Maxwell,CORPORATE,GB,0.305,2025-07-18
ACC_102759,Taylor Ortega,INDIVIDUAL,SG,0.086,2023-12-17
ACC_102760,Robles and Sons,CORPORATE,SG,0.235,2024-06-13
ACC_102761,Julie Austin,INDIVIDUAL,HK,0.133,2025-01-16
ACC_102762,Victor Christian,INDIVIDUAL,US,0.222,2025-03-22
ACC_102763,Mr. Antonio White,INDIVIDUAL,US,0.071,2024-03-05
ACC_102764,Gary Avery,INDIVIDUAL,US,0.399,2025-09-10
ACC_102765,Dr. Robert Clarke,INDIVIDUAL,US,0.299,2024-01-30
ACC_102766,Ross Liu,INDIVIDUAL,GB,0.083,2024-09-22
ACC_102767,Daniel Levy,INDIVIDUAL,US,0.372,2024-05-27
ACC_102768,Jackson Hale,INDIVIDUAL,VG,0.924,2024-01-23
ACC_102769,Julie Brown,INDIVIDUAL,HK,0.232,2024-08-25
ACC_102770,Brenda Smith,INDIVIDUAL,SG,0.295,2024-11-18
ACC_102771,Hamilton Inc,CORPORATE,KY,0.793,2024-09-30
ACC_102772,Scott Salazar,INDIVIDUAL,US,0.391,2025-04-12
ACC_102773,Dr. Helen Barber,INDIVIDUAL,US,0.08,2024-08-29
ACC_102774,Mark Castro,INDIVIDUAL,US,0.083,2024-09-16
ACC_102775,Steven Wright,INDIVIDUAL,US,0.097,2025-06-15
ACC_102776,"Simon, Clark and Rose",CORPORATE,SG,0.337,2025-06-10
ACC_102777,Quinn-Brown,CORPORATE,GB,0.076,2024-04-02
ACC_102778,Nichole Smith,INDIVIDUAL,GB,0.249,2024-06-12
ACC_102779,Laura Miller,INDIVIDUAL,SG,0.202,2024-04-30
ACC_102780,Patricia Jimenez,INDIVIDUAL,TW,0.387,2025-01-05
ACC_102781,Thomas Mitchell,INDIVIDUAL,US,0.133,2024-08-28
ACC_102782,Riley Group,CORPORATE,US,0.141,2023-10-24
ACC_102783,Jennifer Walker,INDIVIDUAL,GB,0.16,2024-06-24
ACC_102784,Hernandez-Perez,CORPORATE,TW,0.33,2024-04-27
ACC_102785,Hester Ltd,SHELL_COMPANY,US,0.875,2025-03-03
ACC_102786,"Cooley, Gonzalez and Brown",CORPORATE,SG,0.307,2024-05-05
ACC_102787,James Guerra,INDIVIDUAL,US,0.161,2024-03-03
ACC_102788,Charles Hall,INDIVIDUAL,TW,0.145,2025-02-26
ACC_102789,Roberts Group,CORPORATE,HK,0.076,2025-04-27
ACC_102790,Christy Barrera,INDIVIDUAL,US,0.121,2025-03-18
ACC_102791,Mcdaniel PLC,CORPORATE,GB,0.323,2025-05-19
ACC_102792,Stephen Smith,INDIVIDUAL,US,0.255,2024-05-29
ACC_102793,Alexander Reed,INDIVIDUAL,HK,0.104,2025-10-02
ACC_102794,Walker PLC,CORPORATE,SG,0.108,2025-06-07
ACC_102795,Mary Spence,INDIVIDUAL,HK,0.213,2025-06-09
ACC_102796,Ricardo Graves,INDIVIDUAL,TW,0.192,2024-01-04
ACC_102797,Cheyenne Jones,INDIVIDUAL,HK,0.238,2023-10-07
ACC_102798,Christopher Bauer,INDIVIDUAL,SG,0.388,2024-11-29
ACC_102799,Greg Chavez,INDIVIDUAL,GB,0.123,2025-03-05
ACC_102800,William Butler,INDIVIDUAL,US,0.158,2024-01-29
ACC_102801,William Morrison,INDIVIDUAL,SG,0.143,2024-02-13
ACC_102802,Monica Hanson,INDIVIDUAL,SG,0.092,2025-02-02
ACC_102803,Cooper-Smith,CORPORATE,VG,0.739,2024-06-30
ACC_102804,Joshua Green,INDIVIDUAL,HK,0.29,2025-02-20
ACC_102805,Dawn Robertson,INDIVIDUAL,SG,0.339,2023-11-27
ACC_102806,"Ortega, Dennis and Miller",CORPORATE,US,0.294,2025-01-18
ACC_102807,Nancy Bailey,INDIVIDUAL,KY,0.71,2024-07-21
ACC_102808,Allison-Duran,CORPORATE,US,0.343,2025-07-16
ACC_102809,Edward Stafford,INDIVIDUAL,US,0.165,2025-05-11
ACC_102810,Jeremy Quinn,INDIVIDUAL,CN,0.082,2025-05-06
ACC_102811,Greer-Green,CORPORATE,GB,0.137,2024-05-26
ACC_102812,Steven Combs,INDIVIDUAL,KY,0.789,2023-10-20
ACC_102813,Joseph Sutton,INDIVIDUAL,US,0.23,2024-05-23
ACC_102814,Gary Guerra,INDIVIDUAL,US,0.287,2024-05-18
ACC_102815,"Stanley, Williams and Oliver",CORPORATE,SG,0.141,2025-09-15
ACC_102816,Jason Martin,INDIVIDUAL,US,0.397,2024-04-26
ACC_102817,Edward King,INDIVIDUAL,US,0.061,2024-07-13
ACC_102818,Chelsea Lee,INDIVIDUAL,KY,0.801,2025-09-06
ACC_102819,Patrick Davis,INDIVIDUAL,US,0.208,2025-03-21
ACC_102820,Kristin Brady,INDIVIDUAL,KY,0.887,2024-09-30
ACC_102821,Rebecca Livingston,INDIVIDUAL,US,0.137,2025-07-04
ACC_102822,Elizabeth Gonzalez,INDIVIDUAL,US,0.212,2025-04-20
ACC_102823,Lauren Clark,INDIVIDUAL,GB,0.331,2024-07-19
ACC_102824,Travis Chavez,INDIVIDUAL,SG,0.099,2025-07-20
ACC_102825,Eric Mccormick,INDIVIDUAL,SG,0.054,2024-03-28
ACC_102826,Michael Navarro,INDIVIDUAL,US,0.341,2025-05-15
ACC_102827,Anna West,INDIVIDUAL,US,0.394,2023-10-21
ACC_102828,Brian Jones,INDIVIDUAL,VG,0.733,2025-09-21
ACC_102829,Hubbard and Sons,SHELL_COMPANY,SG,0.906,2025-07-06
ACC_102830,Rodney Ramirez,INDIVIDUAL,US,0.18,2023-10-30
ACC_102831,Graham PLC,CORPORATE,SG,0.271,2025-01-19
ACC_102832,Ethan Dalton,INDIVIDUAL,GB,0.276,2024-06-14
ACC_102833,Scott Willis,INDIVIDUAL,KY,0.846,2025-07-22
ACC_102834,Elizabeth Craig,INDIVIDUAL,GB,0.141,2025-03-13
ACC_102835,Collins-Hamilton,CORPORATE,US,0.334,2024-08-30
ACC_102836,Wendy Beck,INDIVIDUAL,US,0.058,2025-02-19
ACC_102837,Costa-Evans,SHELL_COMPANY,US,0.716,2024-10-30
ACC_102838,Robert Vega,INDIVIDUAL,US,0.366,2024-10-23
ACC_102839,Kyle Sanders,INDIVIDUAL,US,0.205,2024-04-28
ACC_102840,Roy Clark,INDIVIDUAL,HK,0.095,2023-12-15
ACC_102841,Taylor Ltd,CORPORATE,US,0.367,2025-08-18
ACC_102842,Laurie Brooks,INDIVIDUAL,GB,0.34,2023-12-21
ACC_102843,Michael Ford,INDIVIDUAL,CN,0.166,2025-05-30
ACC_102844,Monica Dyer,INDIVIDUAL,SG,0.065,2025-04-11
ACC_102845,Kevin Sullivan,INDIVIDUAL,US,0.211,2024-07-17
ACC_102846,Nicholas Stevenson,INDIVIDUAL,SG,0.109,2024-01-20
ACC_102847,"Morton, Riley and Harris",CORPORATE,US,0.251,2024-04-20
ACC_102848,Christina Harrison,INDIVIDUAL,HK,0.338,2024-06-11
ACC_102849,Barajas LLC,SHELL_COMPANY,US,0.799,2023-11-23
ACC_102850,Alyssa Hernandez,INDIVIDUAL,US,0.06,2024-06-19
ACC_102851,Timothy Knox,INDIVIDUAL,US,0.289,2025-09-20
ACC_102852,Ross-James,CORPORATE,US,0.11,2024-08-31
ACC_102853,"Fuller, Sims and Campbell",CORPORATE,US,0.125,2025-04-05
ACC_102854,William Potts,INDIVIDUAL,CN,0.116,2024-12-12
ACC_102855,Gregory Wallace,INDIVIDUAL,TW,0.148,2024-01-15
ACC_102856,Melissa Ballard,INDIVIDUAL,CN,0.359,2025-07-19
ACC_102857,Luis Ortega,INDIVIDUAL,US,0.062,2025-03-10
ACC_102858,Andrea Boyd,INDIVIDUAL,US,0.267,2024-08-17
ACC_102859,Matthew Crawford DVM,INDIVIDUAL,US,0.136,2024-11-03
ACC_102860,Lauren Kennedy,INDIVIDUAL,HK,0.153,2024-04-06
ACC_102861,Martinez-Walker,CORPORATE,US,0.194,2024-04-17
ACC_102862,Marcus Martinez,INDIVIDUAL,SG,0.243,2024-02-09
ACC_102863,Carolyn Drake,INDIVIDUAL,US,0.071,2024-10-03
ACC_102864,Arthur Brady,INDIVIDUAL,CN,0.148,2024-09-03
ACC_102865,"Smith, Watson and Yates",CORPORATE,US,0.098,2025-07-27
ACC_102866,Julie Snyder,INDIVIDUAL,HK,0.12,2024-11-27
ACC_102867,Scott Reed,INDIVIDUAL,SG,0.36,2023-10-26
ACC_102868,Shelia Murphy,INDIVIDUAL,US,0.234,2025-03-17
ACC_102869,Austin Keller,INDIVIDUAL,HK,0.271,2024-12-20
ACC_102870,"Blake, Trujillo and Wright",CORPORATE,SG,0.331,2025-02-17
ACC_102871,"Bell, Kirby and Strickland",CORPORATE,TW,0.328,2025-01-05
ACC_102872,Trevor Alvarez,INDIVIDUAL,SG,0.396,2024-04-08
ACC_102873,Bradley Bray,INDIVIDUAL,TW,0.324,2024-01-11
ACC_102874,Stewart PLC,SHELL_COMPANY,SG,0.79,2023-11-04
ACC_102875,Joseph Knight,INDIVIDUAL,GB,0.241,2024-09-24
ACC_102876,Angela Shelton,INDIVIDUAL,GB,0.22,2025-03-24
ACC_102877,"Frost, Porter and Lucas",CORPORATE,US,0.369,2025-01-23
ACC_102878,Samantha Martinez,INDIVIDUAL,HK,0.226,2024-12-15
ACC_102879,Jose Allison,INDIVIDUAL,US,0.186,2024-09-23
ACC_102880,"Hughes, Jones and Cain",CORPORATE,CN,0.113,2025-06-15
ACC_102881,Hall-Byrd,CORPORATE,US,0.162,2025-09-16
ACC_102882,"Hernandez, Wright and Lambert",CORPORATE,GB,0.127,2024-01-22
ACC_102883,Stephen Lynch,INDIVIDUAL,US,0.364,2023-12-26
ACC_102884,Jerry Mcguire,INDIVIDUAL,CN,0.322,2025-04-04
ACC_102885,Joseph Schneider,INDIVIDUAL,GB,0.071,2024-10-31
ACC_102886,Michelle Roberts,INDIVIDUAL,GB,0.397,2023-12-23
ACC_102887,Brian Potter,INDIVIDUAL,US,0.235,2024-08-23
ACC_102888,Garrett York,INDIVIDUAL,US,0.318,2025-03-22
ACC_102889,Higgins LLC,CORPORATE,US,0.4,2024-07-08
ACC_102890,Amy Murphy,INDIVIDUAL,HK,0.391,2023-11-20
ACC_102891,Wayne Cortez,INDIVIDUAL,US,0.085,2024-05-08
ACC_102892,Barry Alexander,INDIVIDUAL,CN,0.28,2023-12-09
ACC_102893,Theodore Glover,INDIVIDUAL,KY,0.767,2024-07-22
ACC_102894,"Perry, Thomas and Garcia",SHELL_COMPANY,US,0.904,2025-09-01
ACC_102895,Brian White,INDIVIDUAL,SG,0.371,2025-04-23
ACC_102896,"Carpenter, Franklin and Gonzalez",SHELL_COMPANY,CN,0.714,2024-11-23
ACC_102897,John Ingram,INDIVIDUAL,GB,0.399,2024-11-24
ACC_102898,Donald Campbell,INDIVIDUAL,TW,0.127,2025-08-27
ACC_102899,Jennings and Sons,SHELL_COMPANY,US,0.912,2024-03-28
ACC_102900,Cheryl Johnson,INDIVIDUAL,US,0.329,2025-08-19
ACC_102901,Hannah Haley,INDIVIDUAL,KY,0.789,2025-03-02
ACC_102902,Morgan Dawson,INDIVIDUAL,US,0.344,2024-06-16
ACC_102903,Kristy Heath,INDIVIDUAL,TW,0.346,2024-07-01
ACC_102904,Robert Kaiser,INDIVIDUAL,HK,0.112,2025-08-18
ACC_102905,Rebecca Baker,INDIVIDUAL,TW,0.257,2024-10-18
ACC_102906,Sullivan-Brewer,CORPORATE,US,0.332,2025-02-09
ACC_102907,Jacqueline Grant,INDIVIDUAL,US,0.294,2025-03-14
ACC_102908,Joan Ortiz,INDIVIDUAL,SG,0.37,2025-10-01
ACC_102909,"Ortega, Scott and Rodriguez",CORPORATE,HK,0.06,2024-11-28
ACC_102910,Castillo PLC,CORPORATE,HK,0.295,2024-03-10
ACC_102911,Ana Burke,INDIVIDUAL,GB,0.382,2024-12-30
ACC_102912,Philip Gonzalez,INDIVIDUAL,US,0.247,2024-06-01
ACC_102913,Jordan Fisher,INDIVIDUAL,US,0.247,2024-10-20
ACC_102914,Kevin Boyle,INDIVIDUAL,HK,0.116,2024-04-24
ACC_102915,Lewis Group,SHELL_COMPANY,HK,0.947,2025-05-10
ACC_102916,Reyes-Green,CORPORATE,HK,0.359,2025-04-08
ACC_102917,Hogan Inc,CORPORATE,SG,0.222,2024-12-31
ACC_102918,"Mcdonald, Torres and Gonzalez",CORPORATE,HK,0.158,2024-02-17
ACC_102919,Alejandro Conner,INDIVIDUAL,SG,0.222,2024-02-02
ACC_102920,Matthew Martinez,INDIVIDUAL,US,0.082,2025-07-16
ACC_102921,Timothy Garcia,INDIVIDUAL,US,0.131,2024-12-01
ACC_102922,"Rogers, Perez and Ray",CORPORATE,US,0.127,2024-11-27
ACC_102923,Loretta Preston,INDIVIDUAL,GB,0.234,2024-02-20
ACC_102924,Megan Hancock,INDIVIDUAL,HK,0.05,2024-03-27
ACC_102925,Kevin Thompson,INDIVIDUAL,TW,0.371,2024-12-15
ACC_102926,Davis-Gibbs,CORPORATE,VG,0.75,2024-12-08
ACC_102927,Sherri Harris,INDIVIDUAL,GB,0.096,2023-12-07
ACC_102928,Marcia Smith,INDIVIDUAL,US,0.301,2025-10-03
ACC_102929,Kristin Turner,INDIVIDUAL,SG,0.372,2023-10-25
ACC_102930,Bill Huber,INDIVIDUAL,HK,0.345,2024-05-22
ACC_102931,Zachary Green,INDIVIDUAL,HK,0.163,2025-07-18
ACC_102932,David Silva,INDIVIDUAL,HK,0.058,2025-09-29
ACC_102933,Crystal Contreras,INDIVIDUAL,US,0.255,2023-10-27
ACC_102934,Turner Inc,CORPORATE,SG,0.371,2024-12-27
ACC_102935,Caroline Pena,INDIVIDUAL,US,0.321,2025-06-26
ACC_102936,Wendy Smith DVM,INDIVIDUAL,KY,0.912,2025-05-21
ACC_102937,Melissa Sharp,INDIVIDUAL,US,0.351,2024-11-05
ACC_102938,Thomas PLC,CORPORATE,SG,0.386,2025-03-27
ACC_102939,Laura Smith,INDIVIDUAL,HK,0.181,2025-07-03
ACC_102940,Abigail Gutierrez,INDIVIDUAL,SG,0.38,2023-10-07
ACC_102941,Sharon Hale,INDIVIDUAL,TW,0.188,2024-07-06
ACC_102942,Linda Garcia,INDIVIDUAL,HK,0.085,2024-04-16
ACC_102943,Alexis Cooper,INDIVIDUAL,CN,0.156,2024-06-07
ACC_102944,Hawkins-Roberts,CORPORATE,HK,0.098,2025-09-07
ACC_102945,Jackie Erickson,INDIVIDUAL,SG,0.105,2025-10-03
ACC_102946,Laura Rose,INDIVIDUAL,US,0.382,2025-01-18
ACC_102947,Kathryn Newman,INDIVIDUAL,US,0.327,2024-06-11
ACC_102948,Hamilton PLC,CORPORATE,US,0.386,2025-09-06
ACC_102949,Paul LLC,SHELL_COMPANY,HK,0.862,2024-07-28
ACC_102950,Erica Morales,INDIVIDUAL,HK,0.111,2025-09-22
ACC_102951,Blake Hunter,INDIVIDUAL,US,0.389,2024-12-25
ACC_102952,Ryan Ross,INDIVIDUAL,SG,0.293,2024-05-07
ACC_102953,Matthew Delgado,INDIVIDUAL,GB,0.375,2025-03-12
ACC_102954,Nancy Miller,INDIVIDUAL,US,0.325,2025-09-04
ACC_102955,Mary Massey,INDIVIDUAL,CN,0.128,2025-04-19
ACC_102956,Angela Miller,INDIVIDUAL,HK,0.256,2025-03-21
ACC_102957,Gregory Weber,INDIVIDUAL,US,0.111,2024-10-07
ACC_102958,Richardson Inc,SHELL_COMPANY,SG,0.777,2024-04-07
ACC_102959,Kenneth Holloway,INDIVIDUAL,SG,0.291,2025-07-08
ACC_102960,Ashley Patterson,INDIVIDUAL,TW,0.095,2025-08-01
ACC_102961,John Cannon,INDIVIDUAL,SG,0.305,2025-05-22
ACC_102962,Cassie Gaines MD,INDIVIDUAL,GB,0.382,2025-06-28
ACC_102963,"Hendrix, Clements and Harmon",CORPORATE,SG,0.382,2025-06-02
ACC_102964,Catherine Mack,INDIVIDUAL,VG,0.798,2024-09-11
ACC_102965,John Cooper,INDIVIDUAL,US,0.398,2024-11-09
ACC_102966,Robert Maddox,INDIVIDUAL,TW,0.388,2024-06-23
ACC_102967,Nicolas Perez,INDIVIDUAL,GB,0.061,2024-02-29
ACC_102968,Keith Johnson,INDIVIDUAL,US,0.261,2024-05-07
ACC_102969,Brittany Gibbs,INDIVIDUAL,US,0.372,2024-08-19
ACC_102970,Michael Nelson,INDIVIDUAL,US,0.389,2024-11-29
ACC_102971,Nicholas Ramos,INDIVIDUAL,VG,0.755,2025-07-03
ACC_102972,King and Sons,SHELL_COMPANY,US,0.841,2024-05-26
ACC_102973,Javier Vazquez,INDIVIDUAL,US,0.378,2023-11-14
ACC_102974,Erin Smith,INDIVIDUAL,KY,0.735,2025-01-07
ACC_102975,Richard Wright,INDIVIDUAL,US,0.311,2024-04-20
ACC_102976,"Jarvis, Woodard and Foster",CORPORATE,SG,0.133,2025-03-21
ACC_102977,Jennifer Willis,INDIVIDUAL,SG,0.394,2024-08-03
ACC_102978,Tracey Morrison,INDIVIDUAL,US,0.109,2024-11-04
ACC_102979,Gilmore-Burns,CORPORATE,KY,0.921,2025-07-20
ACC_102980,Jonathan Cox,INDIVIDUAL,CN,0.081,2025-03-12
ACC_102981,Mandy Baxter,INDIVIDUAL,GB,0.298,2025-03-30
ACC_102982,Todd Thompson,INDIVIDUAL,VG,0.86,2025-05-20
ACC_102983,"Hardin, Smith and Solis",CORPORATE,US,0.36,2025-06-13
ACC_102984,Reed Group,CORPORATE,KY,0.812,2023-11-24
ACC_102985,Jefferson Group,CORPORATE,US,0.143,2024-08-28
ACC_102986,"Page, Bowen and Brown",CORPORATE,VG,0.762,2023-12-20
ACC_102987,Sandra James,INDIVIDUAL,TW,0.074,2023-11-22
ACC_102988,Richard Ramos,INDIVIDUAL,US,0.14,2023-12-04
ACC_102989,Jill Taylor,INDIVIDUAL,SG,0.088,2024-10-26
ACC_102990,Julie Griffin,INDIVIDUAL,US,0.05,2024-04-09
ACC_102991,"Castaneda, Hernandez and Robinson",SHELL_COMPANY,US,0.796,2024-04-29
ACC_102992,Amanda Farley,INDIVIDUAL,US,0.306,2025-07-08
ACC_102993,John Carter,INDIVIDUAL,CN,0.389,2025-07-03
ACC_102994,Wendy Foster,INDIVIDUAL,KY,0.921,2025-06-21
ACC_102995,April Vincent,INDIVIDUAL,HK,0.223,2025-05-08
ACC_102996,Whitney Cabrera,INDIVIDUAL,HK,0.183,2024-06-26
ACC_102997,Lauren Holmes,INDIVIDUAL,SG,0.241,2025-02-25
ACC_102998,Gregory Johnston,INDIVIDUAL,GB,0.085,2023-11-07
ACC_102999,Michael Freeman,INDIVIDUAL,US,0.218,2023-12-30
ACC_103000,Christy Ewing,INDIVIDUAL,US,0.352,2024-04-29
ACC_103001,Baker LLC,CORPORATE,SG,0.278,2025-09-13
ACC_103002,Kimberly Ward,INDIVIDUAL,TW,0.291,2024-12-17
ACC_103003,Christopher Payne,INDIVIDUAL,US,0.107,2024-11-02
ACC_103004,Tim Steele,INDIVIDUAL,US,0.076,2025-02-05
ACC_103005,Ware Inc,CORPORATE,KY,0.911,2024-02-26
ACC_103006,Martin-Becker,SHELL_COMPANY,HK,0.774,2024-02-02
ACC_103007,Mrs. Hannah Bailey,INDIVIDUAL,GB,0.162,2024-07-09
ACC_103008,Tiffany Cunningham,INDIVIDUAL,HK,0.383,2024-09-21
ACC_103009,Veronica Bennett,INDIVIDUAL,US,0.076,2025-03-18
ACC_103010,Mr. Mark Mosley,INDIVIDUAL,VG,0.743,2025-09-11
ACC_103011,Wu PLC,CORPORATE,US,0.181,2024-08-24
ACC_103012,Melissa Chavez,INDIVIDUAL,US,0.306,2024-12-05
ACC_103013,Pearson-Contreras,CORPORATE,US,0.241,2025-03-17
ACC_103014,Frank Hurley,INDIVIDUAL,US,0.364,2025-04-03
ACC_103015,Gregory Nolan,INDIVIDUAL,US,0.083,2025-07-07
ACC_103016,"Baldwin, Cunningham and Smith",CORPORATE,US,0.258,2024-12-11
ACC_103017,Jonathan Barker,INDIVIDUAL,US,0.265,2024-12-17
ACC_103018,Caitlyn Green,INDIVIDUAL,VG,0.821,2025-02-17
ACC_103019,Kelly Petersen,INDIVIDUAL,VG,0.708,2025-08-30
ACC_103020,Adriana Sanford,INDIVIDUAL,US,0.38,2025-01-04
ACC_103021,Stacey Morris,INDIVIDUAL,US,0.108,2023-12-22
ACC_103022,Laura Martinez,INDIVIDUAL,GB,0.361,2024-04-30
ACC_103023,Rachel Fischer,INDIVIDUAL,HK,0.105,2023-11-07
ACC_103024,Brown Inc,CORPORATE,CN,0.085,2025-02-16
ACC_103025,Megan Macias,INDIVIDUAL,TW,0.122,2023-10-19
ACC_103026,Shawn Martin,INDIVIDUAL,US,0.116,2025-08-10
ACC_103027,Werner Group,CORPORATE,HK,0.294,2023-10-26
ACC_103028,Maurice Garcia,INDIVIDUAL,HK,0.303,2023-10-06
ACC_103029,Cox and Sons,CORPORATE,KY,0.882,2025-05-31
ACC_103030,Sara Garcia,INDIVIDUAL,US,0.143,2025-03-17
ACC_103031,Ashley Taylor,INDIVIDUAL,SG,0.149,2024-08-20
ACC_103032,Adam Griffin,INDIVIDUAL,GB,0.133,2025-09-05
ACC_103033,Janice Smith,INDIVIDUAL,US,0.067,2025-05-06
ACC_103034,Brandon Howell,INDIVIDUAL,US,0.25,2025-01-18
ACC_103035,Medina LLC,CORPORATE,US,0.344,2024-12-31
ACC_103036,Jade Burns,INDIVIDUAL,HK,0.104,2024-04-10
ACC_103037,Troy Johnson,INDIVIDUAL,US,0.176,2024-03-30
ACC_103038,Monica Cox,INDIVIDUAL,HK,0.2,2024-06-30
ACC_103039,Julie Harrington,INDIVIDUAL,US,0.153,2025-09-26
ACC_103040,Kevin Nunez,INDIVIDUAL,TW,0.282,2025-04-25
ACC_103041,Christopher Ford,INDIVIDUAL,US,0.26,2023-10-29
ACC_103042,Thomas Parks,INDIVIDUAL,HK,0.12,2024-12-22
ACC_103043,"Valenzuela, Edwards and Anderson",CORPORATE,US,0.059,2024-01-17
ACC_103044,Amber Miller,INDIVIDUAL,US,0.11,2025-02-21
ACC_103045,Jessica Webb,INDIVIDUAL,GB,0.152,2024-01-24
ACC_103046,Richard Benson,INDIVIDUAL,SG,0.079,2023-12-14
ACC_103047,Donna Allen,INDIVIDUAL,GB,0.345,2024-02-23
ACC_103048,Christopher Mcdaniel,INDIVIDUAL,VG,0.777,2025-06-12
ACC_103049,Jake Ortiz,INDIVIDUAL,VG,0.799,2024-10-04
ACC_103050,Monica Miller,INDIVIDUAL,GB,0.221,2025-01-11
ACC_103051,Alyssa Lin,INDIVIDUAL,CN,0.281,2024-01-15
ACC_103052,Joshua Luna,INDIVIDUAL,US,0.082,2024-04-21
ACC_103053,Christopher Stevens,INDIVIDUAL,US,0.24,2024-02-23
ACC_103054,Ruth Lamb,INDIVIDUAL,CN,0.115,2024-12-24
ACC_103055,Smith-Anderson,SHELL_COMPANY,US,0.921,2023-12-12
ACC_103056,Howard-Gibbs,CORPORATE,HK,0.179,2025-06-14
ACC_103057,Kendra White,INDIVIDUAL,GB,0.206,2025-08-14
ACC_103058,Christine Vaughan,INDIVIDUAL,TW,0.142,2024-01-06
ACC_103059,Joseph Green,INDIVIDUAL,SG,0.213,2024-05-19
ACC_103060,Michelle Walton,INDIVIDUAL,US,0.129,2024-12-26
ACC_103061,Joseph Wang,INDIVIDUAL,TW,0.144,2024-08-02
ACC_103062,Hill-Horn,CORPORATE,GB,0.072,2024-01-11
ACC_103063,Joe Nichols,INDIVIDUAL,US,0.313,2024-01-10
ACC_103064,Angie Johnson,INDIVIDUAL,US,0.284,2024-04-23
ACC_103065,Rachael Scott,INDIVIDUAL,GB,0.08,2024-01-24
ACC_103066,Amber Peters,INDIVIDUAL,US,0.17,2024-09-12
ACC_103067,Krystal Andrews,INDIVIDUAL,US,0.24,2024-01-22
ACC_103068,Christine Dougherty,INDIVIDUAL,CN,0.39,2025-02-12
ACC_103069,Jeffrey Wheeler,INDIVIDUAL,KY,0.847,2025-01-12
ACC_103070,Anthony Meza,INDIVIDUAL,US,0.244,2025-08-02
ACC_103071,Brenda Porter,INDIVIDUAL,VG,0.91,2024-01-16
ACC_103072,Romero and Sons,CORPORATE,US,0.336,2024-10-12
ACC_103073,Albert Edwards,INDIVIDUAL,HK,0.197,2025-03-13
ACC_103074,Timothy White,INDIVIDUAL,CN,0.237,2024-09-06
ACC_103075,Natasha Kim,INDIVIDUAL,HK,0.353,2025-05-20
ACC_103076,Samuel Stuart,INDIVIDUAL,US,0.216,2025-08-06
ACC_103077,Daisy Woods,INDIVIDUAL,US,0.359,2025-02-24
ACC_103078,Lance Morton,INDIVIDUAL,GB,0.217,2024-03-15
ACC_103079,Elizabeth Barnes,INDIVIDUAL,KY,0.72,2025-03-10
ACC_103080,Louis Padilla,INDIVIDUAL,US,0.366,2025-06-23
ACC_103081,Marissa Parks,INDIVIDUAL,US,0.3,2025-08-10
ACC_103082,Carlos Woods,INDIVIDUAL,HK,0.226,2024-11-28
ACC_103083,Kimberly Jones,INDIVIDUAL,TW,0.365,2024-01-25
ACC_103084,Lauren Gonzalez,INDIVIDUAL,US,0.33,2025-07-17
ACC_103085,Michael Young,INDIVIDUAL,SG,0.287,2025-05-21
ACC_103086,Cynthia Gonzalez,INDIVIDUAL,KY,0.855,2025-08-08
ACC_103087,Katherine Hansen,INDIVIDUAL,HK,0.092,2025-07-21
ACC_103088,Steve Webster,INDIVIDUAL,US,0.315,2024-06-27
ACC_103089,Daniel Mcbride,INDIVIDUAL,US,0.111,2024-05-26
ACC_103090,Jose Flores,INDIVIDUAL,US,0.395,2024-10-24
ACC_103091,Bradley Smith,INDIVIDUAL,TW,0.39,2024-04-06
ACC_103092,Cynthia Roberts,INDIVIDUAL,KY,0.902,2025-09-18
ACC_103093,Barnes and Sons,CORPORATE,US,0.094,2024-09-23
ACC_103094,Logan Medina,INDIVIDUAL,US,0.198,2024-10-05
ACC_103095,Joe Chen,INDIVIDUAL,SG,0.396,2024-01-25
ACC_103096,"Hale, Riley and Warren",CORPORATE,CN,0.202,2024-05-24
ACC_103097,Kimberly Peck,INDIVIDUAL,US,0.399,2025-04-22
ACC_103098,Steven Kennedy,INDIVIDUAL,KY,0.857,2025-07-28
ACC_103099,Angelica Reese,INDIVIDUAL,US,0.342,2024-07-07
ACC_103100,Christine Garcia,INDIVIDUAL,HK,0.14,2024-08-13
ACC_103101,James and Sons,CORPORATE,SG,0.369,2024-11-05
ACC_103102,Patricia Cox,INDIVIDUAL,CN,0.37,2024-01-05
ACC_103103,Tiffany Arias,INDIVIDUAL,US,0.073,2024-09-25
ACC_103104,Todd Sanchez,INDIVIDUAL,US,0.186,2024-05-11
ACC_103105,Kathy Rodriguez,INDIVIDUAL,US,0.189,2025-10-01
ACC_103106,Casey Gilbert,INDIVIDUAL,US,0.164,2024-12-10
ACC_103107,Maldonado-Long,CORPORATE,KY,0.769,2024-09-03
ACC_103108,Crystal Webb,INDIVIDUAL,US,0.21,2024-11-03
ACC_103109,Sarah Torres,INDIVIDUAL,US,0.356,2025-01-30
ACC_103110,Meza-Smith,CORPORATE,GB,0.325,2025-07-10
ACC_103111,Lauren Thompson,INDIVIDUAL,US,0.268,2025-09-08
ACC_103112,Michael Hernandez,INDIVIDUAL,SG,0.233,2024-03-31
ACC_103113,Deanna Ellis DVM,INDIVIDUAL,TW,0.197,2024-12-17
ACC_103114,Stone Group,CORPORATE,US,0.195,2024-01-12
ACC_103115,Justin Hernandez,INDIVIDUAL,CN,0.102,2024-01-18
ACC_103116,Ashley Dyer,INDIVIDUAL,US,0.256,2025-06-02
ACC_103117,Willie Price,INDIVIDUAL,KY,0.89,2025-08-08
ACC_103118,Wendy Miller,INDIVIDUAL,SG,0.379,2025-04-21
ACC_103119,Wood LLC,CORPORATE,VG,0.931,2023-12-27
ACC_103120,"Montoya, Hendrix and Reynolds",CORPORATE,US,0.247,2023-11-19
ACC_103121,Melissa Rogers,INDIVIDUAL,GB,0.085,2024-08-01
ACC_103122,"Jackson, Martinez and Washington",CORPORATE,SG,0.15,2024-07-09
ACC_103123,Blake Wells,INDIVIDUAL,GB,0.237,2024-04-10
ACC_103124,Jennifer White,INDIVIDUAL,US,0.17,2025-06-27
ACC_103125,Matthew Sanchez,INDIVIDUAL,US,0.194,2023-10-23
ACC_103126,Tanya Owen,INDIVIDUAL,US,0.184,2024-11-10
ACC_103127,Joseph Lynch,INDIVIDUAL,HK,0.22,2024-07-28
ACC_103128,Julian Thomas,INDIVIDUAL,SG,0.263,2025-01-19
ACC_103129,Hall-Flynn,CORPORATE,US,0.063,2023-11-11
ACC_103130,Shelia Shaw,INDIVIDUAL,VG,0.769,2023-12-22
ACC_103131,Courtney Allen,INDIVIDUAL,TW,0.1,2025-04-06
ACC_103132,"Williams, Caldwell and Woodard",CORPORATE,HK,0.263,2025-06-07
ACC_103133,Gonzalez-Foster,SHELL_COMPANY,US,0.873,2024-08-08
ACC_103134,Karen Rice,INDIVIDUAL,SG,0.064,2023-10-29
ACC_103135,Marc Pearson,INDIVIDUAL,CN,0.361,2024-03-06
ACC_103136,Jamie Thomas,INDIVIDUAL,HK,0.166,2025-08-12
ACC_103137,Dillon Young,INDIVIDUAL,SG,0.133,2025-03-11
ACC_103138,Barbara Mccormick,INDIVIDUAL,US,0.311,2025-07-27
ACC_103139,Jones PLC,CORPORATE,US,0.372,2024-11-10
ACC_103140,Brooks-White,CORPORATE,SG,0.364,2025-02-12
ACC_103141,Orr-Wallace,CORPORATE,GB,0.057,2024-09-05
ACC_103142,Angela Ross,INDIVIDUAL,SG,0.336,2024-11-16
ACC_103143,Aguilar Group,CORPORATE,HK,0.156,2024-07-28
ACC_103144,"Jensen, Smith and Beard",SHELL_COMPANY,HK,0.77,2024-08-15
ACC_103145,Justin Hutchinson,INDIVIDUAL,US,0.222,2024-10-30
ACC_103146,Jones-Smith,SHELL_COMPANY,US,0.874,2025-08-24
ACC_103147,Scott-Padilla,CORPORATE,VG,0.725,2024-08-13
ACC_103148,Amy Coleman,INDIVIDUAL,US,0.354,2025-06-13
ACC_103149,Daniel Merritt,INDIVIDUAL,US,0.097,2025-07-07
ACC_103150,"Wang, Paul and Anthony",CORPORATE,HK,0.391,2025-09-14
ACC_103151,David Mitchell,INDIVIDUAL,GB,0.205,2025-02-20
ACC_103152,Jared Mckee,INDIVIDUAL,HK,0.339,2025-05-17
ACC_103153,Emily Aguilar,INDIVIDUAL,US,0.144,2024-02-14
ACC_103154,Kelly Duncan,INDIVIDUAL,KY,0.804,2024-08-01
ACC_103155,Christina Wright,INDIVIDUAL,HK,0.276,2024-03-20
ACC_103156,Hayley Hancock,INDIVIDUAL,US,0.116,2025-05-31
ACC_103157,Jennifer Barton,INDIVIDUAL,CN,0.124,2024-11-02
ACC_103158,Rodney Monroe,INDIVIDUAL,SG,0.338,2024-08-07
ACC_103159,Dan Martin,INDIVIDUAL,US,0.309,2024-03-30
ACC_103160,Gregory Smith,INDIVIDUAL,HK,0.316,2024-09-17
ACC_103161,Tyler Sullivan,INDIVIDUAL,US,0.354,2023-10-13
ACC_103162,Tara Elliott,INDIVIDUAL,US,0.337,2025-05-19
ACC_103163,"Miller, Coleman and Hart",SHELL_COMPANY,HK,0.829,2025-06-04
ACC_103164,Robert Pittman,INDIVIDUAL,US,0.106,2025-05-07
ACC_103165,Jordan Aguilar,INDIVIDUAL,GB,0.159,2024-08-17
ACC_103166,Heather Smith,INDIVIDUAL,HK,0.227,2025-09-28
ACC_103167,Alan Kelly,INDIVIDUAL,GB,0.097,2025-06-18
ACC_103168,Amy Becker,INDIVIDUAL,US,0.348,2025-03-02
ACC_103169,Bailey Kennedy,INDIVIDUAL,US,0.358,2025-04-08
ACC_103170,Shelley Sandoval,INDIVIDUAL,SG,0.06,2025-05-18
ACC_103171,Shane Ponce,INDIVIDUAL,KY,0.748,2024-08-16
ACC_103172,Jesus Patterson,INDIVIDUAL,US,0.342,2025-01-14
ACC_103173,Melinda Cohen,INDIVIDUAL,TW,0.343,2025-03-14
ACC_103174,Samuel Johnson,INDIVIDUAL,GB,0.137,2025-06-22
ACC_103175,Olivia Gonzales,INDIVIDUAL,HK,0.21,2025-03-30
ACC_103176,Jerry Torres,INDIVIDUAL,SG,0.371,2025-10-03
ACC_103177,"Porter, Velasquez and Scott",CORPORATE,TW,0.297,2024-02-18
ACC_103178,Joel Erickson,INDIVIDUAL,HK,0.146,2025-05-01
ACC_103179,Barker-Ingram,CORPORATE,SG,0.338,2023-11-05
ACC_103180,Jill Miller,INDIVIDUAL,HK,0.227,2025-04-23
ACC_103181,Joseph Williams,INDIVIDUAL,HK,0.272,2025-02-10
ACC_103182,Stephen Lambert,INDIVIDUAL,SG,0.093,2024-12-09
ACC_103183,Leslie Graham,INDIVIDUAL,US,0.061,2025-05-30
ACC_103184,Mrs. Emily Sanchez,INDIVIDUAL,KY,0.793,2024-04-04
ACC_103185,Sharon Klein,INDIVIDUAL,US,0.258,2023-12-02
ACC_103186,Kirby-Montgomery,CORPORATE,CN,0.112,2024-08-03
ACC_103187,Anne Taylor,INDIVIDUAL,US,0.355,2024-06-21
ACC_103188,Robert Shaffer,INDIVIDUAL,KY,0.847,2025-05-04
ACC_103189,"Calderon, Rodriguez and Watts",SHELL_COMPANY,VG,0.787,2024-09-29
ACC_103190,Mark Cruz,INDIVIDUAL,HK,0.107,2024-07-09
ACC_103191,Deanna Green,INDIVIDUAL,US,0.363,2024-10-15
ACC_103192,Paula Kent,INDIVIDUAL,SG,0.312,2025-08-23
ACC_103193,Felicia West,INDIVIDUAL,GB,0.291,2025-04-19
ACC_103194,Ashley Kennedy,INDIVIDUAL,SG,0.15,2025-07-26
ACC_103195,Katherine Hall,INDIVIDUAL,HK,0.185,2024-12-11
ACC_103196,Smith PLC,CORPORATE,SG,0.107,2024-11-28
ACC_103197,Fields-Morgan,SHELL_COMPANY,US,0.843,2025-05-19
ACC_103198,Debra Walker,INDIVIDUAL,US,0.388,2024-09-19
ACC_103199,Shawn Miller,INDIVIDUAL,VG,0.914,2025-08-12
ACC_103200,Emma Alvarado,INDIVIDUAL,VG,0.862,2025-01-31
ACC_103201,Laura Turner,INDIVIDUAL,VG,0.869,2023-11-08
ACC_103202,Michael Ramirez,INDIVIDUAL,VG,0.767,2025-06-21
ACC_103203,David Williams,INDIVIDUAL,US,0.193,2024-08-04
ACC_103204,Peggy Hudson,INDIVIDUAL,CN,0.057,2025-04-18
ACC_103205,Richard Beard,INDIVIDUAL,US,0.323,2023-12-12
ACC_103206,Randall Ltd,CORPORATE,US,0.319,2024-04-12
ACC_103207,Steven Meyers,INDIVIDUAL,HK,0.053,2025-05-09
ACC_103208,Pamela Lewis,INDIVIDUAL,CN,0.369,2023-10-10
ACC_103209,Vincent Ltd,CORPORATE,HK,0.277,2025-02-06
ACC_103210,Cunningham and Sons,SHELL_COMPANY,HK,0.85,2024-08-05
ACC_103211,Rachel Fletcher,INDIVIDUAL,US,0.053,2023-12-01
ACC_103212,Jack Merritt,INDIVIDUAL,US,0.138,2025-09-15
ACC_103213,Gibbs-Romero,CORPORATE,GB,0.332,2024-04-29
ACC_103214,Hannah Patel,INDIVIDUAL,SG,0.157,2025-08-02
ACC_103215,Kevin Bonilla,INDIVIDUAL,CN,0.388,2023-12-14
ACC_103216,Chavez-Wright,CORPORATE,HK,0.275,2024-09-13
ACC_103217,Sims-Aguilar,CORPORATE,SG,0.198,2024-12-28
ACC_103218,Pamela Brewer,INDIVIDUAL,US,0.182,2024-12-19
ACC_103219,Audrey Bryant,INDIVIDUAL,HK,0.172,2025-06-05
ACC_103220,Dalton Rodriguez,INDIVIDUAL,US,0.138,2024-10-06
ACC_103221,Andrew Collins,INDIVIDUAL,US,0.213,2023-11-17
ACC_103222,Donna Andrews,INDIVIDUAL,HK,0.287,2024-06-22
ACC_103223,Hernandez-Phillips,SHELL_COMPANY,HK,0.906,2025-04-30
ACC_103224,Gary Barrett,INDIVIDUAL,SG,0.189,2024-12-18
ACC_103225,Jackson-Rodriguez,CORPORATE,TW,0.086,2025-03-14
ACC_103226,William Pratt,INDIVIDUAL,US,0.229,2024-11-03
ACC_103227,"Davis, Graves and Burns",CORPORATE,US,0.282,2024-07-11
ACC_103228,Larry Bailey,INDIVIDUAL,HK,0.345,2025-09-20
ACC_103229,Stephanie White,INDIVIDUAL,US,0.181,2024-10-12
ACC_103230,Christopher Peterson,INDIVIDUAL,SG,0.277,2024-04-10
ACC_103231,"Brown, Johnson and Carter",CORPORATE,US,0.263,2025-03-24
ACC_103232,Reed Inc,CORPORATE,US,0.154,2024-10-13
ACC_103233,Alexis Green,INDIVIDUAL,US,0.088,2023-11-08
ACC_103234,"Miller, Armstrong and Wong",CORPORATE,GB,0.072,2025-05-31
ACC_103235,Andrea Williams,INDIVIDUAL,KY,0.947,2024-01-19
ACC_103236,Brianna Michael,INDIVIDUAL,TW,0.274,2024-06-03
ACC_103237,Angela Tucker,INDIVIDUAL,CN,0.352,2023-10-27
ACC_103238,Jacob Johnson,INDIVIDUAL,US,0.141,2023-10-20
ACC_103239,Robert Crawford,INDIVIDUAL,US,0.299,2023-12-01
ACC_103240,Nathaniel Martin,INDIVIDUAL,HK,0.362,2025-05-09
ACC_103241,Cathy Edwards,INDIVIDUAL,US,0.155,2024-11-30
ACC_103242,Justin Ward,INDIVIDUAL,HK,0.102,2025-09-07
ACC_103243,Pena Ltd,SHELL_COMPANY,US,0.891,2025-01-15
ACC_103244,Jeffery Buchanan,INDIVIDUAL,GB,0.365,2025-03-24
ACC_103245,Elizabeth Gonzalez,INDIVIDUAL,US,0.332,2024-11-18
ACC_103246,Laura Wilson,INDIVIDUAL,US,0.331,2025-07-12
ACC_103247,Rogers Ltd,SHELL_COMPANY,US,0.85,2023-12-25
ACC_103248,Helen Roberts,INDIVIDUAL,US,0.281,2024-05-20
ACC_103249,Thomas Martinez,INDIVIDUAL,GB,0.288,2024-10-24
ACC_103250,Jean Adams,INDIVIDUAL,US,0.302,2024-04-04
ACC_103251,Brian Zimmerman,INDIVIDUAL,US,0.279,2024-03-13
ACC_103252,Heather Simpson,INDIVIDUAL,KY,0.949,2023-12-09
ACC_103253,Baker-Roach,CORPORATE,CN,0.141,2024-07-03
ACC_103254,"Frank, Moran and Holt",CORPORATE,SG,0.196,2024-06-17
ACC_103255,Anna Escobar,INDIVIDUAL,GB,0.186,2024-04-03
ACC_103256,Cooke PLC,CORPORATE,GB,0.062,2024-11-15
ACC_103257,Alexandra Parsons,INDIVIDUAL,US,0.298,2023-11-25
ACC_103258,Silva-Jensen,CORPORATE,GB,0.25,2025-01-06
ACC_103259,Kaiser Ltd,SHELL_COMPANY,US,0.747,2025-01-30
ACC_103260,Jessica Marks,INDIVIDUAL,US,0.304,2025-05-09
ACC_103261,"Stewart, Brown and Gonzalez",CORPORATE,US,0.128,2023-11-14
ACC_103262,Brandi Short,INDIVIDUAL,TW,0.237,2024-12-09
ACC_103263,Martin Garrett,INDIVIDUAL,KY,0.896,2025-08-28
ACC_103264,Carrie Scott,INDIVIDUAL,KY,0.927,2025-09-22
ACC_103265,Brenda Martinez,INDIVIDUAL,CN,0.285,2025-03-18
ACC_103266,Johnson-Bell,CORPORATE,US,0.228,2024-05-28
ACC_103267,Erin Curtis,INDIVIDUAL,US,0.346,2024-12-10
ACC_103268,Angela Wolfe,INDIVIDUAL,VG,0.91,2025-06-03
ACC_103269,Tracy Wilson,INDIVIDUAL,SG,0.357,2025-03-10
ACC_103270,Danny Lester,INDIVIDUAL,KY,0.745,2023-10-06
ACC_103271,Wood-Guerra,SHELL_COMPANY,US,0.724,2024-04-17
ACC_103272,Misty Medina,INDIVIDUAL,US,0.095,2025-08-23
ACC_103273,Lori White,INDIVIDUAL,HK,0.141,2024-08-08
ACC_103274,Michelle Jimenez,INDIVIDUAL,HK,0.333,2024-04-30
ACC_103275,Anna Anderson,INDIVIDUAL,HK,0.317,2024-02-06
ACC_103276,Charlotte Guerrero,INDIVIDUAL,US,0.114,2024-10-12
ACC_103277,"Chavez, Perez and Campbell",CORPORATE,GB,0.288,2024-12-13
ACC_103278,Paul Strong,INDIVIDUAL,US,0.167,2024-03-05
ACC_103279,Williams Ltd,CORPORATE,TW,0.081,2024-11-09
ACC_103280,Valerie Greene,INDIVIDUAL,US,0.174,2025-08-25
ACC_103281,Juan Montgomery,INDIVIDUAL,SG,0.31,2025-07-04
ACC_103282,Paula Ruiz,INDIVIDUAL,US,0.157,2024-01-16
ACC_103283,Kayla Wilson,INDIVIDUAL,SG,0.326,2025-01-03
ACC_103284,Richard Cannon,INDIVIDUAL,HK,0.166,2024-05-15
ACC_103285,Carolyn Ward,INDIVIDUAL,US,0.141,2024-12-05
ACC_103286,Christopher Olson,INDIVIDUAL,VG,0.774,2025-06-22
ACC_103287,Monica Livingston,INDIVIDUAL,GB,0.348,2024-09-04
ACC_103288,Johnson PLC,CORPORATE,US,0.215,2024-01-21
ACC_103289,Michael Campbell,INDIVIDUAL,SG,0.353,2024-02-28
ACC_103290,Parker-Cannon,CORPORATE,CN,0.254,2024-06-04
ACC_103291,Stephanie Thompson,INDIVIDUAL,US,0.381,2025-01-13
ACC_103292,Mr. Nathan Jenkins,INDIVIDUAL,HK,0.075,2024-02-24
ACC_103293,Jeffrey Sherman,INDIVIDUAL,US,0.361,2025-04-23
ACC_103294,Maria Hansen,INDIVIDUAL,GB,0.225,2024-01-02
ACC_103295,Joshua Mcbride,INDIVIDUAL,US,0.354,2024-02-18
ACC_103296,Laura Johnson,INDIVIDUAL,VG,0.795,2024-06-07
ACC_103297,Tammy Hernandez,INDIVIDUAL,US,0.154,2025-04-06
ACC_103298,Michael Barrett,INDIVIDUAL,US,0.069,2025-09-26
ACC_103299,Pruitt-Stewart,CORPORATE,SG,0.349,2023-10-31
ACC_103300,Anna Thompson,INDIVIDUAL,SG,0.098,2023-10-17
ACC_103301,Ashley English,INDIVIDUAL,KY,0.75,2025-03-05
ACC_103302,Lisa Dunn,INDIVIDUAL,US,0.193,2024-01-14
ACC_103303,Heidi Burke,INDIVIDUAL,HK,0.249,2024-05-21
ACC_103304,"Smith, Ford and Jones",CORPORATE,US,0.367,2024-01-17
ACC_103305,"Garza, Brooks and Pugh",CORPORATE,GB,0.21,2024-06-22
ACC_103306,Amanda Randolph,INDIVIDUAL,US,0.161,2024-11-04
ACC_103307,Sandra Brown,INDIVIDUAL,GB,0.3,2024-04-08
ACC_103308,Zachary Christian,INDIVIDUAL,US,0.323,2024-07-06
ACC_103309,Lindsay Smith,INDIVIDUAL,GB,0.221,2025-05-11
ACC_103310,Diane Le,INDIVIDUAL,HK,0.271,2024-02-12
ACC_103311,Daniel Walker,INDIVIDUAL,HK,0.112,2024-07-25
ACC_103312,Harris LLC,CORPORATE,US,0.272,2025-04-01
ACC_103313,Reed PLC,CORPORATE,SG,0.052,2024-12-31
ACC_103314,Shawn Freeman,INDIVIDUAL,SG,0.146,2024-07-25
ACC_103315,Brian Chavez,INDIVIDUAL,US,0.316,2023-11-10
ACC_103316,David Mclaughlin,INDIVIDUAL,HK,0.109,2025-05-09
ACC_103317,Claudia George,INDIVIDUAL,US,0.318,2025-08-02
ACC_103318,"Hernandez, Moyer and Williams",CORPORATE,SG,0.221,2024-06-02
ACC_103319,Nicholas Dawson,INDIVIDUAL,HK,0.317,2025-09-21
ACC_103320,Ellis LLC,CORPORATE,GB,0.081,2025-05-03
ACC_103321,Sonya Ward,INDIVIDUAL,VG,0.854,2025-06-01
ACC_103322,Suzanne Robles,INDIVIDUAL,HK,0.272,2024-01-21
ACC_103323,Keith-Miller,CORPORATE,VG,0.801,2025-03-30
ACC_103324,Richard Huerta,INDIVIDUAL,VG,0.941,2024-08-03
ACC_103325,Benjamin Larson,INDIVIDUAL,VG,0.796,2024-10-29
ACC_103326,Ryan Spence,INDIVIDUAL,US,0.063,2024-01-11
ACC_103327,Kristen Wade,INDIVIDUAL,HK,0.12,2024-10-21
ACC_103328,Jessica Bradley,INDIVIDUAL,US,0.181,2025-06-17
ACC_103329,Patricia Wilson,INDIVIDUAL,US,0.055,2024-07-07
ACC_103330,Jessica Avery,INDIVIDUAL,HK,0.163,2025-07-15
ACC_103331,Trevor Wood,INDIVIDUAL,GB,0.342,2025-08-25
ACC_103332,Cook and Sons,CORPORATE,GB,0.117,2024-02-09
ACC_103333,Jennifer Cruz,INDIVIDUAL,GB,0.287,2024-03-08
ACC_103334,Jerry Hall,INDIVIDUAL,US,0.269,2024-02-18
ACC_103335,Anne Davis,INDIVIDUAL,KY,0.762,2024-07-16
ACC_103336,Justin Morrison,INDIVIDUAL,US,0.293,2024-12-09
ACC_103337,Mr. Andrew Lamb,INDIVIDUAL,VG,0.786,2025-07-15
ACC_103338,Veronica Dean,INDIVIDUAL,US,0.095,2024-10-14
ACC_103339,Paul Reynolds,INDIVIDUAL,HK,0.184,2024-07-15
ACC_103340,Gregory Roberts,INDIVIDUAL,US,0.256,2024-11-01
ACC_103341,Hall-Torres,CORPORATE,US,0.108,2025-07-06
ACC_103342,Aaron Hurst,INDIVIDUAL,US,0.338,2024-01-18
ACC_103343,Gloria Lewis,INDIVIDUAL,US,0.154,2023-11-28
ACC_103344,Patricia Jordan,INDIVIDUAL,US,0.152,2025-03-25
ACC_103345,"Edwards, Johnson and Garcia",CORPORATE,US,0.305,2024-04-02
ACC_103346,Casey Green,INDIVIDUAL,KY,0.849,2024-07-12
ACC_103347,Mrs. Catherine Reynolds,INDIVIDUAL,GB,0.168,2024-05-17
ACC_103348,Parker Cantu,INDIVIDUAL,US,0.361,2025-03-08
ACC_103349,Castillo and Sons,CORPORATE,US,0.398,2023-12-03
ACC_103350,David Farrell,INDIVIDUAL,GB,0.17,2024-01-16
ACC_103351,Laura Hobbs,INDIVIDUAL,US,0.365,2024-08-10
ACC_103352,Melissa Jones,INDIVIDUAL,KY,0.79,2024-04-29
ACC_103353,Freeman PLC,CORPORATE,HK,0.116,2024-04-02
ACC_103354,Michael Carter,INDIVIDUAL,CN,0.382,2025-08-31
ACC_103355,Jason Bell,INDIVIDUAL,US,0.371,2024-04-22
ACC_103356,Angie Whitaker,INDIVIDUAL,KY,0.801,2023-11-23
ACC_103357,Matthews-Adams,CORPORATE,HK,0.13,2024-09-01
ACC_103358,Daniel Nunez,INDIVIDUAL,HK,0.305,2024-06-16
ACC_103359,Suzanne Daniels,INDIVIDUAL,US,0.096,2025-09-18
ACC_103360,Lowe Inc,CORPORATE,US,0.307,2024-06-02
ACC_103361,Mosley Inc,CORPORATE,HK,0.256,2024-07-17
ACC_103362,Alexander Harrison MD,INDIVIDUAL,US,0.109,2025-02-13
ACC_103363,Sharon Brown,INDIVIDUAL,US,0.178,2024-04-02
ACC_103364,Farrell PLC,SHELL_COMPANY,KY,0.863,2025-02-13
ACC_103365,Kevin Jackson,INDIVIDUAL,US,0.063,2025-05-25
ACC_103366,Lawson Ltd,CORPORATE,US,0.357,2024-01-31
ACC_103367,Paul Kennedy,INDIVIDUAL,SG,0.14,2024-01-25
ACC_103368,Walker LLC,CORPORATE,US,0.237,2025-07-01
ACC_103369,Nancy Evans,INDIVIDUAL,CN,0.067,2025-05-07
ACC_103370,Kyle Franklin,INDIVIDUAL,US,0.398,2025-09-15
ACC_103371,Jonathan Stone,INDIVIDUAL,VG,0.865,2024-05-29
ACC_103372,Yvonne Reed,INDIVIDUAL,TW,0.279,2024-12-30
ACC_103373,Eric Fields,INDIVIDUAL,US,0.057,2025-05-14
ACC_103374,Anderson Inc,SHELL_COMPANY,HK,0.872,2025-05-31
ACC_103375,Nathan Sparks,INDIVIDUAL,SG,0.196,2025-02-10
ACC_103376,Tyrone White,INDIVIDUAL,US,0.183,2025-05-27
ACC_103377,Melanie Wilson,INDIVIDUAL,HK,0.242,2024-03-18
ACC_103378,Shelton-Kennedy,CORPORATE,SG,0.216,2023-10-28
ACC_103379,Landry-Johnson,SHELL_COMPANY,US,0.738,2025-05-22
ACC_103380,Victor Stone,INDIVIDUAL,US,0.293,2024-07-12
ACC_103381,Carl Howell,INDIVIDUAL,US,0.271,2024-10-23
ACC_103382,Ryan and Sons,CORPORATE,CN,0.155,2025-06-03
ACC_103383,Barnett-Stone,SHELL_COMPANY,US,0.865,2024-03-19
ACC_103384,"Hudson, Bautista and Boyd",CORPORATE,US,0.282,2024-10-16
ACC_103385,Courtney Miles,INDIVIDUAL,VG,0.767,2024-08-03
ACC_103386,Molly Monroe,INDIVIDUAL,US,0.262,2025-05-26
ACC_103387,Donna Sandoval,INDIVIDUAL,US,0.098,2024-06-14
ACC_103388,Jesse Hernandez,INDIVIDUAL,HK,0.341,2024-11-07
ACC_103389,Anderson Ltd,SHELL_COMPANY,US,0.726,2024-03-23
ACC_103390,Kenneth Bowman,INDIVIDUAL,HK,0.302,2025-01-11
ACC_103391,Ronald Williams,INDIVIDUAL,US,0.091,2023-11-06
ACC_103392,Ashley Clarke,INDIVIDUAL,VG,0.729,2023-11-28
ACC_103393,Rodriguez-Wright,CORPORATE,KY,0.727,2024-10-12
ACC_103394,"Richardson, Williams and Hudson",CORPORATE,SG,0.12,2025-02-18
ACC_103395,Smith-Choi,CORPORATE,US,0.12,2024-12-04
ACC_103396,Allison Michael,INDIVIDUAL,US,0.142,2024-03-31
ACC_103397,Christopher Phillips,INDIVIDUAL,US,0.233,2024-08-12
ACC_103398,"Walters, Harris and Franco",SHELL_COMPANY,US,0.75,2023-12-02
ACC_103399,Veronica Elliott,INDIVIDUAL,HK,0.296,2025-07-17
ACC_103400,Kevin Jackson,INDIVIDUAL,US,0.153,2024-02-23
ACC_103401,Eric Meadows,INDIVIDUAL,HK,0.064,2023-11-11
ACC_103402,Valerie Morton,INDIVIDUAL,GB,0.224,2024-12-09
ACC_103403,Austin Boone,INDIVIDUAL,HK,0.123,2024-12-12
ACC_103404,Loretta Medina DDS,INDIVIDUAL,US,0.377,2025-02-25
ACC_103405,Smith-Ellis,CORPORATE,US,0.166,2023-10-24
ACC_103406,Lisa Roberts,INDIVIDUAL,GB,0.051,2025-02-05
ACC_103407,Stefanie Salinas,INDIVIDUAL,US,0.285,2024-03-29
ACC_103408,Daniel Beard,INDIVIDUAL,CN,0.367,2024-09-08
ACC_103409,Price-Stewart,CORPORATE,GB,0.342,2025-03-23
ACC_103410,Jennifer Perkins,INDIVIDUAL,HK,0.284,2025-04-12
ACC_103411,"Pearson, Baker and Riley",SHELL_COMPANY,TW,0.737,2025-04-26
ACC_103412,Andrew Ramirez,INDIVIDUAL,KY,0.723,2024-01-14
ACC_103413,James Johnson,INDIVIDUAL,US,0.229,2025-03-28
ACC_103414,Diana Wood,INDIVIDUAL,HK,0.303,2025-06-07
ACC_103415,Thomas and Sons,CORPORATE,US,0.085,2024-01-17
ACC_103416,Dustin White,INDIVIDUAL,CN,0.14,2025-05-16
ACC_103417,Morton-Smith,CORPORATE,US,0.131,2025-03-29
ACC_103418,Ashley Pugh,INDIVIDUAL,SG,0.396,2024-12-29
ACC_103419,Johnathan Garza,INDIVIDUAL,TW,0.154,2025-09-25
ACC_103420,Johnson Group,CORPORATE,US,0.212,2024-06-08
ACC_103421,Steven Fowler,INDIVIDUAL,US,0.085,2024-06-27
ACC_103422,Carlson Inc,CORPORATE,US,0.111,2023-10-18
ACC_103423,Karina Mccoy,INDIVIDUAL,HK,0.064,2024-03-12
ACC_103424,Bradley Roy,INDIVIDUAL,US,0.152,2025-06-18
ACC_103425,Carol Ramirez,INDIVIDUAL,CN,0.331,2024-06-01
ACC_103426,"Whitehead, Watkins and Wilson",CORPORATE,GB,0.159,2025-04-14
ACC_103427,Charlene Calderon,INDIVIDUAL,US,0.308,2025-02-20
ACC_103428,Joseph Simmons,INDIVIDUAL,US,0.083,2024-02-26
ACC_103429,Chapman Inc,CORPORATE,SG,0.315,2024-08-15
ACC_103430,Gilbert Robinson,INDIVIDUAL,CN,0.066,2024-11-16
ACC_103431,"Gutierrez, Fields and Flores",SHELL_COMPANY,US,0.913,2024-02-16
ACC_103432,Carla Jennings,INDIVIDUAL,US,0.282,2024-03-16
ACC_103433,Jared Church,INDIVIDUAL,US,0.11,2025-02-22
ACC_103434,Andrew Jacobs,INDIVIDUAL,TW,0.175,2025-04-18
ACC_103435,Jenny Ruiz,INDIVIDUAL,US,0.203,2025-06-18
ACC_103436,Kevin Bryant,INDIVIDUAL,US,0.268,2024-10-27
ACC_103437,Carter-Wright,CORPORATE,HK,0.357,2024-02-15
ACC_103438,Ashley Roberts,INDIVIDUAL,US,0.083,2024-08-16
ACC_103439,Reyes Ltd,CORPORATE,US,0.335,2024-12-21
ACC_103440,Williams-Henry,CORPORATE,US,0.114,2025-03-08
ACC_103441,Katrina Martinez,INDIVIDUAL,HK,0.19,2025-02-18
ACC_103442,"Morrison, Cole and Duke",CORPORATE,CN,0.387,2025-02-11
ACC_103443,Annette Park,INDIVIDUAL,US,0.145,2025-01-12
ACC_103444,Kimberly Anthony,INDIVIDUAL,HK,0.185,2023-10-16
ACC_103445,Michaela Stevens,INDIVIDUAL,CN,0.348,2023-12-30
ACC_103446,Smith-Martinez,CORPORATE,US,0.33,2024-12-30
ACC_103447,Tiffany Delgado,INDIVIDUAL,VG,0.862,2023-12-13
ACC_103448,Ibarra-Ramirez,CORPORATE,US,0.329,2025-06-13
ACC_103449,Wayne Scott,INDIVIDUAL,HK,0.09,2025-06-05
ACC_103450,Michael Flynn,INDIVIDUAL,US,0.294,2023-11-02
ACC_103451,Stephanie Todd,INDIVIDUAL,SG,0.071,2023-11-23
ACC_103452,Adam Short,INDIVIDUAL,US,0.38,2025-01-03
ACC_103453,John Gillespie,INDIVIDUAL,KY,0.74,2023-11-30
ACC_103454,Martin Ltd,CORPORATE,HK,0.196,2023-11-26
ACC_103455,Allison Sanchez,INDIVIDUAL,TW,0.257,2025-06-14
ACC_103456,Jessica Henderson,INDIVIDUAL,US,0.331,2024-12-07
ACC_103457,Diane Turner,INDIVIDUAL,US,0.287,2023-10-07
ACC_103458,Jasmine Nelson,INDIVIDUAL,CN,0.113,2025-05-18
ACC_103459,Aaron Bennett,INDIVIDUAL,HK,0.183,2023-11-26
ACC_103460,Pratt PLC,CORPORATE,US,0.176,2024-01-30
ACC_103461,Eric Brown,INDIVIDUAL,SG,0.06,2025-06-11
ACC_103462,Isaac Beltran,INDIVIDUAL,US,0.29,2025-09-03
ACC_103463,Marcus Mitchell,INDIVIDUAL,SG,0.343,2023-12-13
ACC_103464,Wesley Jackson,INDIVIDUAL,SG,0.391,2023-11-02
ACC_103465,Anthony Miller,INDIVIDUAL,US,0.096,2025-06-02
ACC_103466,Zachary Vasquez,INDIVIDUAL,US,0.372,2024-08-10
ACC_103467,"Rodriguez, Diaz and Webb",CORPORATE,HK,0.09,2024-11-01
ACC_103468,Shannon Zhang,INDIVIDUAL,GB,0.194,2025-09-27
ACC_103469,Scott Hood,INDIVIDUAL,US,0.066,2024-11-01
ACC_103470,Montgomery-Hoffman,CORPORATE,VG,0.765,2024-01-26
ACC_103471,Isaiah Gross,INDIVIDUAL,US,0.16,2024-01-11
ACC_103472,Larry Dunlap,INDIVIDUAL,GB,0.297,2023-11-29
ACC_103473,Eric Hanna,INDIVIDUAL,US,0.287,2025-08-16
ACC_103474,Santos-Brown,CORPORATE,US,0.319,2024-06-23
ACC_103475,West-Alexander,CORPORATE,HK,0.252,2024-08-19
ACC_103476,Christopher Thompson,INDIVIDUAL,US,0.248,2024-05-22
ACC_103477,Jackson-Cervantes,CORPORATE,US,0.392,2025-02-18
ACC_103478,Monica Washington,INDIVIDUAL,SG,0.284,2024-01-12
ACC_103479,Mark Gonzalez,INDIVIDUAL,TW,0.168,2023-10-31
ACC_103480,Brian Jacobs,INDIVIDUAL,US,0.233,2025-05-04
ACC_103481,"Everett, Swanson and Clark",SHELL_COMPANY,SG,0.875,2024-04-05
ACC_103482,Joseph Hobbs,INDIVIDUAL,US,0.083,2024-10-17
ACC_103483,"Holden, Garner and Lewis",CORPORATE,US,0.282,2024-02-02
ACC_103484,Amanda Jones,INDIVIDUAL,HK,0.137,2024-07-02
ACC_103485,Zachary Dyer,INDIVIDUAL,SG,0.171,2023-11-19
ACC_103486,Kevin Villanueva,INDIVIDUAL,HK,0.287,2024-09-06
ACC_103487,Rodney Chung,INDIVIDUAL,HK,0.185,2023-12-18
ACC_103488,Christopher Kim,INDIVIDUAL,KY,0.91,2024-05-19
ACC_103489,Miller-Collins,CORPORATE,US,0.245,2023-10-29
ACC_103490,Lauren Franklin,INDIVIDUAL,HK,0.396,2025-08-13
ACC_103491,Cook Group,CORPORATE,KY,0.714,2025-01-12
ACC_103492,Colon and Sons,CORPORATE,US,0.275,2025-09-04
ACC_103493,Joe Stewart,INDIVIDUAL,HK,0.105,2024-07-19
ACC_103494,Dr. Richard Gray,INDIVIDUAL,US,0.347,2025-03-27
ACC_103495,Schultz-Mueller,CORPORATE,US,0.348,2025-02-22
ACC_103496,Timothy Richards,INDIVIDUAL,US,0.354,2024-04-01
ACC_103497,"Johnson, Kelley and Mack",CORPORATE,SG,0.076,2024-08-18
ACC_103498,Douglas Lee,INDIVIDUAL,CN,0.222,2024-07-20
ACC_103499,Dwayne Hunt,INDIVIDUAL,SG,0.134,2025-03-11
ACC_103500,William Brown,INDIVIDUAL,US,0.39,2025-01-23
ACC_103501,Brown Inc,CORPORATE,GB,0.068,2025-06-11
ACC_103502,Daniel Miller,INDIVIDUAL,US,0.128,2024-07-07
ACC_103503,Dennis Henry,INDIVIDUAL,US,0.275,2025-07-06
ACC_103504,Christina Hughes,INDIVIDUAL,US,0.191,2024-11-29
ACC_103505,Dennis Hodge,INDIVIDUAL,KY,0.759,2025-06-28
ACC_103506,Sydney Mccarthy,INDIVIDUAL,US,0.211,2024-05-11
ACC_103507,Patrick Williams,INDIVIDUAL,VG,0.9,2025-09-20
ACC_103508,Raymond Collins,INDIVIDUAL,US,0.207,2024-03-15
ACC_103509,Robert Morgan,INDIVIDUAL,GB,0.35,2025-05-24
ACC_103510,Derek King PhD,INDIVIDUAL,KY,0.812,2024-04-27
ACC_103511,Moore-Thornton,SHELL_COMPANY,GB,0.73,2025-03-19
ACC_103512,Lisa Moore,INDIVIDUAL,HK,0.224,2025-01-31
ACC_103513,John Watson,INDIVIDUAL,TW,0.279,2023-11-25
ACC_103514,Scott Martin,INDIVIDUAL,US,0.086,2024-08-23
ACC_103515,Brittany Duran,INDIVIDUAL,US,0.194,2024-07-14
ACC_103516,Jennifer Trevino,INDIVIDUAL,SG,0.245,2024-11-23
ACC_103517,Christina Johnson,INDIVIDUAL,KY,0.7,2023-12-21
ACC_103518,Matthew Murray,INDIVIDUAL,HK,0.082,2025-02-03
ACC_103519,Heather Sloan,INDIVIDUAL,SG,0.261,2024-03-22
ACC_103520,"Park, Smith and Bryan",CORPORATE,US,0.267,2024-01-04
ACC_103521,Natalie Green,INDIVIDUAL,US,0.157,2023-11-27
ACC_103522,Chen and Sons,CORPORATE,US,0.228,2025-04-09
ACC_103523,Nicole Smith,INDIVIDUAL,US,0.122,2024-05-25
ACC_103524,Autumn Lee,INDIVIDUAL,HK,0.285,2024-08-16
ACC_103525,Snyder-Russell,CORPORATE,HK,0.383,2024-04-21
ACC_103526,Wright LLC,CORPORATE,HK,0.177,2024-03-07
ACC_103527,Omar Perez,INDIVIDUAL,US,0.069,2024-01-18
ACC_103528,Deleon Group,CORPORATE,US,0.128,2024-05-18
ACC_103529,Blevins-Rojas,CORPORATE,CN,0.209,2024-06-18
ACC_103530,Mckee Group,CORPORATE,HK,0.246,2024-12-28
ACC_103531,Jonathan Lewis,INDIVIDUAL,GB,0.267,2025-02-18
ACC_103532,Alexis Dudley,INDIVIDUAL,SG,0.216,2024-08-20
ACC_103533,Martin Wong,INDIVIDUAL,HK,0.28,2024-02-04
ACC_103534,Jeffrey Sanchez,INDIVIDUAL,US,0.301,2025-04-25
ACC_103535,William Maxwell,INDIVIDUAL,HK,0.09,2025-07-07
ACC_103536,Nicole Mooney,INDIVIDUAL,US,0.316,2024-06-09
ACC_103537,Melinda Acosta,INDIVIDUAL,US,0.128,2024-10-12
ACC_103538,Brenda Rodriguez,INDIVIDUAL,SG,0.169,2024-02-23
ACC_103539,Daniel Livingston,INDIVIDUAL,GB,0.34,2025-04-10
ACC_103540,Ryan Chambers,INDIVIDUAL,GB,0.388,2024-02-28
ACC_103541,Jenna Crawford,INDIVIDUAL,HK,0.152,2024-05-05
ACC_103542,Dr. Michael Ayers,INDIVIDUAL,US,0.233,2025-08-14
ACC_103543,Tiffany Long,INDIVIDUAL,SG,0.296,2024-06-07
ACC_103544,Tanya Brock,INDIVIDUAL,US,0.066,2025-04-09
ACC_103545,Fred Sanchez,INDIVIDUAL,CN,0.107,2024-10-15
ACC_103546,Charles Lee,INDIVIDUAL,US,0.099,2024-10-28
ACC_103547,Mitchell Day,INDIVIDUAL,SG,0.301,2025-01-08
ACC_103548,"Kent, Rios and Poole",CORPORATE,US,0.303,2024-04-29
ACC_103549,Joshua Frost,INDIVIDUAL,VG,0.727,2025-04-16
ACC_103550,John Howard,INDIVIDUAL,US,0.264,2024-11-22
ACC_103551,Riley Inc,SHELL_COMPANY,SG,0.747,2024-03-05
ACC_103552,Kenneth Chavez,INDIVIDUAL,US,0.376,2024-08-07
ACC_103553,Michael Shah,INDIVIDUAL,US,0.188,2025-07-17
ACC_103554,Gutierrez-Johnson,CORPORATE,HK,0.21,2025-10-03
ACC_103555,William Hall,INDIVIDUAL,CN,0.323,2025-04-29
ACC_103556,Wayne Collins,INDIVIDUAL,US,0.301,2025-08-17
ACC_103557,Nicole Fitzpatrick,INDIVIDUAL,CN,0.088,2025-06-23
ACC_103558,Morris Ltd,CORPORATE,US,0.195,2023-10-27
ACC_103559,Charlene Dawson,INDIVIDUAL,SG,0.374,2025-07-25
ACC_103560,Welch LLC,CORPORATE,US,0.343,2024-01-24
ACC_103561,Jacob Park,INDIVIDUAL,VG,0.847,2024-09-16
ACC_103562,Justin Brown,INDIVIDUAL,HK,0.32,2025-09-12
ACC_103563,Robert Bell,INDIVIDUAL,US,0.208,2024-04-05
ACC_103564,Brenda Walker,INDIVIDUAL,CN,0.28,2024-03-18
ACC_103565,Jeremy Allen,INDIVIDUAL,HK,0.385,2025-06-04
ACC_103566,Erica Lopez,INDIVIDUAL,US,0.097,2025-10-01
ACC_103567,Tiffany Little,INDIVIDUAL,GB,0.225,2025-05-17
ACC_103568,Williams Ltd,CORPORATE,SG,0.236,2024-10-14
ACC_103569,Carlos Hubbard,INDIVIDUAL,US,0.067,2023-11-29
ACC_103570,"Moody, Collins and Gay",CORPORATE,US,0.377,2024-08-25
ACC_103571,Washington-Richardson,CORPORATE,US,0.344,2025-03-02
ACC_103572,Rivers-Medina,CORPORATE,GB,0.219,2024-10-20
ACC_103573,"Garcia, Jones and Walters",CORPORATE,US,0.228,2025-08-20
ACC_103574,Hailey Rodriguez,INDIVIDUAL,SG,0.372,2024-03-13
ACC_103575,"Ruiz, Thomas and Nguyen",CORPORATE,US,0.112,2023-10-21
ACC_103576,Cooper-Nichols,SHELL_COMPANY,VG,0.845,2025-09-18
ACC_103577,Robert Rodriguez,INDIVIDUAL,KY,0.883,2024-09-07
ACC_103578,Morgan Bass,INDIVIDUAL,HK,0.095,2024-01-11
ACC_103579,Randy Moody,INDIVIDUAL,SG,0.186,2024-08-04
ACC_103580,John White,INDIVIDUAL,HK,0.26,2024-10-03
ACC_103581,Patrick Payne,INDIVIDUAL,SG,0.359,2024-08-04
ACC_103582,Lisa Perez,INDIVIDUAL,US,0.226,2024-12-01
ACC_103583,Raymond PLC,CORPORATE,HK,0.185,2024-08-03
ACC_103584,William Charles,INDIVIDUAL,US,0.393,2024-12-07
ACC_103585,Karen Harrington,INDIVIDUAL,VG,0.929,2023-12-04
ACC_103586,Kevin Jackson,INDIVIDUAL,GB,0.317,2023-12-15
ACC_103587,Jeffrey Bryant,INDIVIDUAL,HK,0.146,2024-02-28
ACC_103588,King and Sons,SHELL_COMPANY,GB,0.941,2024-03-27
ACC_103589,Charles Gomez,INDIVIDUAL,HK,0.39,2024-03-07
ACC_103590,Kenneth Rodriguez,INDIVIDUAL,HK,0.208,2024-04-26
ACC_103591,Francis Inc,CORPORATE,GB,0.097,2024-10-28
ACC_103592,Amanda Williams MD,INDIVIDUAL,CN,0.194,2025-03-30
ACC_103593,Neil Williams,INDIVIDUAL,US,0.295,2025-04-23
ACC_103594,Jimmy Cameron,INDIVIDUAL,SG,0.312,2024-12-31
ACC_103595,Mark Gibson,INDIVIDUAL,HK,0.155,2024-11-22
ACC_103596,Kimberly Smith,INDIVIDUAL,US,0.296,2024-09-14
ACC_103597,Clark-Nguyen,CORPORATE,HK,0.351,2024-01-25
ACC_103598,Hannah Reynolds,INDIVIDUAL,GB,0.299,2024-02-05
ACC_103599,Stephens PLC,CORPORATE,CN,0.377,2024-10-19
ACC_103600,Alyssa Elliott,INDIVIDUAL,US,0.271,2024-01-21
ACC_103601,Joann Patton,INDIVIDUAL,US,0.12,2025-09-26
ACC_103602,"Barker, Rodriguez and Rose",CORPORATE,US,0.268,2024-09-01
ACC_103603,Kaitlin Chandler,INDIVIDUAL,HK,0.152,2024-04-09
ACC_103604,Rachel Abbott,INDIVIDUAL,GB,0.171,2023-12-31
ACC_103605,Candace Green,INDIVIDUAL,US,0.285,2025-03-19
ACC_103606,Richard Robbins,INDIVIDUAL,HK,0.393,2024-05-08
ACC_103607,Jeremy Holt,INDIVIDUAL,SG,0.278,2024-03-28
ACC_103608,Monica Blake,INDIVIDUAL,GB,0.385,2023-11-13
ACC_103609,Fernandez-Diaz,CORPORATE,CN,0.226,2025-02-03
ACC_103610,"Jefferson, Davis and Turner",CORPORATE,US,0.293,2025-06-09
ACC_103611,Kristy Jackson,INDIVIDUAL,US,0.163,2025-08-30
ACC_103612,Davis-Vargas,CORPORATE,TW,0.09,2024-07-22
ACC_103613,Acevedo Ltd,CORPORATE,US,0.173,2025-06-08
ACC_103614,Carter Ltd,CORPORATE,HK,0.218,2024-06-17
ACC_103615,Mrs. Amy Henderson,INDIVIDUAL,HK,0.25,2025-01-21
ACC_103616,Christopher Roman,INDIVIDUAL,HK,0.284,2024-07-05
ACC_103617,Brenda Moreno,INDIVIDUAL,HK,0.196,2025-08-30
ACC_103618,Christopher White,INDIVIDUAL,VG,0.887,2025-07-15
ACC_103619,Paige Caldwell,INDIVIDUAL,HK,0.344,2024-08-03
ACC_103620,Green and Sons,CORPORATE,CN,0.15,2025-01-28
ACC_103621,Janet Williams,INDIVIDUAL,HK,0.347,2025-01-03
ACC_103622,Kelly Beasley,INDIVIDUAL,US,0.333,2024-08-10
ACC_103623,Dominic Franklin,INDIVIDUAL,VG,0.831,2024-12-17
ACC_103624,Mark Mclaughlin,INDIVIDUAL,KY,0.706,2024-04-20
ACC_103625,"Solomon, Cohen and Ward",CORPORATE,CN,0.101,2025-06-07
ACC_103626,Jacqueline Miller,INDIVIDUAL,CN,0.285,2024-09-12
ACC_103627,Brian Barry,INDIVIDUAL,SG,0.12,2024-09-13
ACC_103628,Derrick Andrews,INDIVIDUAL,US,0.313,2024-10-02
ACC_103629,Tina Barry,INDIVIDUAL,HK,0.106,2025-09-21
ACC_103630,Kaylee Curry,INDIVIDUAL,US,0.15,2024-06-04
ACC_103631,Samantha Garcia,INDIVIDUAL,US,0.138,2023-12-04
ACC_103632,Wall and Sons,CORPORATE,US,0.344,2025-09-08
ACC_103633,Robert Rice,INDIVIDUAL,US,0.292,2025-03-25
ACC_103634,Bruce Thomas,INDIVIDUAL,US,0.153,2025-08-04
ACC_103635,Greg Obrien,INDIVIDUAL,TW,0.314,2024-04-21
ACC_103636,Mr. Jonathan Pearson,INDIVIDUAL,US,0.061,2024-10-12
ACC_103637,Jesus Cobb,INDIVIDUAL,VG,0.904,2024-08-04
ACC_103638,Marco Carroll,INDIVIDUAL,US,0.086,2025-02-07
ACC_103639,Rodriguez PLC,CORPORATE,SG,0.354,2024-07-14
ACC_103640,Edward Frank,INDIVIDUAL,US,0.309,2024-04-30
ACC_103641,Yesenia White,INDIVIDUAL,SG,0.353,2025-05-11
ACC_103642,Gregory Fitzgerald,INDIVIDUAL,HK,0.31,2025-04-06
ACC_103643,April Powers,INDIVIDUAL,US,0.246,2024-04-29
ACC_103644,Riddle-Ford,CORPORATE,KY,0.759,2024-09-19
ACC_103645,Cynthia Gillespie,INDIVIDUAL,US,0.325,2024-01-04
ACC_103646,Olivia Buchanan,INDIVIDUAL,HK,0.33,2024-02-15
ACC_103647,Jason Williams,INDIVIDUAL,TW,0.151,2023-12-03
ACC_103648,Warren Smith,INDIVIDUAL,HK,0.283,2024-04-03
ACC_103649,Carly Williams,INDIVIDUAL,SG,0.374,2024-11-25
ACC_103650,Dylan Ramos,INDIVIDUAL,HK,0.186,2023-12-16
ACC_103651,Edwin Miller,INDIVIDUAL,VG,0.939,2025-01-29
ACC_103652,Sean Cohen,INDIVIDUAL,CN,0.392,2024-08-29
ACC_103653,Spence Ltd,CORPORATE,US,0.159,2025-04-07
ACC_103654,Gates PLC,CORPORATE,US,0.243,2024-11-04
ACC_103655,Martin-Davenport,SHELL_COMPANY,HK,0.703,2024-10-24
ACC_103656,Sean Kidd,INDIVIDUAL,US,0.138,2025-09-15
ACC_103657,Cameron Anderson,INDIVIDUAL,TW,0.267,2024-12-21
ACC_103658,Brandon Padilla,INDIVIDUAL,SG,0.323,2024-01-11
ACC_103659,Paul Griffith,INDIVIDUAL,CN,0.355,2024-04-07
ACC_103660,Christopher Harris,INDIVIDUAL,HK,0.34,2025-06-14
ACC_103661,Margaret Henry,INDIVIDUAL,GB,0.369,2023-11-29
ACC_103662,Fernando Davis,INDIVIDUAL,US,0.297,2025-05-09
ACC_103663,Adam Porter,INDIVIDUAL,GB,0.277,2025-08-20
ACC_103664,David Anderson,INDIVIDUAL,SG,0.314,2025-02-27
ACC_103665,Jessica Burch,INDIVIDUAL,VG,0.837,2024-09-19
ACC_103666,Weber-Levy,CORPORATE,HK,0.261,2024-05-29
ACC_103667,Joe Davidson,INDIVIDUAL,US,0.322,2025-09-17
ACC_103668,Amy Howard,INDIVIDUAL,US,0.388,2025-08-21
ACC_103669,Ryan Thomas,INDIVIDUAL,HK,0.153,2024-04-11
ACC_103670,Ortiz Ltd,CORPORATE,US,0.112,2025-02-03
ACC_103671,Tracy Warren,INDIVIDUAL,HK,0.289,2025-07-23
ACC_103672,Connie Cunningham,INDIVIDUAL,US,0.115,2024-01-26
ACC_103673,Sarah Berg,INDIVIDUAL,HK,0.111,2024-11-10
ACC_103674,Bradley Bowman,INDIVIDUAL,CN,0.23,2023-12-01
ACC_103675,Harold Harrison,INDIVIDUAL,US,0.182,2025-05-21
ACC_103676,Judy Lopez,INDIVIDUAL,HK,0.2,2025-08-03
ACC_103677,Michelle Ellis,INDIVIDUAL,GB,0.245,2024-06-03
ACC_103678,Harris-Turner,SHELL_COMPANY,CN,0.733,2024-07-14
ACC_103679,Nathan Miller,INDIVIDUAL,VG,0.846,2023-12-06
ACC_103680,Jacqueline Robbins,INDIVIDUAL,HK,0.139,2023-11-25
ACC_103681,Joel Chandler,INDIVIDUAL,KY,0.783,2024-11-09
ACC_103682,Curtis Hester,INDIVIDUAL,US,0.298,2025-02-09
ACC_103683,George West,INDIVIDUAL,SG,0.104,2025-01-03
ACC_103684,Scott Brown,INDIVIDUAL,CN,0.104,2024-06-09
ACC_103685,Tiffany Rose,INDIVIDUAL,SG,0.163,2024-03-25
ACC_103686,Paul Young,INDIVIDUAL,SG,0.068,2025-02-04
ACC_103687,Justin Lyons,INDIVIDUAL,US,0.376,2024-04-06
ACC_103688,Samantha Smith,INDIVIDUAL,HK,0.265,2024-11-04
ACC_103689,Cynthia Marshall,INDIVIDUAL,US,0.282,2025-02-14
ACC_103690,Madison Sanchez,INDIVIDUAL,US,0.222,2025-01-22
ACC_103691,"Bautista, Smith and Thornton",SHELL_COMPANY,SG,0.843,2023-11-09
ACC_103692,William Richards,INDIVIDUAL,US,0.175,2025-07-14
ACC_103693,Luis Davis,INDIVIDUAL,TW,0.324,2025-07-20
ACC_103694,Sergio Tate,INDIVIDUAL,HK,0.161,2024-07-14
ACC_103695,Amy Cook,INDIVIDUAL,US,0.127,2025-03-10
ACC_103696,Harris Group,CORPORATE,HK,0.114,2024-11-29
ACC_103697,Johnny Durham,INDIVIDUAL,US,0.074,2023-11-29
ACC_103698,Maria Wise,INDIVIDUAL,VG,0.826,2025-05-27
ACC_103699,John Mccoy,INDIVIDUAL,US,0.196,2024-08-12
ACC_103700,Robin Chavez,INDIVIDUAL,SG,0.238,2024-04-21
ACC_103701,Jordan Neal,INDIVIDUAL,HK,0.082,2025-07-28
ACC_103702,Jason Gutierrez,INDIVIDUAL,US,0.127,2024-07-27
ACC_103703,Jessica Hanson,INDIVIDUAL,TW,0.125,2025-06-11
ACC_103704,Crystal Byrd,INDIVIDUAL,SG,0.166,2024-06-19
ACC_103705,James Patterson,INDIVIDUAL,HK,0.176,2023-12-12
ACC_103706,Kimberly Andrade,INDIVIDUAL,KY,0.755,2023-11-29
ACC_103707,Gregory Johnston,INDIVIDUAL,HK,0.313,2024-12-21
ACC_103708,Collin Foley,INDIVIDUAL,US,0.236,2024-09-09
ACC_103709,Dana Daniels,INDIVIDUAL,GB,0.399,2025-05-11
ACC_103710,Nancy Hanson,INDIVIDUAL,SG,0.338,2025-01-11
ACC_103711,Lucas Gomez,INDIVIDUAL,HK,0.393,2024-07-09
ACC_103712,Melissa Vazquez,INDIVIDUAL,US,0.053,2025-03-21
ACC_103713,Erik Hill,INDIVIDUAL,US,0.284,2024-02-15
ACC_103714,Allison Hayes,INDIVIDUAL,SG,0.206,2025-02-23
ACC_103715,Cory Mccoy,INDIVIDUAL,HK,0.367,2025-09-11
ACC_103716,Tracie Gray,INDIVIDUAL,US,0.265,2024-12-09
ACC_103717,Richard Hill,INDIVIDUAL,VG,0.855,2023-12-15
ACC_103718,Edward Shaw,INDIVIDUAL,US,0.386,2024-05-13
ACC_103719,John House,INDIVIDUAL,US,0.289,2024-11-19
ACC_103720,Brian Griffin,INDIVIDUAL,US,0.162,2023-12-19
ACC_103721,Mariah Martinez,INDIVIDUAL,SG,0.371,2024-01-28
ACC_103722,Deborah Haley,INDIVIDUAL,GB,0.381,2025-05-07
ACC_103723,Diane Krause,INDIVIDUAL,US,0.185,2024-01-25
ACC_103724,Mr. Nathan Scott,INDIVIDUAL,US,0.239,2024-06-13
ACC_103725,Patricia Stephens,INDIVIDUAL,HK,0.149,2024-11-29
ACC_103726,Ellen Diaz,INDIVIDUAL,SG,0.369,2023-10-06
ACC_103727,Lopez Ltd,CORPORATE,TW,0.338,2025-05-18
ACC_103728,Antonio Rodriguez,INDIVIDUAL,HK,0.181,2025-05-18
ACC_103729,Mariah Mays,INDIVIDUAL,US,0.331,2025-05-20
ACC_103730,Kelsey Hubbard,INDIVIDUAL,US,0.206,2025-07-27
ACC_103731,"Diaz, Rocha and Harris",CORPORATE,US,0.065,2025-02-27
ACC_103732,Jillian Jennings,INDIVIDUAL,US,0.364,2024-03-16
ACC_103733,Kemp-Rivera,CORPORATE,SG,0.117,2025-08-28
ACC_103734,Melvin Moon,INDIVIDUAL,US,0.23,2024-03-30
ACC_103735,"Sawyer, Williams and Reynolds",CORPORATE,US,0.382,2024-10-28
ACC_103736,"Scott, Castro and Bullock",CORPORATE,HK,0.109,2025-07-27
ACC_103737,Richard Alvarez,INDIVIDUAL,HK,0.385,2023-11-30
ACC_103738,Dale Lopez,INDIVIDUAL,US,0.238,2024-01-31
ACC_103739,"Marshall, Luna and Garcia",CORPORATE,HK,0.053,2024-07-10
ACC_103740,Zachary Moore,INDIVIDUAL,US,0.073,2024-06-08
ACC_103741,Cynthia Hall,INDIVIDUAL,HK,0.285,2024-04-01
ACC_103742,Sarah Walker,INDIVIDUAL,SG,0.321,2025-07-02
ACC_103743,Justin Ellison,INDIVIDUAL,TW,0.353,2025-06-28
ACC_103744,Kristy Long,INDIVIDUAL,KY,0.806,2024-07-09
ACC_103745,Patricia Carter,INDIVIDUAL,US,0.086,2024-07-12
ACC_103746,Thomas Snyder,INDIVIDUAL,SG,0.238,2024-10-25
ACC_103747,Phillips-Terry,CORPORATE,US,0.296,2024-02-09
ACC_103748,Andrew Jones,INDIVIDUAL,VG,0.944,2023-10-19
ACC_103749,Megan West,INDIVIDUAL,SG,0.321,2024-01-30
ACC_103750,Cindy Lee,INDIVIDUAL,KY,0.862,2024-01-06
ACC_103751,Shawn Lara,INDIVIDUAL,US,0.379,2023-12-18
ACC_103752,Angel Miller,INDIVIDUAL,CN,0.311,2025-10-04
ACC_103753,Gregory Stewart,INDIVIDUAL,US,0.104,2024-09-18
ACC_103754,Katelyn Johnson,INDIVIDUAL,CN,0.211,2024-08-18
ACC_103755,Reynolds PLC,CORPORATE,TW,0.166,2023-12-26
ACC_103756,Marvin Gomez,INDIVIDUAL,US,0.081,2024-09-18
ACC_103757,Michelle Farley,INDIVIDUAL,KY,0.714,2024-08-28
ACC_103758,Marie Nguyen,INDIVIDUAL,US,0.328,2024-10-29
ACC_103759,"Carter, Wilkinson and Perez",CORPORATE,US,0.245,2024-03-27
ACC_103760,Nicholas Macias,INDIVIDUAL,HK,0.251,2024-08-23
ACC_103761,Jessica Young,INDIVIDUAL,GB,0.13,2023-11-19
ACC_103762,Dawn Tran,INDIVIDUAL,SG,0.141,2025-01-28
ACC_103763,Barbara Levine,INDIVIDUAL,HK,0.186,2025-05-19
ACC_103764,Wendy Estrada,INDIVIDUAL,US,0.271,2023-11-17
ACC_103765,Jennifer Smith,INDIVIDUAL,US,0.202,2025-04-13
ACC_103766,Monique Parks,INDIVIDUAL,HK,0.056,2025-08-03
ACC_103767,Smith Group,CORPORATE,GB,0.286,2025-05-13
ACC_103768,Adams Inc,CORPORATE,US,0.237,2025-08-29
ACC_103769,Ryan Richards,INDIVIDUAL,US,0.274,2025-04-09
ACC_103770,Molly Olsen,INDIVIDUAL,US,0.266,2024-05-21
ACC_103771,Keith Deleon,INDIVIDUAL,TW,0.315,2024-04-20
ACC_103772,Brandon Scott,INDIVIDUAL,US,0.255,2023-11-19
ACC_103773,Arellano-Davis,CORPORATE,US,0.295,2025-02-06
ACC_103774,Mccoy and Sons,CORPORATE,GB,0.075,2024-05-13
ACC_103775,"Duarte, Lynch and Hernandez",CORPORATE,HK,0.375,2025-06-26
ACC_103776,Dr. Holly Williams,INDIVIDUAL,HK,0.087,2025-04-30
ACC_103777,Kristen Fernandez,INDIVIDUAL,HK,0.325,2023-12-29
ACC_103778,David Fischer,INDIVIDUAL,HK,0.155,2024-06-02
ACC_103779,Patricia Blair,INDIVIDUAL,KY,0.722,2024-11-24
ACC_103780,Sarah Lucero,INDIVIDUAL,SG,0.318,2025-03-28
ACC_103781,Jennifer Mason,INDIVIDUAL,GB,0.203,2024-12-10
ACC_103782,Charles Mccarthy,INDIVIDUAL,VG,0.799,2024-04-26
ACC_103783,Schmidt-Mosley,CORPORATE,US,0.281,2025-03-02
ACC_103784,Mcgee and Sons,CORPORATE,US,0.216,2024-11-18
ACC_103785,Jessica Green,INDIVIDUAL,HK,0.237,2025-04-21
ACC_103786,Jonathan Chase,INDIVIDUAL,GB,0.098,2025-01-23
ACC_103787,Allison Davis,INDIVIDUAL,US,0.187,2023-12-24
ACC_103788,Paul White,INDIVIDUAL,GB,0.329,2025-03-20
ACC_103789,Carter-Valdez,CORPORATE,GB,0.241,2024-12-16
ACC_103790,Jennifer Wilkerson,INDIVIDUAL,US,0.386,2024-05-09
ACC_103791,Karl Cook,INDIVIDUAL,US,0.1,2024-10-21
ACC_103792,Dr. Hunter Harris,INDIVIDUAL,SG,0.287,2023-10-11
ACC_103793,Teresa Rice,INDIVIDUAL,GB,0.37,2025-05-09
ACC_103794,Richard Sellers,INDIVIDUAL,US,0.328,2025-03-10
ACC_103795,Brandon Holloway,INDIVIDUAL,KY,0.882,2023-10-27
ACC_103796,Jordan Farley,INDIVIDUAL,VG,0.793,2025-01-26
ACC_103797,Joseph Salazar,INDIVIDUAL,TW,0.382,2023-12-08
ACC_103798,Theresa Romero,INDIVIDUAL,US,0.244,2025-01-09
ACC_103799,Hinton-Johnson,SHELL_COMPANY,US,0.839,2024-02-28
ACC_103800,Andrea Vargas,INDIVIDUAL,US,0.093,2025-06-24
ACC_103801,John Berry,INDIVIDUAL,CN,0.052,2024-12-31
ACC_103802,Jennifer Kerr,INDIVIDUAL,SG,0.259,2024-09-09
ACC_103803,Daniel Myers,INDIVIDUAL,SG,0.238,2023-12-17
ACC_103804,Joshua Jackson,INDIVIDUAL,US,0.381,2025-06-19
ACC_103805,Natalie Smith,INDIVIDUAL,US,0.157,2024-08-08
ACC_103806,"Patrick, Walker and Johnson",CORPORATE,US,0.312,2025-02-05
ACC_103807,Scott King,INDIVIDUAL,HK,0.366,2024-07-11
ACC_103808,Jessica Paul,INDIVIDUAL,GB,0.17,2025-09-21
ACC_103809,Morgan-Wilson,SHELL_COMPANY,HK,0.803,2024-01-01
ACC_103810,"Park, Woods and Herrera",CORPORATE,SG,0.276,2024-11-09
ACC_103811,Derek Bennett,INDIVIDUAL,SG,0.229,2024-09-11
ACC_103812,Joseph Fuentes,INDIVIDUAL,SG,0.106,2025-01-21
ACC_103813,Edwards-Duke,CORPORATE,HK,0.127,2024-12-23
ACC_103814,Wells Ltd,CORPORATE,GB,0.342,2024-03-04
ACC_103815,Michael Reed,INDIVIDUAL,SG,0.118,2024-12-25
ACC_103816,Lisa Moore,INDIVIDUAL,TW,0.113,2024-06-25
ACC_103817,Jennifer Gates,INDIVIDUAL,US,0.33,2024-03-24
ACC_103818,Stephanie Kline,INDIVIDUAL,SG,0.348,2024-10-08
ACC_103819,Deanna Williams,INDIVIDUAL,US,0.348,2024-08-05
ACC_103820,Kevin Spencer,INDIVIDUAL,US,0.376,2025-09-17
ACC_103821,Matthew Martinez,INDIVIDUAL,US,0.398,2025-05-26
ACC_103822,John Perez,INDIVIDUAL,SG,0.211,2024-09-11
ACC_103823,Dakota Armstrong,INDIVIDUAL,US,0.242,2024-02-15
ACC_103824,Sylvia Edwards,INDIVIDUAL,SG,0.152,2024-06-17
ACC_103825,Bradley Gilmore,INDIVIDUAL,US,0.074,2024-05-09
ACC_103826,Kathy Berger,INDIVIDUAL,KY,0.725,2024-10-27
ACC_103827,"Robertson, Blackwell and Joyce",CORPORATE,GB,0.304,2024-06-25
ACC_103828,Phillip Joseph,INDIVIDUAL,SG,0.221,2024-08-25
ACC_103829,Patty Harris,INDIVIDUAL,SG,0.166,2024-03-19
ACC_103830,Lauren Blake,INDIVIDUAL,SG,0.095,2024-05-11
ACC_103831,"Martin, Adams and Lopez",CORPORATE,HK,0.279,2025-03-24
ACC_103832,Shane Young,INDIVIDUAL,US,0.085,2024-07-02
ACC_103833,Billy Frazier,INDIVIDUAL,SG,0.267,2024-11-12
ACC_103834,Castillo-Anderson,CORPORATE,US,0.365,2025-06-10
ACC_103835,Miller Ltd,CORPORATE,SG,0.161,2024-05-01
ACC_103836,Brooks-Jimenez,CORPORATE,HK,0.208,2024-08-01
ACC_103837,David Gomez,INDIVIDUAL,SG,0.266,2025-07-24
ACC_103838,Angela Brown,INDIVIDUAL,TW,0.157,2024-10-11
ACC_103839,Andrew Williams,INDIVIDUAL,US,0.254,2023-12-08
ACC_103840,Jenkins-Ibarra,CORPORATE,HK,0.248,2025-05-12
ACC_103841,Sheri Nelson,INDIVIDUAL,HK,0.178,2025-08-17
ACC_103842,Timothy Brown,INDIVIDUAL,GB,0.161,2024-12-17
ACC_103843,William Bond,INDIVIDUAL,US,0.2,2023-10-08
ACC_103844,Craig Gibson,INDIVIDUAL,KY,0.701,2025-05-26
ACC_103845,Mark Mendez,INDIVIDUAL,VG,0.762,2024-03-16
ACC_103846,Lauren Bailey,INDIVIDUAL,SG,0.128,2025-06-05
ACC_103847,"Bauer, Guzman and Welch",CORPORATE,SG,0.309,2024-01-20
ACC_103848,David Roman,INDIVIDUAL,SG,0.203,2025-01-20
ACC_103849,Samantha Porter,INDIVIDUAL,US,0.344,2023-11-02
ACC_103850,Walker Ltd,SHELL_COMPANY,GB,0.734,2025-01-20
ACC_103851,Jack Rodriguez,INDIVIDUAL,US,0.307,2024-05-22
ACC_103852,April Hoffman,INDIVIDUAL,US,0.357,2024-09-26
ACC_103853,Deanna Hill,INDIVIDUAL,GB,0.212,2024-05-03
ACC_103854,Edward Johnson,INDIVIDUAL,KY,0.79,2023-12-11
ACC_103855,Elizabeth Martin,INDIVIDUAL,US,0.157,2025-03-07
ACC_103856,Justin Fields,INDIVIDUAL,HK,0.243,2024-11-03
ACC_103857,Michael Stokes,INDIVIDUAL,TW,0.112,2025-05-23
ACC_103858,Deborah Pierce,INDIVIDUAL,CN,0.262,2024-11-03
ACC_103859,Daniel Richardson,INDIVIDUAL,TW,0.345,2024-12-23
ACC_103860,Joseph Smith,INDIVIDUAL,CN,0.351,2023-11-16
ACC_103861,Roy French,INDIVIDUAL,GB,0.099,2024-09-18
ACC_103862,Rasmussen-Lawrence,CORPORATE,US,0.239,2024-04-13
ACC_103863,David Cross,INDIVIDUAL,HK,0.142,2025-06-09
ACC_103864,"Mcdonald, Wright and Ball",CORPORATE,HK,0.36,2025-03-11
ACC_103865,Andrew Lane,INDIVIDUAL,US,0.077,2024-07-05
ACC_103866,Jean Owen,INDIVIDUAL,KY,0.719,2025-02-23
ACC_103867,William Bartlett,INDIVIDUAL,SG,0.057,2024-01-05
ACC_103868,Olson-Mullen,CORPORATE,US,0.228,2024-12-18
ACC_103869,Brian Gutierrez,INDIVIDUAL,US,0.061,2024-10-04
ACC_103870,Brian Downs,INDIVIDUAL,US,0.254,2024-12-21
ACC_103871,William Schwartz,INDIVIDUAL,US,0.192,2024-01-01
ACC_103872,Todd Richardson,INDIVIDUAL,SG,0.257,2024-10-03
ACC_103873,Joshua Woods,INDIVIDUAL,GB,0.367,2024-06-17
ACC_103874,Jose Smith,INDIVIDUAL,SG,0.243,2024-04-29
ACC_103875,Frank Barnes,INDIVIDUAL,SG,0.24,2024-08-13
ACC_103876,Deborah Summers,INDIVIDUAL,HK,0.4,2024-04-09
ACC_103877,Kimberly Ramsey,INDIVIDUAL,GB,0.215,2025-06-16
ACC_103878,Henry Howell,INDIVIDUAL,VG,0.894,2024-11-06
ACC_103879,Foster and Sons,CORPORATE,US,0.178,2025-08-19
ACC_103880,Marvin Green,INDIVIDUAL,US,0.128,2025-03-13
ACC_103881,Zachary Cooper MD,INDIVIDUAL,GB,0.32,2024-07-30
ACC_103882,Kathryn Chan,INDIVIDUAL,SG,0.307,2024-07-09
ACC_103883,Timothy Arnold,INDIVIDUAL,US,0.152,2024-05-06
ACC_103884,Mark Berger,INDIVIDUAL,GB,0.213,2024-03-10
ACC_103885,Anthony Romero,INDIVIDUAL,GB,0.229,2023-10-25
ACC_103886,Jeremy Phelps,INDIVIDUAL,US,0.189,2025-06-20
ACC_103887,Phillip Smith,INDIVIDUAL,US,0.226,2024-09-11
ACC_103888,Anthony Chen,INDIVIDUAL,KY,0.866,2024-12-27
ACC_103889,Trevino and Sons,CORPORATE,HK,0.347,2024-02-06
ACC_103890,Charles Daniel,INDIVIDUAL,US,0.332,2025-01-22
ACC_103891,Gonzalez-Lin,CORPORATE,US,0.265,2024-08-04
ACC_103892,"Kemp, Parker and Thompson",CORPORATE,HK,0.108,2025-07-19
ACC_103893,Carrie Coffey,INDIVIDUAL,CN,0.23,2024-06-27
ACC_103894,Vincent Gordon,INDIVIDUAL,SG,0.206,2025-09-28
ACC_103895,Alexis Jenkins,INDIVIDUAL,US,0.113,2025-01-17
ACC_103896,Stephen Jones MD,INDIVIDUAL,SG,0.382,2025-03-24
ACC_103897,Kathryn Gibson,INDIVIDUAL,US,0.281,2024-07-13
ACC_103898,Price Inc,CORPORATE,US,0.389,2024-04-22
ACC_103899,Howard Thomas,INDIVIDUAL,US,0.308,2023-10-06
ACC_103900,Christopher Henderson,INDIVIDUAL,US,0.219,2024-12-19
ACC_103901,Arias-Meyer,SHELL_COMPANY,US,0.79,2024-02-04
ACC_103902,Kristin Gardner,INDIVIDUAL,US,0.127,2025-04-10
ACC_103903,Amy Chen,INDIVIDUAL,VG,0.822,2023-11-28
ACC_103904,Gregory Mitchell,INDIVIDUAL,US,0.072,2025-07-28
ACC_103905,Katelyn Gonzalez,INDIVIDUAL,US,0.179,2024-08-03
ACC_103906,Hayley Costa,INDIVIDUAL,HK,0.065,2024-10-28
ACC_103907,Christopher Kennedy,INDIVIDUAL,HK,0.122,2025-01-23
ACC_103908,Jason Powell,INDIVIDUAL,CN,0.368,2024-10-24
ACC_103909,Marshall LLC,CORPORATE,SG,0.176,2023-10-16
ACC_103910,Jesse Moreno,INDIVIDUAL,US,0.214,2024-05-27
ACC_103911,Ashley Stone,INDIVIDUAL,GB,0.209,2024-06-29
ACC_103912,Zachary Johnson,INDIVIDUAL,VG,0.712,2025-05-17
ACC_103913,Baker-Lopez,CORPORATE,US,0.393,2025-06-07
ACC_103914,Nicholas Wolfe,INDIVIDUAL,US,0.163,2025-02-26
ACC_103915,Tracy Rogers,INDIVIDUAL,HK,0.296,2024-11-26
ACC_103916,Laura Lee MD,INDIVIDUAL,VG,0.83,2025-08-02
ACC_103917,Jeffrey Lopez,INDIVIDUAL,HK,0.34,2023-10-28
ACC_103918,Sarah Brown,INDIVIDUAL,SG,0.342,2024-05-18
ACC_103919,Gary Martinez,INDIVIDUAL,VG,0.766,2024-04-04
ACC_103920,Mr. Nicholas Martinez II,INDIVIDUAL,HK,0.241,2025-03-13
ACC_103921,Jeremy Mitchell,INDIVIDUAL,HK,0.111,2025-08-22
ACC_103922,Parker-Walker,CORPORATE,SG,0.279,2024-10-10
ACC_103923,Nolan-Mejia,CORPORATE,HK,0.178,2025-08-04
ACC_103924,Susan Harvey,INDIVIDUAL,US,0.279,2024-08-09
ACC_103925,Michael Cook,INDIVIDUAL,SG,0.342,2025-05-12
ACC_103926,Hanson-Thompson,CORPORATE,US,0.231,2025-08-22
ACC_103927,Jessica Brewer,INDIVIDUAL,HK,0.182,2025-09-22
ACC_103928,Taylor Livingston,INDIVIDUAL,US,0.368,2023-11-10
ACC_103929,Bryan Shah,INDIVIDUAL,US,0.231,2025-07-30
ACC_103930,Dawn Schmidt,INDIVIDUAL,US,0.174,2025-03-03
ACC_103931,Matthew Park,INDIVIDUAL,SG,0.354,2025-08-03
ACC_103932,Gregory Adams,INDIVIDUAL,TW,0.22,2024-01-15
ACC_103933,Melissa Cowan,INDIVIDUAL,US,0.219,2024-07-05
ACC_103934,Heather Young,INDIVIDUAL,US,0.261,2025-05-26
ACC_103935,Harris-Miller,CORPORATE,US,0.226,2025-08-14
ACC_103936,Gordon-Rivera,CORPORATE,VG,0.735,2025-07-09
ACC_103937,Jessica Blake,INDIVIDUAL,HK,0.108,2024-02-17
ACC_103938,Alejandro Le,INDIVIDUAL,US,0.077,2024-09-17
ACC_103939,Mrs. Terri Edwards MD,INDIVIDUAL,US,0.275,2023-11-04
ACC_103940,Carla Schmitt,INDIVIDUAL,HK,0.124,2024-12-05
ACC_103941,Deborah Dalton,INDIVIDUAL,VG,0.747,2024-07-07
ACC_103942,Christopher Davis,INDIVIDUAL,KY,0.791,2024-12-09
ACC_103943,Mrs. Angela Boyd,INDIVIDUAL,US,0.301,2025-09-09
ACC_103944,James Hill,INDIVIDUAL,HK,0.091,2025-06-20
ACC_103945,Jessica Zamora,INDIVIDUAL,HK,0.131,2024-09-22
ACC_103946,Payne-Phillips,CORPORATE,HK,0.334,2023-12-10
ACC_103947,Cody Church,INDIVIDUAL,KY,0.88,2024-05-05
ACC_103948,Tiffany Hayes,INDIVIDUAL,HK,0.219,2023-11-30
ACC_103949,Renee Hanson,INDIVIDUAL,VG,0.82,2024-01-05
ACC_103950,Dillon Ford,INDIVIDUAL,US,0.124,2025-06-25
ACC_103951,Richard Lewis,INDIVIDUAL,KY,0.74,2025-05-10
ACC_103952,Bradley Gordon,INDIVIDUAL,TW,0.342,2025-05-06
ACC_103953,Michele Perez,INDIVIDUAL,GB,0.058,2025-05-20
ACC_103954,Thomas Rodriguez,INDIVIDUAL,HK,0.065,2025-08-19
ACC_103955,"Gordon, Keller and Matthews",CORPORATE,HK,0.251,2025-06-30
ACC_103956,Karen Webb,INDIVIDUAL,US,0.106,2024-06-20
ACC_103957,Melissa Nelson,INDIVIDUAL,US,0.27,2024-02-28
ACC_103958,Laura Peters,INDIVIDUAL,US,0.064,2025-05-10
ACC_103959,Jacob Gonzalez,INDIVIDUAL,HK,0.25,2025-03-15
ACC_103960,Fred Shelton,INDIVIDUAL,GB,0.07,2024-05-03
ACC_103961,Fred Reyes,INDIVIDUAL,US,0.14,2025-04-28
ACC_103962,Lopez-Anderson,CORPORATE,US,0.113,2024-12-19
ACC_103963,"Miles, Johnson and Romero",CORPORATE,VG,0.94,2023-12-14
ACC_103964,"Gonzalez, Smith and Taylor",CORPORATE,US,0.26,2024-06-17
ACC_103965,Wilson-Vazquez,CORPORATE,GB,0.247,2024-05-25
ACC_103966,William Smith,INDIVIDUAL,US,0.057,2024-02-07
ACC_103967,Lisa Mason,INDIVIDUAL,US,0.302,2024-11-30
ACC_103968,Jennifer Wood,INDIVIDUAL,SG,0.282,2023-10-26
ACC_103969,Annette Ray,INDIVIDUAL,HK,0.149,2025-03-17
ACC_103970,Nicholas Lozano,INDIVIDUAL,SG,0.08,2024-03-23
ACC_103971,Miles Group,CORPORATE,US,0.207,2023-10-29
ACC_103972,Lauren Black,INDIVIDUAL,US,0.397,2025-04-13
ACC_103973,Darlene Johnson,INDIVIDUAL,GB,0.354,2023-11-07
ACC_103974,"Smith, Morris and Garcia",CORPORATE,US,0.11,2025-06-21
ACC_103975,Moore-Cochran,SHELL_COMPANY,US,0.908,2025-06-01
ACC_103976,Shane Hayden,INDIVIDUAL,US,0.26,2025-03-27
ACC_103977,Griffin-Davis,CORPORATE,HK,0.328,2023-12-15
ACC_103978,Eric Holland,INDIVIDUAL,KY,0.905,2024-12-25
ACC_103979,Amy Oneill,INDIVIDUAL,US,0.114,2024-05-02
ACC_103980,Hayes PLC,CORPORATE,US,0.281,2024-03-30
ACC_103981,Victoria Pace,INDIVIDUAL,HK,0.143,2024-04-21
ACC_103982,Kyle Snyder,INDIVIDUAL,US,0.303,2024-05-17
ACC_103983,Alexandra Gutierrez,INDIVIDUAL,US,0.17,2023-10-13
ACC_103984,Kristen Andrews,INDIVIDUAL,VG,0.813,2025-06-02
ACC_103985,"Norton, Flores and Tate",SHELL_COMPANY,SG,0.848,2024-07-02
ACC_103986,Justin Simmons,INDIVIDUAL,CN,0.13,2024-10-11
ACC_103987,Kelly Harper,INDIVIDUAL,US,0.185,2025-03-17
ACC_103988,Meza Inc,CORPORATE,GB,0.088,2025-03-15
ACC_103989,Joel Bean,INDIVIDUAL,GB,0.121,2024-05-22
ACC_103990,Lauren Rodriguez,INDIVIDUAL,US,0.351,2024-12-15
ACC_103991,Ashley Moss,INDIVIDUAL,US,0.227,2024-01-01
ACC_103992,Sheila Johnson,INDIVIDUAL,GB,0.197,2025-01-26
ACC_103993,Miller PLC,CORPORATE,HK,0.102,2024-10-09
ACC_103994,"Powell, Rose and Holt",CORPORATE,KY,0.724,2024-08-13
ACC_103995,Jesse Jacobson,INDIVIDUAL,US,0.217,2024-01-31
ACC_103996,Diane Jordan,INDIVIDUAL,US,0.265,2025-08-16
ACC_103997,Kristen Williams,INDIVIDUAL,US,0.064,2025-07-16
ACC_103998,Crystal Brooks,INDIVIDUAL,HK,0.324,2025-03-23
ACC_103999,"Hardin, Klein and Contreras",CORPORATE,US,0.226,2025-10-01
ACC_104000,Zachary Williamson,INDIVIDUAL,SG,0.091,2024-03-19
ACC_104001,Mr. Rodney Johnson PhD,INDIVIDUAL,CN,0.219,2024-02-24
ACC_104002,Douglas Stone Jr.,INDIVIDUAL,US,0.096,2023-11-08
ACC_104003,Harris-Charles,CORPORATE,US,0.261,2023-11-22
ACC_104004,Diana Mitchell,INDIVIDUAL,US,0.34,2024-04-29
ACC_104005,"Robinson, Hall and Harris",CORPORATE,HK,0.364,2025-06-28
ACC_104006,Deanna Charles,INDIVIDUAL,US,0.321,2024-12-30
ACC_104007,Laura Cole,INDIVIDUAL,GB,0.277,2025-02-10
ACC_104008,James Fuentes,INDIVIDUAL,SG,0.233,2025-09-02
ACC_104009,Andrea Wilson,INDIVIDUAL,VG,0.793,2024-05-24
ACC_104010,Kimberly Sanchez,INDIVIDUAL,KY,0.711,2025-01-30
ACC_104011,"Davis, Brown and Martin",CORPORATE,HK,0.235,2024-08-29
ACC_104012,Mary Tucker,INDIVIDUAL,HK,0.13,2025-06-10
ACC_104013,Lopez PLC,CORPORATE,US,0.331,2024-05-12
ACC_104014,Jennifer Garcia,INDIVIDUAL,KY,0.897,2024-05-20
ACC_104015,Erik Jordan,INDIVIDUAL,SG,0.183,2024-03-15
ACC_104016,Kathy Green,INDIVIDUAL,US,0.256,2024-08-14
ACC_104017,Crawford LLC,CORPORATE,US,0.309,2025-10-01
ACC_104018,Brandon Perez,INDIVIDUAL,VG,0.89,2025-04-09
ACC_104019,Jessica Mora,INDIVIDUAL,TW,0.294,2023-10-16
ACC_104020,"Barrett, Cruz and Snyder",SHELL_COMPANY,US,0.724,2025-07-27
ACC_104021,Brian Edwards,INDIVIDUAL,GB,0.097,2025-04-03
ACC_104022,Melanie Collins,INDIVIDUAL,US,0.217,2024-08-18
ACC_104023,Lance Parks,INDIVIDUAL,US,0.131,2024-01-01
ACC_104024,Fuller PLC,CORPORATE,US,0.351,2024-05-25
ACC_104025,Michael Phillips,INDIVIDUAL,US,0.149,2024-05-19
ACC_104026,"Thompson, Garrett and Gonzalez",SHELL_COMPANY,SG,0.919,2024-03-26
ACC_104027,Barnes-Cooley,CORPORATE,US,0.193,2025-09-22
ACC_104028,Robert Davis,INDIVIDUAL,US,0.116,2024-08-30
ACC_104029,Jeffrey Meyers,INDIVIDUAL,SG,0.298,2024-08-30
ACC_104030,Miss Heather Salazar,INDIVIDUAL,US,0.326,2023-10-30
ACC_104031,Walker-Smith,CORPORATE,US,0.252,2024-07-12
ACC_104032,Williams and Sons,SHELL_COMPANY,US,0.729,2024-06-20
ACC_104033,Priscilla Stevens,INDIVIDUAL,US,0.053,2024-03-31
ACC_104034,Sandra Bailey,INDIVIDUAL,SG,0.279,2024-09-06
ACC_104035,Michael Jones,INDIVIDUAL,HK,0.291,2023-11-15
ACC_104036,Jessica Peters,INDIVIDUAL,SG,0.161,2023-12-01
ACC_104037,Cannon-Clay,CORPORATE,US,0.177,2024-03-01
ACC_104038,Abigail Burke,INDIVIDUAL,SG,0.104,2024-04-20
ACC_104039,Curtis Cummings,INDIVIDUAL,HK,0.278,2025-01-07
ACC_104040,Emily Brock,INDIVIDUAL,US,0.139,2025-05-26
ACC_104041,Joseph Sparks,INDIVIDUAL,US,0.349,2025-05-05
ACC_104042,Michael Smith,INDIVIDUAL,SG,0.198,2025-07-26
ACC_104043,"King, Sanders and Wilkinson",SHELL_COMPANY,GB,0.791,2024-05-26
ACC_104044,Amanda Boyd,INDIVIDUAL,VG,0.769,2024-06-03
ACC_104045,Landry LLC,CORPORATE,HK,0.288,2025-03-14
ACC_104046,Daniel Day,INDIVIDUAL,TW,0.314,2025-07-09
ACC_104047,Jorge Burton,INDIVIDUAL,CN,0.195,2024-06-08
ACC_104048,Omar Allen,INDIVIDUAL,US,0.324,2024-05-24
ACC_104049,Rebecca Schaefer,INDIVIDUAL,SG,0.219,2024-11-12
ACC_104050,"Lane, Rosales and Wilson",CORPORATE,TW,0.18,2024-08-19
ACC_104051,Melanie Warner,INDIVIDUAL,US,0.244,2023-10-13
ACC_104052,"Oliver, Schroeder and Martin",CORPORATE,SG,0.139,2025-04-14
ACC_104053,Sean Anderson MD,INDIVIDUAL,HK,0.157,2025-05-22
ACC_104054,Christine Hurst,INDIVIDUAL,GB,0.171,2023-12-25
ACC_104055,Mary Brooks,INDIVIDUAL,US,0.297,2024-09-13
ACC_104056,"Carter, Fisher and Williams",SHELL_COMPANY,SG,0.884,2024-09-01
ACC_104057,David Watkins,INDIVIDUAL,US,0.349,2025-06-29
ACC_104058,Christopher Conley,INDIVIDUAL,US,0.281,2023-12-31
ACC_104059,Kurt Jones,INDIVIDUAL,HK,0.312,2025-06-12
ACC_104060,Andre Mueller,INDIVIDUAL,SG,0.206,2024-11-29
ACC_104061,Jonathan Escobar,INDIVIDUAL,SG,0.295,2024-07-07
ACC_104062,Daniel Anderson,INDIVIDUAL,US,0.107,2023-12-22
ACC_104063,Angela Lopez,INDIVIDUAL,CN,0.125,2025-08-05
ACC_104064,Sawyer-Hernandez,CORPORATE,US,0.19,2025-04-27
ACC_104065,"Burns, Howe and Perry",CORPORATE,SG,0.168,2025-04-24
ACC_104066,Briggs Inc,SHELL_COMPANY,US,0.838,2025-04-26
ACC_104067,Cody Wheeler,INDIVIDUAL,US,0.294,2023-12-17
ACC_104068,Laurie Sellers,INDIVIDUAL,TW,0.297,2025-09-23
ACC_104069,Kevin Hess,INDIVIDUAL,US,0.106,2024-12-19
ACC_104070,Rebecca Wright,INDIVIDUAL,GB,0.388,2024-12-03
ACC_104071,Nicholas Hill,INDIVIDUAL,US,0.052,2025-05-17
ACC_104072,Christensen-Powers,SHELL_COMPANY,US,0.723,2025-04-01
ACC_104073,Joseph Edwards,INDIVIDUAL,CN,0.101,2023-12-08
ACC_104074,Kevin Wilkinson,INDIVIDUAL,US,0.374,2024-08-29
ACC_104075,Donald Wu,INDIVIDUAL,KY,0.809,2024-07-26
ACC_104076,Brian Chan,INDIVIDUAL,CN,0.072,2024-11-18
ACC_104077,Mclaughlin Group,CORPORATE,US,0.128,2024-11-15
ACC_104078,David Russell,INDIVIDUAL,US,0.078,2024-11-04
ACC_104079,Heather Wallace,INDIVIDUAL,GB,0.063,2024-07-09
ACC_104080,Meadows Inc,SHELL_COMPANY,US,0.796,2025-06-22
ACC_104081,Jacob Gordon,INDIVIDUAL,HK,0.395,2024-08-04
ACC_104082,Brian Brown,INDIVIDUAL,US,0.265,2023-12-03
ACC_104083,Rachel Wood,INDIVIDUAL,SG,0.232,2025-06-18
ACC_104084,Kimberly Hoffman,INDIVIDUAL,US,0.299,2025-03-23
ACC_104085,Hayes-Ward,CORPORATE,KY,0.849,2024-02-25
ACC_104086,Laura Turner,INDIVIDUAL,US,0.381,2025-01-17
ACC_104087,Patricia Lopez,INDIVIDUAL,US,0.337,2023-10-08
ACC_104088,Caitlin Cox,INDIVIDUAL,GB,0.274,2025-07-10
ACC_104089,Julia Wilson PhD,INDIVIDUAL,US,0.204,2024-08-07
ACC_104090,Shelley Mendez,INDIVIDUAL,US,0.121,2024-07-22
ACC_104091,Brian Cooper,INDIVIDUAL,TW,0.28,2025-06-29
ACC_104092,Janice Harris,INDIVIDUAL,US,0.331,2025-02-17
ACC_104093,Donna Murphy,INDIVIDUAL,CN,0.15,2024-03-21
ACC_104094,Caroline Burke,INDIVIDUAL,US,0.062,2025-09-21
ACC_104095,Romero Inc,CORPORATE,US,0.26,2024-10-03
ACC_104096,Jessica Aguilar,INDIVIDUAL,US,0.231,2024-04-19
ACC_104097,Kyle Ward,INDIVIDUAL,US,0.131,2024-09-01
ACC_104098,Michael Mosley,INDIVIDUAL,US,0.109,2025-05-07
ACC_104099,Shelby Baker,INDIVIDUAL,US,0.063,2024-09-30
ACC_104100,Jason Castillo,INDIVIDUAL,HK,0.134,2025-09-30
ACC_104101,Gonzales-Martin,CORPORATE,US,0.05,2024-08-01
ACC_104102,Miranda James DDS,INDIVIDUAL,US,0.105,2024-01-18
ACC_104103,Dylan Brown,INDIVIDUAL,US,0.399,2025-07-18
ACC_104104,Diane Carr,INDIVIDUAL,US,0.323,2024-06-07
ACC_104105,Tracey White,INDIVIDUAL,GB,0.174,2025-07-16
ACC_104106,Alyssa Jacobs,INDIVIDUAL,SG,0.188,2024-08-16
ACC_104107,Julia Graham,INDIVIDUAL,HK,0.255,2025-09-08
ACC_104108,Willie Smith,INDIVIDUAL,US,0.231,2024-01-09
ACC_104109,John Alvarado,INDIVIDUAL,GB,0.308,2025-08-30
ACC_104110,Newman-Taylor,CORPORATE,US,0.074,2025-01-25
ACC_104111,Charles Gonzalez,INDIVIDUAL,VG,0.723,2025-09-16
ACC_104112,Eric Horton,INDIVIDUAL,SG,0.15,2024-02-06
ACC_104113,Lauren Johnson,INDIVIDUAL,US,0.34,2025-01-27
ACC_104114,Cody Gomez,INDIVIDUAL,HK,0.37,2025-10-01
ACC_104115,Nicholas Young,INDIVIDUAL,HK,0.172,2025-07-20
ACC_104116,Ryan-Jones,CORPORATE,SG,0.387,2024-10-14
ACC_104117,Samantha George,INDIVIDUAL,HK,0.147,2024-09-06
ACC_104118,Juan Cruz,INDIVIDUAL,GB,0.262,2025-08-04
ACC_104119,Monica Joseph,INDIVIDUAL,US,0.118,2025-09-05
ACC_104120,Tammy Jones,INDIVIDUAL,SG,0.375,2024-12-16
ACC_104121,Cynthia Morgan,INDIVIDUAL,HK,0.251,2024-05-13
ACC_104122,Robert Reynolds,INDIVIDUAL,SG,0.141,2024-09-02
ACC_104123,Joshua Jackson,INDIVIDUAL,SG,0.192,2025-05-30
ACC_104124,Hayes-Collins,CORPORATE,GB,0.087,2024-02-10
ACC_104125,Dalton Ltd,CORPORATE,TW,0.075,2023-11-12
ACC_104126,Carlos Grant,INDIVIDUAL,SG,0.153,2025-09-21
ACC_104127,Meghan Simmons,INDIVIDUAL,VG,0.937,2025-07-09
ACC_104128,Julie Perez,INDIVIDUAL,TW,0.331,2025-02-05
ACC_104129,Francisco Johnson,INDIVIDUAL,GB,0.385,2025-03-22
ACC_104130,Teresa Pope,INDIVIDUAL,US,0.357,2024-04-28
ACC_104131,"Jones, Mitchell and Wright",CORPORATE,US,0.335,2025-02-12
ACC_104132,"Harris, Wong and Mclaughlin",CORPORATE,US,0.251,2025-06-20
ACC_104133,Michael Williams,INDIVIDUAL,US,0.293,2025-01-16
ACC_104134,Mark Jones,INDIVIDUAL,SG,0.388,2024-04-12
ACC_104135,Zachary Ward,INDIVIDUAL,US,0.247,2024-11-13
ACC_104136,Virginia Lewis,INDIVIDUAL,SG,0.319,2024-11-05
ACC_104137,Margaret Murray,INDIVIDUAL,GB,0.315,2024-12-30
ACC_104138,Stacy Mercado,INDIVIDUAL,HK,0.386,2024-10-16
ACC_104139,Eric Barnett,INDIVIDUAL,US,0.211,2024-02-08
ACC_104140,Clayton Spencer,INDIVIDUAL,TW,0.211,2024-07-06
ACC_104141,Williams LLC,CORPORATE,US,0.255,2025-06-03
ACC_104142,Shawn Morales,INDIVIDUAL,KY,0.707,2023-10-26
ACC_104143,Samuel Mcdonald,INDIVIDUAL,US,0.091,2023-10-06
ACC_104144,Tara Vargas,INDIVIDUAL,HK,0.074,2024-11-14
ACC_104145,Li-Chavez,SHELL_COMPANY,SG,0.858,2024-03-10
ACC_104146,Hannah Moses,INDIVIDUAL,US,0.398,2024-10-31
ACC_104147,Morgan-Smith,CORPORATE,KY,0.869,2024-12-19
ACC_104148,Amy Krueger,INDIVIDUAL,SG,0.13,2024-12-21
ACC_104149,Brittney Yang,INDIVIDUAL,KY,0.779,2024-09-07
ACC_104150,Huynh-Novak,CORPORATE,US,0.384,2025-02-18
ACC_104151,Yolanda Hull,INDIVIDUAL,US,0.231,2025-10-04
ACC_104152,Nancy Kelly,INDIVIDUAL,US,0.053,2025-01-27
ACC_104153,Marissa Anderson,INDIVIDUAL,US,0.341,2023-12-19
ACC_104154,Zoe Ball,INDIVIDUAL,HK,0.137,2024-08-22
ACC_104155,Amy Ross,INDIVIDUAL,US,0.083,2024-11-30
ACC_104156,Gary Parker,INDIVIDUAL,SG,0.286,2025-01-15
ACC_104157,Brian Lucero,INDIVIDUAL,US,0.337,2024-06-19
ACC_104158,Ochoa-Duffy,CORPORATE,GB,0.077,2025-08-12
ACC_104159,Murillo-Pierce,CORPORATE,HK,0.376,2024-08-02
ACC_104160,Steven Anderson,INDIVIDUAL,SG,0.217,2023-11-12
ACC_104161,Jason Jones,INDIVIDUAL,HK,0.174,2024-11-04
ACC_104162,Isaac Christian,INDIVIDUAL,KY,0.924,2024-03-11
ACC_104163,Melissa Burns,INDIVIDUAL,CN,0.144,2025-01-20
ACC_104164,Mcintyre PLC,CORPORATE,HK,0.381,2024-07-20
ACC_104165,Ashley Jackson,INDIVIDUAL,SG,0.289,2024-05-15
ACC_104166,Reed Group,CORPORATE,HK,0.368,2024-10-04
ACC_104167,"Jennings, Sullivan and James",CORPORATE,HK,0.225,2025-07-11
ACC_104168,"Hughes, Cunningham and Sanchez",CORPORATE,HK,0.12,2024-06-17
ACC_104169,Hayley Evans,INDIVIDUAL,GB,0.307,2024-02-15
ACC_104170,"Anderson, Henderson and Nelson",CORPORATE,SG,0.355,2024-07-07
ACC_104171,Steven Vaughn,INDIVIDUAL,HK,0.122,2024-02-21
ACC_104172,"Hall, Rivera and Sanchez",SHELL_COMPANY,GB,0.751,2023-12-01
ACC_104173,"Williams, Rivera and Whitney",CORPORATE,US,0.137,2023-12-17
ACC_104174,Lindsay Davidson,INDIVIDUAL,SG,0.267,2025-09-02
ACC_104175,Stokes-Moreno,CORPORATE,US,0.105,2023-10-28
ACC_104176,Brown Inc,CORPORATE,HK,0.087,2024-12-19
ACC_104177,Gregory Carney,INDIVIDUAL,US,0.372,2024-01-27
ACC_104178,Amy Horne,INDIVIDUAL,HK,0.287,2023-10-09
ACC_104179,Ricky Mckay,INDIVIDUAL,US,0.282,2024-03-18
ACC_104180,Jacobs-Jackson,CORPORATE,US,0.265,2025-06-06
ACC_104181,James Mcclure,INDIVIDUAL,HK,0.317,2023-10-24
ACC_104182,John Fuentes,INDIVIDUAL,GB,0.24,2024-11-15
ACC_104183,Kayla Brown,INDIVIDUAL,GB,0.065,2025-03-24
ACC_104184,Stacey Ramirez,INDIVIDUAL,US,0.219,2024-11-23
ACC_104185,Corey Goodman,INDIVIDUAL,HK,0.267,2024-03-26
ACC_104186,Rachel Matthews,INDIVIDUAL,GB,0.222,2024-04-17
ACC_104187,Brett Evans,INDIVIDUAL,US,0.395,2024-09-08
ACC_104188,Bruce Roberts,INDIVIDUAL,US,0.364,2025-06-29
ACC_104189,James Cruz,INDIVIDUAL,HK,0.354,2024-05-06
ACC_104190,Meghan Bryant,INDIVIDUAL,US,0.222,2025-04-24
ACC_104191,Stephen Stewart,INDIVIDUAL,VG,0.946,2024-11-06
ACC_104192,Christopher Johnson,INDIVIDUAL,HK,0.371,2025-04-23
ACC_104193,"Moore, Reese and Turner",SHELL_COMPANY,US,0.77,2024-08-04
ACC_104194,Mark Jones,INDIVIDUAL,US,0.128,2024-03-13
ACC_104195,Jerry Gonzales,INDIVIDUAL,US,0.252,2024-05-02
ACC_104196,"Le, Cross and Figueroa",SHELL_COMPANY,GB,0.714,2024-10-07
ACC_104197,"Rodriguez, Dorsey and Thompson",CORPORATE,GB,0.33,2024-08-15
ACC_104198,Shannon Johnson,INDIVIDUAL,HK,0.217,2024-02-08
ACC_104199,Rodriguez-Doyle,CORPORATE,TW,0.239,2024-08-31
ACC_104200,Alan Owens,INDIVIDUAL,CN,0.226,2024-07-04
ACC_104201,Ricardo Moyer,INDIVIDUAL,HK,0.188,2024-09-10
ACC_104202,Tiffany Luna MD,INDIVIDUAL,US,0.29,2025-05-28
ACC_104203,Jessica Schmidt,INDIVIDUAL,US,0.111,2025-07-09
ACC_104204,Cheryl Mccoy,INDIVIDUAL,US,0.392,2025-07-18
ACC_104205,Richard Johnson,INDIVIDUAL,TW,0.294,2024-08-01
ACC_104206,Heather Harrison,INDIVIDUAL,HK,0.211,2024-11-25
ACC_104207,Daniel Rogers,INDIVIDUAL,US,0.291,2025-05-08
ACC_104208,Alvarado-Myers,CORPORATE,SG,0.054,2025-09-04
ACC_104209,Moses-Hanna,CORPORATE,US,0.124,2025-07-26
ACC_104210,Javier Sanchez,INDIVIDUAL,US,0.253,2025-08-22
ACC_104211,Lindsay Gonzalez,INDIVIDUAL,US,0.164,2024-02-20
ACC_104212,Matthew Fowler,INDIVIDUAL,US,0.264,2024-02-01
ACC_104213,Hunter Parker,INDIVIDUAL,TW,0.141,2024-07-14
ACC_104214,Alexandra Schultz,INDIVIDUAL,US,0.242,2024-02-25
ACC_104215,Kristy Dalton,INDIVIDUAL,SG,0.133,2023-10-19
ACC_104216,Jordan Bowen,INDIVIDUAL,VG,0.818,2024-02-27
ACC_104217,"Meyers, Ramirez and Lowe",SHELL_COMPANY,US,0.853,2025-03-23
ACC_104218,Jeanette Figueroa,INDIVIDUAL,US,0.178,2025-03-07
ACC_104219,Natalie Green,INDIVIDUAL,HK,0.225,2024-05-21
ACC_104220,Elizabeth Steele,INDIVIDUAL,US,0.124,2024-11-09
ACC_104221,Alicia Hall,INDIVIDUAL,HK,0.295,2024-06-26
ACC_104222,Jennifer Lewis,INDIVIDUAL,SG,0.18,2025-01-02
ACC_104223,Jose Barnes,INDIVIDUAL,VG,0.914,2024-03-07
ACC_104224,Anna Pope,INDIVIDUAL,GB,0.148,2024-07-22
ACC_104225,Heather Nash,INDIVIDUAL,US,0.113,2025-08-11
ACC_104226,Melissa Reeves,INDIVIDUAL,HK,0.096,2024-10-30
ACC_104227,Lewis Inc,CORPORATE,US,0.252,2024-11-09
ACC_104228,Robert Kennedy,INDIVIDUAL,US,0.13,2024-02-28
ACC_104229,Romero-Hayes,SHELL_COMPANY,US,0.725,2025-02-19
ACC_104230,Perez Group,SHELL_COMPANY,CN,0.767,2025-08-18
ACC_104231,Allison Melendez,INDIVIDUAL,KY,0.759,2024-04-02
ACC_104232,Griffin Ltd,SHELL_COMPANY,US,0.808,2024-04-12
ACC_104233,Alexandra Bradley,INDIVIDUAL,HK,0.183,2024-11-12
ACC_104234,Paul Parsons,INDIVIDUAL,US,0.101,2025-05-07
ACC_104235,David Smith,INDIVIDUAL,US,0.386,2025-09-05
ACC_104236,Natasha Stevens,INDIVIDUAL,US,0.102,2023-12-24
ACC_104237,"Richardson, Yang and Richmond",CORPORATE,GB,0.332,2025-04-02
ACC_104238,Kenneth Clay,INDIVIDUAL,SG,0.112,2024-07-09
ACC_104239,Jason Ballard Jr.,INDIVIDUAL,TW,0.225,2024-08-21
ACC_104240,Melissa Lee,INDIVIDUAL,US,0.398,2023-11-01
ACC_104241,Washington and Sons,CORPORATE,CN,0.347,2024-10-27
ACC_104242,Christina Brown,INDIVIDUAL,GB,0.231,2024-04-03
ACC_104243,Wanda Medina,INDIVIDUAL,HK,0.302,2025-03-26
ACC_104244,Annette Olson,INDIVIDUAL,US,0.325,2024-01-26
ACC_104245,Bates LLC,CORPORATE,US,0.155,2025-01-23
ACC_104246,Karen Kane,INDIVIDUAL,CN,0.247,2025-05-15
ACC_104247,Katherine Bailey,INDIVIDUAL,TW,0.249,2024-03-08
ACC_104248,Schwartz-Avery,SHELL_COMPANY,SG,0.8,2025-03-17
ACC_104249,Catherine Randall,INDIVIDUAL,US,0.292,2024-12-17
ACC_104250,Michelle Lewis MD,INDIVIDUAL,US,0.071,2024-09-05
ACC_104251,Wyatt Hartman,INDIVIDUAL,TW,0.335,2023-12-11
ACC_104252,Jason Oconnor,INDIVIDUAL,GB,0.217,2024-12-13
ACC_104253,Caitlin Garcia,INDIVIDUAL,SG,0.27,2024-06-14
ACC_104254,"Dyer, Washington and Norton",CORPORATE,US,0.207,2024-12-02
ACC_104255,Rebecca Carter,INDIVIDUAL,SG,0.167,2024-04-21
ACC_104256,Patricia Ashley,INDIVIDUAL,SG,0.176,2025-06-21
ACC_104257,Shawn Hicks PhD,INDIVIDUAL,US,0.246,2025-01-12
ACC_104258,Hernandez Group,SHELL_COMPANY,CN,0.933,2025-05-15
ACC_104259,Matthew Davis,INDIVIDUAL,KY,0.764,2024-09-20
ACC_104260,Angel Lopez,INDIVIDUAL,HK,0.057,2025-03-05
ACC_104261,Becky Coleman,INDIVIDUAL,HK,0.092,2025-04-09
ACC_104262,Douglas Ross,INDIVIDUAL,US,0.354,2024-10-10
ACC_104263,John Smith,INDIVIDUAL,GB,0.387,2025-07-08
ACC_104264,David Hubbard,INDIVIDUAL,SG,0.12,2024-10-03
ACC_104265,Chavez-Martinez,CORPORATE,US,0.252,2024-05-11
ACC_104266,Brandon Rodriguez,INDIVIDUAL,GB,0.277,2024-02-10
ACC_104267,Denise Bradford,INDIVIDUAL,US,0.111,2025-02-16
ACC_104268,Andrea Reed,INDIVIDUAL,VG,0.895,2024-11-18
ACC_104269,Scott Adams,INDIVIDUAL,VG,0.789,2024-10-10
ACC_104270,Thomas Lynch,INDIVIDUAL,SG,0.286,2024-07-23
ACC_104271,Barnes-Burnett,CORPORATE,SG,0.221,2023-11-24
ACC_104272,Juan Pearson,INDIVIDUAL,HK,0.308,2025-04-04
ACC_104273,Gillespie-Myers,CORPORATE,US,0.361,2024-07-30
ACC_104274,Patrick Williams,INDIVIDUAL,US,0.183,2023-10-28
ACC_104275,"Gomez, Peters and Dunn",CORPORATE,US,0.15,2024-12-31
ACC_104276,Ruth Woods,INDIVIDUAL,HK,0.271,2024-02-29
ACC_104277,Dawn Taylor,INDIVIDUAL,SG,0.101,2025-06-19
ACC_104278,Edwin Black,INDIVIDUAL,SG,0.109,2025-01-28
ACC_104279,Jordan-Brown,CORPORATE,KY,0.902,2025-05-28
ACC_104280,Mary Mitchell,INDIVIDUAL,VG,0.784,2024-02-14
ACC_104281,Joshua Li,INDIVIDUAL,VG,0.858,2024-01-04
ACC_104282,Edwin Olson,INDIVIDUAL,HK,0.25,2025-03-25
ACC_104283,"Terry, Russell and Sampson",CORPORATE,VG,0.912,2024-10-01
ACC_104284,Kathy Thompson,INDIVIDUAL,US,0.075,2025-08-14
ACC_104285,Belinda Jordan,INDIVIDUAL,US,0.107,2024-08-08
ACC_104286,Kelly Berger,INDIVIDUAL,US,0.13,2025-03-13
ACC_104287,Snyder-Hopkins,CORPORATE,US,0.161,2024-01-27
ACC_104288,Robert Johnson,INDIVIDUAL,US,0.152,2025-09-12
ACC_104289,Antonio Thomas,INDIVIDUAL,US,0.144,2024-08-27
ACC_104290,Daniel Brown,INDIVIDUAL,GB,0.276,2024-01-06
ACC_104291,Thompson-Holt,CORPORATE,US,0.145,2024-09-27
ACC_104292,Erin Baker,INDIVIDUAL,HK,0.206,2024-08-03
ACC_104293,"Nelson, Odonnell and Moore",CORPORATE,GB,0.352,2024-03-23
ACC_104294,Amy Valenzuela,INDIVIDUAL,SG,0.177,2024-09-17
ACC_104295,"Rios, Clayton and Hicks",CORPORATE,US,0.255,2025-06-13
ACC_104296,Emma Gray,INDIVIDUAL,CN,0.388,2025-05-22
ACC_104297,Samantha Kim,INDIVIDUAL,HK,0.195,2024-12-12
ACC_104298,Felicia Smith,INDIVIDUAL,US,0.114,2024-01-25
ACC_104299,Devin Payne,INDIVIDUAL,SG,0.058,2025-08-20
ACC_104300,James Schmidt,INDIVIDUAL,GB,0.305,2024-03-25
ACC_104301,Briggs PLC,CORPORATE,US,0.282,2025-08-25
ACC_104302,Jay Baker,INDIVIDUAL,HK,0.379,2025-03-24
ACC_104303,Lori Christensen,INDIVIDUAL,US,0.295,2025-06-18
ACC_104304,James Anthony,INDIVIDUAL,VG,0.72,2025-02-13
ACC_104305,Christina Bowers,INDIVIDUAL,CN,0.108,2025-05-25
ACC_104306,Wilkinson and Sons,SHELL_COMPANY,US,0.726,2024-04-05
ACC_104307,Kristi King,INDIVIDUAL,TW,0.072,2025-06-22
ACC_104308,"Wood, Andrews and Berry",SHELL_COMPANY,US,0.92,2025-03-06
ACC_104309,Kelly Collier,INDIVIDUAL,US,0.242,2024-11-12
ACC_104310,"Brewer, Taylor and Evans",SHELL_COMPANY,US,0.707,2024-01-08
ACC_104311,Hunter Ryan,INDIVIDUAL,KY,0.799,2023-12-27
ACC_104312,Jody Johnson,INDIVIDUAL,SG,0.318,2024-02-01
ACC_104313,Jacqueline Wong,INDIVIDUAL,VG,0.721,2024-03-01
ACC_104314,Leonard Lee,INDIVIDUAL,SG,0.142,2025-01-25
ACC_104315,Angela Baker,INDIVIDUAL,US,0.104,2024-06-04
ACC_104316,Alan Sexton,INDIVIDUAL,HK,0.279,2024-05-27
ACC_104317,Laurie Sanders,INDIVIDUAL,KY,0.921,2024-08-30
ACC_104318,Alexander-Mcclain,CORPORATE,HK,0.158,2024-12-22
ACC_104319,Dale Wall,INDIVIDUAL,SG,0.137,2024-01-24
ACC_104320,"Kelley, Smith and Stephenson",CORPORATE,HK,0.149,2025-05-03
ACC_104321,Daniel Gonzalez,INDIVIDUAL,US,0.269,2025-01-11
ACC_104322,Bryan Koch,INDIVIDUAL,HK,0.096,2024-09-25
ACC_104323,Jessica Rodriguez,INDIVIDUAL,US,0.343,2024-06-10
ACC_104324,Randall Gibson,INDIVIDUAL,US,0.06,2024-04-25
ACC_104325,Briana Gross,INDIVIDUAL,HK,0.282,2024-03-20
ACC_104326,Sarah Torres,INDIVIDUAL,SG,0.351,2023-10-28
ACC_104327,William Tran,INDIVIDUAL,HK,0.164,2024-08-01
ACC_104328,Taylor Morris,INDIVIDUAL,US,0.217,2023-12-04
ACC_104329,Felicia Buckley,INDIVIDUAL,VG,0.944,2023-11-22
ACC_104330,Cynthia Holland,INDIVIDUAL,HK,0.239,2024-11-23
ACC_104331,Shelby Bennett,INDIVIDUAL,HK,0.145,2023-11-08
ACC_104332,Tony Hudson,INDIVIDUAL,SG,0.206,2025-04-03
ACC_104333,Jennifer Bailey,INDIVIDUAL,US,0.389,2024-09-07
ACC_104334,Benjamin Mann,INDIVIDUAL,KY,0.874,2025-06-13
ACC_104335,"Walters, Howe and Johnson",CORPORATE,US,0.112,2024-07-12
ACC_104336,Bryan Stewart,INDIVIDUAL,US,0.259,2025-08-05
ACC_104337,Mrs. Leslie Brewer MD,INDIVIDUAL,US,0.271,2023-12-21
ACC_104338,Jessica Acosta,INDIVIDUAL,GB,0.273,2025-03-29
ACC_104339,Daniel Vaughn,INDIVIDUAL,US,0.247,2025-09-21
ACC_104340,Heather Torres,INDIVIDUAL,KY,0.831,2024-08-25
ACC_104341,Douglas Smith,INDIVIDUAL,SG,0.274,2025-02-15
ACC_104342,Brandi Mclean,INDIVIDUAL,SG,0.158,2025-06-14
ACC_104343,Lonnie Smith,INDIVIDUAL,US,0.172,2023-11-08
ACC_104344,Michael Cohen,INDIVIDUAL,US,0.239,2024-12-16
ACC_104345,Tara Rodriguez,INDIVIDUAL,SG,0.332,2025-07-23
ACC_104346,Steven Jensen,INDIVIDUAL,US,0.205,2023-10-16
ACC_104347,Kirk Stone,INDIVIDUAL,SG,0.178,2023-11-24
ACC_104348,Brown Inc,SHELL_COMPANY,SG,0.765,2024-10-26
ACC_104349,Jose Little,INDIVIDUAL,SG,0.156,2025-03-31
ACC_104350,Morris PLC,CORPORATE,KY,0.7,2025-04-23
ACC_104351,Benjamin Thompson,INDIVIDUAL,US,0.335,2024-08-18
ACC_104352,Robert Glover,INDIVIDUAL,HK,0.347,2024-04-02
ACC_104353,Melanie Jones,INDIVIDUAL,HK,0.17,2024-09-13
ACC_104354,Marcus White,INDIVIDUAL,GB,0.214,2024-05-28
ACC_104355,Ward-Doyle,CORPORATE,US,0.053,2025-04-01
ACC_104356,Kimberly Kim,INDIVIDUAL,HK,0.373,2023-12-20
ACC_104357,Roman-Mitchell,CORPORATE,KY,0.937,2025-01-04
ACC_104358,Joseph Stewart,INDIVIDUAL,SG,0.217,2024-03-16
ACC_104359,Moore-Nguyen,CORPORATE,HK,0.053,2024-08-31
ACC_104360,Allen Larsen,INDIVIDUAL,GB,0.201,2024-01-10
ACC_104361,Katie Harrison,INDIVIDUAL,US,0.153,2023-12-10
ACC_104362,Myers-Gonzalez,CORPORATE,GB,0.131,2025-07-04
ACC_104363,Margaret Baker,INDIVIDUAL,US,0.053,2024-05-26
ACC_104364,Lauren Aguilar,INDIVIDUAL,US,0.181,2024-06-24
ACC_104365,Dylan Baldwin,INDIVIDUAL,GB,0.194,2025-02-09
ACC_104366,Matthew Robinson,INDIVIDUAL,HK,0.246,2023-12-09
ACC_104367,Daniel Hill,INDIVIDUAL,TW,0.188,2024-04-21
ACC_104368,Edwin Scott,INDIVIDUAL,US,0.107,2023-10-24
ACC_104369,Jennifer Johnson,INDIVIDUAL,SG,0.308,2024-10-26
ACC_104370,Alvin Moore,INDIVIDUAL,HK,0.186,2025-01-24
ACC_104371,Susan Ballard,INDIVIDUAL,US,0.182,2025-09-05
ACC_104372,Gregory Acevedo,INDIVIDUAL,HK,0.142,2024-01-17
ACC_104373,Terri Thomas,INDIVIDUAL,US,0.198,2024-02-07
ACC_104374,Michael Williams,INDIVIDUAL,US,0.134,2025-08-19
ACC_104375,Joshua Johnson,INDIVIDUAL,US,0.318,2025-07-20
ACC_104376,Jenny Ortiz,INDIVIDUAL,US,0.368,2025-06-04
ACC_104377,Lee PLC,SHELL_COMPANY,VG,0.902,2025-06-07
ACC_104378,Derek Cohen,INDIVIDUAL,US,0.29,2025-01-30
ACC_104379,Christopher Friedman,INDIVIDUAL,HK,0.15,2024-01-25
ACC_104380,Justin Gillespie,INDIVIDUAL,SG,0.31,2024-03-10
ACC_104381,Susan Henry,INDIVIDUAL,VG,0.902,2024-01-12
ACC_104382,Vincent Ross,INDIVIDUAL,KY,0.803,2024-02-01
ACC_104383,Maldonado-Lynn,CORPORATE,US,0.349,2025-03-22
ACC_104384,Peter Navarro,INDIVIDUAL,US,0.114,2024-05-03
ACC_104385,Adam Sims,INDIVIDUAL,US,0.151,2025-04-19
ACC_104386,Jeremy Hawkins,INDIVIDUAL,HK,0.273,2024-07-07
ACC_104387,"Davis, Compton and Davila",CORPORATE,US,0.266,2025-06-27
ACC_104388,Adams-Atkinson,SHELL_COMPANY,US,0.768,2024-05-01
ACC_104389,"Martin, Myers and Rodgers",CORPORATE,US,0.268,2024-07-29
ACC_104390,Shelly Hughes,INDIVIDUAL,VG,0.747,2024-12-22
ACC_104391,Laura Campbell,INDIVIDUAL,SG,0.057,2024-03-11
ACC_104392,Michael Mclaughlin,INDIVIDUAL,HK,0.067,2025-04-10
ACC_104393,Patricia Thomas,INDIVIDUAL,GB,0.237,2023-10-15
ACC_104394,Brian Johnson,INDIVIDUAL,SG,0.115,2024-10-05
ACC_104395,Jones and Sons,CORPORATE,US,0.086,2025-09-06
ACC_104396,Marvin Gonzalez,INDIVIDUAL,GB,0.144,2024-08-17
ACC_104397,Melissa Maddox,INDIVIDUAL,HK,0.3,2025-09-11
ACC_104398,Christopher Mack DDS,INDIVIDUAL,HK,0.304,2025-01-29
ACC_104399,Rebecca Barnes,INDIVIDUAL,HK,0.131,2025-04-03
ACC_104400,Simpson LLC,CORPORATE,US,0.103,2024-07-18
ACC_104401,Tracie Payne,INDIVIDUAL,TW,0.223,2024-08-23
ACC_104402,Anthony Campbell,INDIVIDUAL,KY,0.785,2025-06-04
ACC_104403,Michael Mayer,INDIVIDUAL,GB,0.159,2025-01-05
ACC_104404,Kathryn Castillo,INDIVIDUAL,US,0.33,2024-03-01
ACC_104405,Ryan Lang,INDIVIDUAL,HK,0.399,2024-05-24
ACC_104406,Rodriguez Group,CORPORATE,US,0.212,2025-09-12
ACC_104407,Francisco Smith,INDIVIDUAL,GB,0.327,2025-08-30
ACC_104408,Brandon Garrett,INDIVIDUAL,US,0.166,2025-04-24
ACC_104409,Erin Stanley,INDIVIDUAL,US,0.345,2024-11-25
ACC_104410,Jose White,INDIVIDUAL,TW,0.383,2025-01-23
ACC_104411,Sharon Moore,INDIVIDUAL,US,0.07,2024-11-28
ACC_104412,"Savage, Delacruz and Carlson",CORPORATE,US,0.321,2024-12-25
ACC_104413,Amy Anderson,INDIVIDUAL,US,0.075,2024-04-27
ACC_104414,Robert Mejia,INDIVIDUAL,US,0.215,2024-08-16
ACC_104415,Annette Wright,INDIVIDUAL,HK,0.117,2025-01-22
ACC_104416,Jack Carter,INDIVIDUAL,HK,0.345,2025-09-21
ACC_104417,"Velazquez, Warren and Rodgers",CORPORATE,US,0.336,2025-05-02
ACC_104418,Keith Shaffer,INDIVIDUAL,SG,0.34,2025-08-02
ACC_104419,"Vaughn, Johnson and Daniels",CORPORATE,US,0.093,2023-12-14
ACC_104420,Marcus Oconnor,INDIVIDUAL,VG,0.892,2025-06-24
ACC_104421,Amy Espinoza,INDIVIDUAL,VG,0.762,2024-03-15
ACC_104422,Natalie Hansen,INDIVIDUAL,GB,0.32,2024-11-29
ACC_104423,"Smith, Clark and Hughes",CORPORATE,SG,0.205,2023-12-30
ACC_104424,Anthony David,INDIVIDUAL,US,0.308,2024-12-12
ACC_104425,Richard PLC,CORPORATE,HK,0.062,2024-10-20
ACC_104426,Elizabeth Mitchell,INDIVIDUAL,SG,0.211,2023-11-23
ACC_104427,Allison Crawford,INDIVIDUAL,US,0.32,2024-12-15
ACC_104428,Tonya Becker,INDIVIDUAL,US,0.232,2025-05-06
ACC_104429,Gloria Huang,INDIVIDUAL,SG,0.394,2025-09-07
ACC_104430,William Adkins,INDIVIDUAL,KY,0.818,2025-07-18
ACC_104431,Schultz-Chavez,CORPORATE,SG,0.289,2025-05-07
ACC_104432,Troy Huffman,INDIVIDUAL,SG,0.159,2024-03-07
ACC_104433,Jessica Salazar,INDIVIDUAL,SG,0.163,2023-12-06
ACC_104434,William Mccarthy,INDIVIDUAL,US,0.27,2025-05-01
ACC_104435,"Hicks, Drake and Fowler",CORPORATE,US,0.065,2024-03-12
ACC_104436,Mark Morgan,INDIVIDUAL,US,0.378,2025-03-19
ACC_104437,Jordan-Knox,CORPORATE,US,0.232,2023-12-05
ACC_104438,Michael Pitts,INDIVIDUAL,US,0.139,2023-11-01
ACC_104439,Kimberly Hicks,INDIVIDUAL,US,0.273,2025-01-18
ACC_104440,Garrett Lee,INDIVIDUAL,HK,0.12,2025-03-14
ACC_104441,Mary Boyer,INDIVIDUAL,US,0.361,2024-06-16
ACC_104442,"Yang, Soto and Cook",CORPORATE,SG,0.352,2024-01-12
ACC_104443,Ronald Fry,INDIVIDUAL,SG,0.126,2025-03-07
ACC_104444,Jeffery Kim,INDIVIDUAL,US,0.09,2023-11-15
ACC_104445,Jeremy Krause,INDIVIDUAL,KY,0.858,2025-02-09
ACC_104446,Goodwin and Sons,SHELL_COMPANY,HK,0.781,2025-01-18
ACC_104447,Joshua Houston,INDIVIDUAL,US,0.109,2025-01-30
ACC_104448,Matthew Buchanan,INDIVIDUAL,SG,0.147,2024-10-06
ACC_104449,Debra Munoz,INDIVIDUAL,CN,0.092,2025-10-01
ACC_104450,Valerie Lopez,INDIVIDUAL,CN,0.326,2025-01-20
ACC_104451,Rodriguez-Graham,CORPORATE,GB,0.053,2024-12-22
ACC_104452,Jeffrey Gonzalez,INDIVIDUAL,SG,0.065,2024-10-24
ACC_104453,Mrs. Melissa Nelson,INDIVIDUAL,SG,0.324,2025-09-07
ACC_104454,Mary Mathis,INDIVIDUAL,TW,0.216,2023-11-23
ACC_104455,Amy Vargas,INDIVIDUAL,GB,0.259,2024-02-14
ACC_104456,Smith-Hunt,CORPORATE,US,0.18,2025-07-24
ACC_104457,John Rose,INDIVIDUAL,HK,0.081,2024-04-24
ACC_104458,Jennifer Nelson,INDIVIDUAL,KY,0.739,2025-01-28
ACC_104459,Sean Jones,INDIVIDUAL,SG,0.082,2024-09-07
ACC_104460,Michaela Johnson,INDIVIDUAL,US,0.267,2023-10-07
ACC_104461,Wendy Braun,INDIVIDUAL,KY,0.933,2023-11-18
ACC_104462,Crystal Knapp,INDIVIDUAL,SG,0.399,2024-01-17
ACC_104463,Cynthia Bennett,INDIVIDUAL,US,0.269,2024-02-05
ACC_104464,Stacey Burns,INDIVIDUAL,TW,0.071,2025-09-28
ACC_104465,Jasmine Cooper,INDIVIDUAL,US,0.276,2025-09-22
ACC_104466,Alan Richardson,INDIVIDUAL,SG,0.295,2025-04-10
ACC_104467,Susan Hines,INDIVIDUAL,SG,0.327,2025-05-16
ACC_104468,Evelyn Norman,INDIVIDUAL,VG,0.731,2025-01-21
ACC_104469,Stephen Scott,INDIVIDUAL,US,0.131,2024-12-28
ACC_104470,Anna Meyer,INDIVIDUAL,US,0.394,2023-10-06
ACC_104471,Fischer PLC,CORPORATE,CN,0.326,2025-07-03
ACC_104472,Joshua George,INDIVIDUAL,VG,0.889,2025-08-28
ACC_104473,Baker-Valenzuela,CORPORATE,CN,0.332,2024-08-05
ACC_104474,Veronica Long,INDIVIDUAL,SG,0.204,2024-10-10
ACC_104475,Lisa Greer,INDIVIDUAL,KY,0.748,2025-04-30
ACC_104476,Kayla Guerra,INDIVIDUAL,SG,0.291,2024-08-10
ACC_104477,Robert Lee,INDIVIDUAL,US,0.175,2025-06-24
ACC_104478,Jennifer Johnson,INDIVIDUAL,VG,0.734,2025-09-29
ACC_104479,Mr. Michael Johnson DDS,INDIVIDUAL,VG,0.925,2025-04-04
ACC_104480,Jordan Collins,INDIVIDUAL,HK,0.22,2023-10-06
ACC_104481,Laura Craig,INDIVIDUAL,US,0.203,2025-05-04
ACC_104482,Sabrina Mendez,INDIVIDUAL,SG,0.153,2024-05-26
ACC_104483,Edward Cummings,INDIVIDUAL,GB,0.294,2024-09-01
ACC_104484,Alice Chapman,INDIVIDUAL,US,0.116,2025-01-05
ACC_104485,Mark Ferrell,INDIVIDUAL,SG,0.115,2025-05-17
ACC_104486,Joseph Mcbride,INDIVIDUAL,US,0.172,2024-06-22
ACC_104487,Scott Williams,INDIVIDUAL,SG,0.306,2025-08-03
ACC_104488,Michelle Walker,INDIVIDUAL,GB,0.146,2023-11-13
ACC_104489,Adam Phillips,INDIVIDUAL,US,0.341,2025-02-06
ACC_104490,"Bishop, Powers and Anderson",CORPORATE,SG,0.37,2025-05-13
ACC_104491,Amanda Mata,INDIVIDUAL,SG,0.244,2025-04-06
ACC_104492,Jessica Payne,INDIVIDUAL,SG,0.074,2024-11-18
ACC_104493,Rebecca Black,INDIVIDUAL,CN,0.104,2024-03-26
ACC_104494,Stevens LLC,CORPORATE,SG,0.153,2025-06-04
ACC_104495,Jason Stanley,INDIVIDUAL,US,0.142,2024-04-03
ACC_104496,Chelsea Lewis,INDIVIDUAL,HK,0.178,2025-01-30
ACC_104497,Laurie Williams,INDIVIDUAL,HK,0.05,2024-10-20
ACC_104498,Michael Donaldson,INDIVIDUAL,TW,0.273,2025-07-08
ACC_104499,Elizabeth Young,INDIVIDUAL,CN,0.183,2025-03-27
ACC_104500,Roach-Morris,CORPORATE,HK,0.115,2024-11-06
ACC_104501,James Anderson,INDIVIDUAL,HK,0.057,2024-03-25
ACC_104502,Cassandra Rowe,INDIVIDUAL,US,0.35,2024-04-25
ACC_104503,Ashley Hill,INDIVIDUAL,SG,0.322,2024-12-20
ACC_104504,Kayla Osborn,INDIVIDUAL,SG,0.134,2024-01-24
ACC_104505,Melissa Smith,INDIVIDUAL,US,0.302,2023-12-20
ACC_104506,Angela Medina,INDIVIDUAL,US,0.28,2024-10-30
ACC_104507,Brian Rodgers,INDIVIDUAL,US,0.239,2024-11-04
ACC_104508,James Jacobs,INDIVIDUAL,KY,0.797,2024-10-08
ACC_104509,James Miller,INDIVIDUAL,SG,0.233,2025-02-02
ACC_104510,Ronald Adkins,INDIVIDUAL,VG,0.824,2025-01-05
ACC_104511,Michele Horn,INDIVIDUAL,US,0.243,2024-06-30
ACC_104512,Jennifer Barnett,INDIVIDUAL,US,0.265,2023-11-12
ACC_104513,Laura Martinez,INDIVIDUAL,US,0.163,2024-08-21
ACC_104514,Chapman-Stephens,SHELL_COMPANY,HK,0.86,2023-11-10
ACC_104515,Daniel Thornton,INDIVIDUAL,GB,0.089,2025-02-06
ACC_104516,Daniel Rivera,INDIVIDUAL,KY,0.831,2025-09-01
ACC_104517,Melissa Fuller,INDIVIDUAL,GB,0.073,2024-01-19
ACC_104518,Trevor Wagner,INDIVIDUAL,KY,0.909,2024-02-16
ACC_104519,Stephanie Davis,INDIVIDUAL,US,0.095,2025-09-20
ACC_104520,Thomas Brown,INDIVIDUAL,US,0.356,2025-02-02
ACC_104521,"Nguyen, Gardner and Tanner",SHELL_COMPANY,US,0.751,2024-03-10
ACC_104522,Tiffany Moore,INDIVIDUAL,US,0.22,2025-08-08
ACC_104523,Katherine Carson,INDIVIDUAL,SG,0.085,2024-10-17
ACC_104524,"Larson, Jones and Barnes",SHELL_COMPANY,HK,0.843,2023-12-30
ACC_104525,Clark Inc,CORPORATE,HK,0.343,2025-09-08
ACC_104526,Mr. Alejandro Curtis,INDIVIDUAL,US,0.28,2023-11-06
ACC_104527,Charles Miles,INDIVIDUAL,TW,0.234,2024-12-06
ACC_104528,Brooks Inc,CORPORATE,US,0.295,2025-02-15
ACC_104529,Michael Perkins,INDIVIDUAL,US,0.14,2025-04-06
ACC_104530,"Houston, Vargas and Frazier",CORPORATE,VG,0.792,2024-08-27
ACC_104531,Reyes-Roman,CORPORATE,US,0.262,2024-07-23
ACC_104532,Amanda Morris,INDIVIDUAL,HK,0.075,2023-10-12
ACC_104533,Matthew Barker,INDIVIDUAL,HK,0.376,2025-03-09
ACC_104534,Tyler Mullins,INDIVIDUAL,US,0.123,2024-03-06
ACC_104535,Burns Ltd,CORPORATE,GB,0.222,2023-11-15
ACC_104536,Johnny Heath,INDIVIDUAL,HK,0.361,2025-06-18
ACC_104537,Melissa Davis,INDIVIDUAL,GB,0.078,2025-04-17
ACC_104538,White-Flores,CORPORATE,GB,0.33,2024-07-10
ACC_104539,Amanda Green,INDIVIDUAL,US,0.071,2025-01-04
ACC_104540,James Gardner,INDIVIDUAL,HK,0.245,2024-06-21
ACC_104541,Marco Baker,INDIVIDUAL,GB,0.378,2024-10-19
ACC_104542,Denise Gibson,INDIVIDUAL,US,0.196,2025-05-29
ACC_104543,Joseph Hernandez,INDIVIDUAL,TW,0.179,2023-12-30
ACC_104544,Mr. James Price,INDIVIDUAL,SG,0.298,2025-06-09
ACC_104545,Dylan Gonzalez,INDIVIDUAL,US,0.338,2025-01-12
ACC_104546,Terry Lewis,INDIVIDUAL,GB,0.143,2025-08-03
ACC_104547,Jose Lewis,INDIVIDUAL,VG,0.71,2024-09-11
ACC_104548,Samantha Waters,INDIVIDUAL,US,0.075,2024-09-26
ACC_104549,Morrow-Brown,CORPORATE,US,0.156,2024-04-16
ACC_104550,Brian Rivera,INDIVIDUAL,GB,0.381,2024-06-15
ACC_104551,Jerome Mason,INDIVIDUAL,GB,0.386,2024-04-20
ACC_104552,Denise Olsen,INDIVIDUAL,US,0.084,2024-10-10
ACC_104553,Holly Alvarez,INDIVIDUAL,KY,0.881,2024-06-08
ACC_104554,Richard Cook,INDIVIDUAL,GB,0.236,2024-01-06
ACC_104555,Hernandez and Sons,CORPORATE,HK,0.116,2024-09-19
ACC_104556,Sara Scott,INDIVIDUAL,HK,0.234,2025-02-21
ACC_104557,Sean Rice,INDIVIDUAL,HK,0.137,2025-08-03
ACC_104558,Morgan Jones,INDIVIDUAL,TW,0.269,2025-07-19
ACC_104559,Bush and Sons,CORPORATE,VG,0.745,2024-11-18
ACC_104560,"Young, Jackson and Lee",CORPORATE,HK,0.312,2024-11-12
ACC_104561,Benjamin Stuart,INDIVIDUAL,VG,0.804,2024-12-22
ACC_104562,John Gibson,INDIVIDUAL,TW,0.087,2024-03-29
ACC_104563,Valerie Ballard,INDIVIDUAL,SG,0.274,2025-05-24
ACC_104564,Laura Taylor,INDIVIDUAL,TW,0.175,2025-07-24
ACC_104565,Joseph Hardy,INDIVIDUAL,GB,0.211,2025-09-01
ACC_104566,Angela Dawson,INDIVIDUAL,US,0.283,2024-03-20
ACC_104567,Warner PLC,CORPORATE,SG,0.359,2025-05-05
ACC_104568,Daniel Scott,INDIVIDUAL,US,0.108,2024-10-17
ACC_104569,John Wilson,INDIVIDUAL,SG,0.113,2024-03-26
ACC_104570,Christopher Cain,INDIVIDUAL,US,0.191,2023-12-19
ACC_104571,Wells-Hoffman,SHELL_COMPANY,HK,0.784,2025-04-02
ACC_104572,Samantha Scott,INDIVIDUAL,HK,0.105,2025-09-10
ACC_104573,Lisa Park,INDIVIDUAL,HK,0.399,2025-07-17
ACC_104574,Lance Hurst,INDIVIDUAL,HK,0.205,2024-03-31
ACC_104575,Allison Shaw,INDIVIDUAL,HK,0.173,2023-12-24
ACC_104576,Thomas Robertson,INDIVIDUAL,HK,0.16,2024-03-06
ACC_104577,Ian Torres,INDIVIDUAL,US,0.397,2024-08-17
ACC_104578,Wilson-Novak,CORPORATE,SG,0.164,2024-12-02
ACC_104579,George Hart,INDIVIDUAL,HK,0.18,2024-04-17
ACC_104580,"Armstrong, Cline and Hardin",CORPORATE,SG,0.317,2025-08-04
ACC_104581,Moore-Maldonado,CORPORATE,US,0.201,2023-12-14
ACC_104582,"Brandt, Williams and Herrera",SHELL_COMPANY,KY,0.881,2025-03-10
ACC_104583,"Ferguson, Taylor and Stokes",CORPORATE,US,0.263,2024-01-01
ACC_104584,Susan Middleton,INDIVIDUAL,US,0.247,2024-02-03
ACC_104585,Anthony Perez,INDIVIDUAL,VG,0.753,2024-10-06
ACC_104586,April Robertson,INDIVIDUAL,US,0.318,2025-01-10
ACC_104587,Samantha Johnson,INDIVIDUAL,US,0.374,2025-04-11
ACC_104588,Thomas Gregory,INDIVIDUAL,GB,0.139,2025-06-14
ACC_104589,Mary Santiago,INDIVIDUAL,US,0.387,2024-06-30
ACC_104590,Andrea Nguyen,INDIVIDUAL,HK,0.207,2025-07-18
ACC_104591,Michelle Mendoza,INDIVIDUAL,SG,0.189,2024-11-21
ACC_104592,Jamie Williams,INDIVIDUAL,GB,0.304,2025-07-19
ACC_104593,Christopher Riley,INDIVIDUAL,US,0.394,2023-11-15
ACC_104594,Gordon PLC,SHELL_COMPANY,KY,0.849,2025-08-16
ACC_104595,"Patterson, Taylor and Price",CORPORATE,US,0.231,2025-02-02
ACC_104596,Rogers PLC,CORPORATE,KY,0.948,2024-11-01
ACC_104597,Russell-Thompson,CORPORATE,US,0.156,2024-08-17
ACC_104598,Justin Huff,INDIVIDUAL,TW,0.155,2024-12-08
ACC_104599,Jessica Dominguez,INDIVIDUAL,SG,0.128,2024-08-26
ACC_104600,Henry LLC,CORPORATE,HK,0.35,2024-01-28
ACC_104601,Jason Johnson,INDIVIDUAL,HK,0.058,2024-10-03
ACC_104602,"Wilson, Frey and Montoya",CORPORATE,US,0.338,2025-03-05
ACC_104603,Alexis Jones,INDIVIDUAL,SG,0.291,2023-12-30
ACC_104604,Harper-Parsons,CORPORATE,SG,0.147,2024-04-18
ACC_104605,"Fisher, Gray and Clarke",CORPORATE,CN,0.244,2024-06-02
ACC_104606,Jason Anderson,INDIVIDUAL,HK,0.245,2024-07-19
ACC_104607,Rachel Williams,INDIVIDUAL,US,0.374,2025-08-09
ACC_104608,Lauren Francis,INDIVIDUAL,CN,0.104,2024-08-07
ACC_104609,Price Inc,CORPORATE,US,0.063,2024-04-03
ACC_104610,Eduardo Ray,INDIVIDUAL,SG,0.174,2024-01-27
ACC_104611,Vanessa Fisher,INDIVIDUAL,US,0.098,2024-01-29
ACC_104612,Thomas Inc,CORPORATE,CN,0.178,2024-01-17
ACC_104613,Austin Brown,INDIVIDUAL,VG,0.846,2024-01-30
ACC_104614,Thomas Yoder,INDIVIDUAL,GB,0.132,2025-07-30
ACC_104615,Brandon Delgado,INDIVIDUAL,US,0.334,2024-05-31
ACC_104616,"Bentley, Koch and Moore",CORPORATE,HK,0.082,2025-06-18
ACC_104617,Jordan Nicholson,INDIVIDUAL,US,0.19,2025-01-24
ACC_104618,Lisa Martin,INDIVIDUAL,US,0.371,2025-08-14
ACC_104619,Carol Gates DDS,INDIVIDUAL,SG,0.307,2025-01-14
ACC_104620,Nathaniel Nunez,INDIVIDUAL,SG,0.303,2024-11-14
ACC_104621,David Taylor,INDIVIDUAL,GB,0.328,2025-09-03
ACC_104622,Nathan Green,INDIVIDUAL,CN,0.111,2024-03-17
ACC_104623,Mrs. Ashley Adams MD,INDIVIDUAL,HK,0.339,2024-09-20
ACC_104624,Eileen Richardson,INDIVIDUAL,US,0.291,2024-09-02
ACC_104625,Dylan Jones,INDIVIDUAL,SG,0.252,2025-07-11
ACC_104626,Carolyn Townsend,INDIVIDUAL,US,0.368,2025-06-13
ACC_104627,Smith and Sons,CORPORATE,US,0.258,2024-11-04
ACC_104628,Kyle Ellis,INDIVIDUAL,US,0.155,2024-01-08
ACC_104629,Walker PLC,CORPORATE,US,0.306,2024-12-14
ACC_104630,Christine Rivera,INDIVIDUAL,HK,0.252,2025-05-09
ACC_104631,Sharon Collins,INDIVIDUAL,SG,0.077,2025-08-30
ACC_104632,Alvarado PLC,CORPORATE,US,0.07,2025-04-23
ACC_104633,Jacob Martinez,INDIVIDUAL,US,0.32,2024-05-30
ACC_104634,Nicholas Edwards,INDIVIDUAL,US,0.172,2025-08-04
ACC_104635,Joshua Cook,INDIVIDUAL,HK,0.336,2023-10-15
ACC_104636,Jessica Brown,INDIVIDUAL,US,0.196,2025-07-05
ACC_104637,Ashley Jenkins,INDIVIDUAL,US,0.354,2024-11-01
ACC_104638,Jacqueline Walker,INDIVIDUAL,HK,0.354,2024-06-15
ACC_104639,Tracy Reed,INDIVIDUAL,US,0.129,2024-06-17
ACC_104640,Kathy Nelson,INDIVIDUAL,CN,0.278,2024-04-06
ACC_104641,Andrew Gay,INDIVIDUAL,US,0.261,2024-02-28
ACC_104642,Beltran-Walton,CORPORATE,GB,0.054,2024-03-19
ACC_104643,Joshua Mcgee,INDIVIDUAL,KY,0.894,2024-11-09
ACC_104644,Mercedes Hicks,INDIVIDUAL,US,0.184,2025-09-06
ACC_104645,Mariah Ramsey MD,INDIVIDUAL,HK,0.157,2023-11-22
ACC_104646,Jeffery Mccarty,INDIVIDUAL,SG,0.064,2024-09-29
ACC_104647,"Campbell, Harper and Weber",CORPORATE,CN,0.239,2024-04-05
ACC_104648,Mckinney and Sons,CORPORATE,KY,0.737,2025-06-11
ACC_104649,"Parker, Hale and Cantu",CORPORATE,US,0.226,2025-08-06
ACC_104650,Gregory Sandoval,INDIVIDUAL,HK,0.127,2024-08-09
ACC_104651,Williams LLC,CORPORATE,HK,0.068,2024-06-15
ACC_104652,Mary Gonzalez,INDIVIDUAL,US,0.306,2023-12-17
ACC_104653,Cynthia Thomas,INDIVIDUAL,GB,0.188,2024-11-04
ACC_104654,Bobby Gould,INDIVIDUAL,US,0.206,2023-12-27
ACC_104655,Travis Johnson,INDIVIDUAL,US,0.258,2025-05-28
ACC_104656,Jorge Turner,INDIVIDUAL,US,0.227,2025-07-30
ACC_104657,John Delacruz,INDIVIDUAL,US,0.128,2024-05-06
ACC_104658,Kirk-Tyler,CORPORATE,US,0.151,2024-10-16
ACC_104659,Kristin Harper,INDIVIDUAL,GB,0.188,2025-09-16
ACC_104660,Shannon Smith,INDIVIDUAL,VG,0.733,2025-06-06
ACC_104661,Douglas Mata,INDIVIDUAL,HK,0.079,2025-02-22
ACC_104662,Zachary Morris,INDIVIDUAL,CN,0.25,2024-09-07
ACC_104663,Mayer-Davis,CORPORATE,US,0.067,2024-01-10
ACC_104664,Cassandra Grant,INDIVIDUAL,KY,0.8,2024-06-10
ACC_104665,Elizabeth Ellis,INDIVIDUAL,GB,0.08,2025-01-28
ACC_104666,Keith Marquez,INDIVIDUAL,GB,0.226,2025-09-19
ACC_104667,Jonathan Daniels,INDIVIDUAL,US,0.321,2024-07-11
ACC_104668,Christina Ingram,INDIVIDUAL,TW,0.096,2025-06-06
ACC_104669,Gina Madden,INDIVIDUAL,HK,0.097,2024-03-03
ACC_104670,Richard Yang,INDIVIDUAL,HK,0.246,2025-08-13
ACC_104671,Williams-Reilly,CORPORATE,GB,0.221,2024-11-10
ACC_104672,Anita Johnson,INDIVIDUAL,TW,0.278,2024-02-11
ACC_104673,"Roman, Morgan and Mcdonald",CORPORATE,VG,0.749,2024-09-28
ACC_104674,Austin Williams,INDIVIDUAL,VG,0.854,2024-06-13
ACC_104675,Megan Johnson,INDIVIDUAL,US,0.307,2023-12-19
ACC_104676,Turner-Bates,CORPORATE,US,0.136,2024-05-31
ACC_104677,Kelli Garza,INDIVIDUAL,GB,0.075,2024-10-21
ACC_104678,"Smith, Clark and Pearson",CORPORATE,US,0.322,2024-04-14
ACC_104679,Ramos-Bishop,CORPORATE,SG,0.163,2025-08-27
ACC_104680,Chad Davis,INDIVIDUAL,KY,0.931,2023-10-21
ACC_104681,Desiree Murphy,INDIVIDUAL,US,0.081,2025-07-13
ACC_104682,Jane Glover,INDIVIDUAL,HK,0.285,2025-03-16
ACC_104683,Joseph Cruz,INDIVIDUAL,KY,0.806,2024-11-26
ACC_104684,Roberts LLC,CORPORATE,SG,0.172,2023-11-10
ACC_104685,"Hodges, Johnson and Lopez",CORPORATE,US,0.162,2024-03-12
ACC_104686,Michelle Alvarez,INDIVIDUAL,VG,0.848,2025-08-24
ACC_104687,Angel Gordon,INDIVIDUAL,US,0.058,2024-01-26
ACC_104688,Cynthia Garcia,INDIVIDUAL,HK,0.157,2024-01-27
ACC_104689,Pearson-White,CORPORATE,US,0.396,2025-09-06
ACC_104690,Howard Swanson,INDIVIDUAL,US,0.266,2023-12-07
ACC_104691,Michael Perez,INDIVIDUAL,US,0.397,2024-11-15
ACC_104692,Stephen Parker,INDIVIDUAL,VG,0.811,2024-06-17
ACC_104693,"Jackson, Herrera and Bell",CORPORATE,US,0.101,2025-05-16
ACC_104694,Christopher Johnson,INDIVIDUAL,HK,0.066,2025-03-11
ACC_104695,Thompson-Kelly,CORPORATE,TW,0.336,2024-11-12
ACC_104696,John Johnson,INDIVIDUAL,GB,0.12,2025-05-16
ACC_104697,Erin Bradley,INDIVIDUAL,US,0.181,2023-10-24
ACC_104698,Michael White,INDIVIDUAL,HK,0.315,2024-06-28
ACC_104699,Jennifer Miller,INDIVIDUAL,US,0.348,2024-05-06
ACC_104700,Kaitlyn Walsh,INDIVIDUAL,US,0.089,2023-10-15
ACC_104701,Jennifer Gonzales,INDIVIDUAL,US,0.069,2025-08-03
ACC_104702,Michael Morrison,INDIVIDUAL,HK,0.382,2024-09-25
ACC_104703,Paul Townsend,INDIVIDUAL,HK,0.374,2024-08-23
ACC_104704,Carrie Kim,INDIVIDUAL,HK,0.354,2024-11-08
ACC_104705,William Anderson,INDIVIDUAL,SG,0.337,2025-01-22
ACC_104706,"Martinez, Mitchell and Meyers",CORPORATE,US,0.055,2023-10-24
ACC_104707,Christopher Alexander,INDIVIDUAL,US,0.293,2025-07-19
ACC_104708,Peter Mitchell,INDIVIDUAL,US,0.089,2024-07-16
ACC_104709,Tammy Holder,INDIVIDUAL,HK,0.208,2024-01-31
ACC_104710,Huerta Group,CORPORATE,HK,0.058,2025-09-11
ACC_104711,Rebekah Hernandez,INDIVIDUAL,HK,0.123,2025-06-20
ACC_104712,"Potter, Hayden and Sullivan",CORPORATE,GB,0.238,2025-03-13
ACC_104713,Wesley Lopez,INDIVIDUAL,KY,0.751,2024-08-26
ACC_104714,Sandra Lopez,INDIVIDUAL,KY,0.831,2025-05-10
ACC_104715,Thomas Inc,CORPORATE,US,0.141,2023-12-19
ACC_104716,Michael Kim,INDIVIDUAL,US,0.219,2025-04-03
ACC_104717,Robin Moreno,INDIVIDUAL,US,0.305,2023-10-07
ACC_104718,Tyler Steele,INDIVIDUAL,US,0.099,2025-02-14
ACC_104719,Jonathan Rodriguez,INDIVIDUAL,GB,0.295,2025-03-01
ACC_104720,Phyllis Phillips,INDIVIDUAL,US,0.056,2024-04-11
ACC_104721,Charles Harrison,INDIVIDUAL,US,0.254,2023-12-25
ACC_104722,Brenda Barnes,INDIVIDUAL,US,0.282,2024-01-10
ACC_104723,Zamora LLC,SHELL_COMPANY,GB,0.711,2025-09-24
ACC_104724,Jeffrey Taylor,INDIVIDUAL,US,0.11,2024-06-28
ACC_104725,Melanie Richards,INDIVIDUAL,SG,0.149,2025-09-07
ACC_104726,Brooke Wolfe,INDIVIDUAL,US,0.326,2024-04-04
ACC_104727,"Weaver, Carson and Thompson",CORPORATE,US,0.266,2024-07-29
ACC_104728,Kelsey Hicks,INDIVIDUAL,VG,0.713,2025-09-05
ACC_104729,David Ramirez,INDIVIDUAL,US,0.279,2024-05-27
ACC_104730,Michael Elliott DDS,INDIVIDUAL,US,0.053,2024-06-05
ACC_104731,Andrea Santos,INDIVIDUAL,HK,0.186,2023-11-24
ACC_104732,Robertson-Wood,CORPORATE,TW,0.145,2025-06-09
ACC_104733,"Rodriguez, Robinson and Patterson",CORPORATE,CN,0.348,2025-06-08
ACC_104734,Sonya Berry,INDIVIDUAL,US,0.281,2023-12-26
ACC_104735,Alexander Torres,INDIVIDUAL,SG,0.352,2024-12-06
ACC_104736,Kaufman and Sons,CORPORATE,US,0.057,2024-05-06
ACC_104737,"Cole, Wood and Blair",CORPORATE,KY,0.917,2024-06-15
ACC_104738,"Garrett, Burke and Smith",SHELL_COMPANY,VG,0.862,2025-07-20
ACC_104739,Patrick Henry,INDIVIDUAL,US,0.131,2025-06-10
ACC_104740,Kathy Campbell,INDIVIDUAL,US,0.183,2024-08-04
ACC_104741,Gary Peterson,INDIVIDUAL,KY,0.944,2024-04-28
ACC_104742,"Castillo, French and Gonzalez",CORPORATE,SG,0.085,2024-11-29
ACC_104743,Christopher Grant,INDIVIDUAL,US,0.16,2025-08-14
ACC_104744,Thomas Thomas,INDIVIDUAL,US,0.353,2025-06-18
ACC_104745,Jessica Obrien,INDIVIDUAL,US,0.236,2025-07-15
ACC_104746,Glenda Pugh,INDIVIDUAL,US,0.115,2024-12-08
ACC_104747,Matthew Allen,INDIVIDUAL,HK,0.225,2024-05-20
ACC_104748,Gavin Austin,INDIVIDUAL,HK,0.21,2024-10-09
ACC_104749,Gibson-Johnson,SHELL_COMPANY,US,0.932,2025-07-01
ACC_104750,Julia Bennett,INDIVIDUAL,GB,0.058,2024-08-08
ACC_104751,Kristen Hale,INDIVIDUAL,CN,0.137,2024-09-23
ACC_104752,Sarah Mason,INDIVIDUAL,HK,0.235,2023-10-13
ACC_104753,Robin Russell,INDIVIDUAL,SG,0.167,2024-12-10
ACC_104754,Joshua Allen,INDIVIDUAL,US,0.188,2023-10-14
ACC_104755,Matthew Franklin,INDIVIDUAL,HK,0.105,2024-09-16
ACC_104756,Gabriel Pennington,INDIVIDUAL,SG,0.171,2024-03-16
ACC_104757,Jennifer Henry,INDIVIDUAL,US,0.173,2024-02-22
ACC_104758,Katie Obrien,INDIVIDUAL,GB,0.269,2025-03-31
ACC_104759,Cindy Russo,INDIVIDUAL,US,0.133,2024-03-11
ACC_104760,Michael Barton,INDIVIDUAL,SG,0.392,2024-06-17
ACC_104761,Horton-Hansen,CORPORATE,SG,0.225,2024-09-07
ACC_104762,Brent Grant,INDIVIDUAL,HK,0.334,2024-05-01
ACC_104763,"Bartlett, Lyons and Rose",CORPORATE,US,0.269,2024-01-27
ACC_104764,Martin LLC,SHELL_COMPANY,CN,0.92,2025-02-16
ACC_104765,Rebecca Rodriguez,INDIVIDUAL,CN,0.362,2024-07-12
ACC_104766,Alvin Wilson,INDIVIDUAL,KY,0.904,2024-09-22
ACC_104767,Jamie Fischer,INDIVIDUAL,HK,0.06,2023-11-22
ACC_104768,Douglas Collins,INDIVIDUAL,GB,0.244,2024-07-15
ACC_104769,Jennifer Richardson,INDIVIDUAL,SG,0.148,2024-12-01
ACC_104770,Cole Rich,INDIVIDUAL,US,0.103,2025-02-26
ACC_104771,Derek Short MD,INDIVIDUAL,HK,0.364,2024-04-20
ACC_104772,Terry Eaton,INDIVIDUAL,US,0.28,2023-12-03
ACC_104773,Lawrence Harris,INDIVIDUAL,US,0.081,2024-10-17
ACC_104774,Paul Murphy,INDIVIDUAL,TW,0.184,2024-11-17
ACC_104775,Mrs. Amanda Woods,INDIVIDUAL,CN,0.386,2023-10-19
ACC_104776,Bridget Bradley,INDIVIDUAL,SG,0.264,2023-11-05
ACC_104777,Jill Walls,INDIVIDUAL,KY,0.856,2024-01-27
ACC_104778,Danielle Ford,INDIVIDUAL,HK,0.13,2025-07-24
ACC_104779,Hannah Lee,INDIVIDUAL,SG,0.134,2025-07-19
ACC_104780,"Jones, Pierce and Summers",CORPORATE,US,0.103,2024-07-17
ACC_104781,Laura Austin,INDIVIDUAL,HK,0.39,2025-07-12
ACC_104782,William Jones DDS,INDIVIDUAL,US,0.368,2023-11-11
ACC_104783,Linda Lambert,INDIVIDUAL,VG,0.782,2024-06-28
ACC_104784,Roger Herrera,INDIVIDUAL,KY,0.836,2025-04-01
ACC_104785,Dr. Amy Ramos DDS,INDIVIDUAL,US,0.122,2025-07-16
ACC_104786,Barry Butler,INDIVIDUAL,US,0.099,2024-02-10
ACC_104787,Margaret Curry,INDIVIDUAL,US,0.239,2024-02-08
ACC_104788,Anthony Ryan,INDIVIDUAL,GB,0.33,2025-02-17
ACC_104789,Amy Casey,INDIVIDUAL,US,0.352,2025-04-19
ACC_104790,Tina Joseph,INDIVIDUAL,HK,0.158,2024-05-06
ACC_104791,Mrs. Rachel Prince,INDIVIDUAL,US,0.297,2024-07-05
ACC_104792,Chang Ltd,CORPORATE,KY,0.831,2024-08-09
ACC_104793,Thomas Holland,INDIVIDUAL,HK,0.097,2024-09-23
ACC_104794,Kenneth Mclean,INDIVIDUAL,GB,0.398,2024-05-14
ACC_104795,Amanda Tyler,INDIVIDUAL,US,0.392,2025-03-04
ACC_104796,Tina Davis,INDIVIDUAL,US,0.101,2024-05-06
ACC_104797,David Wang,INDIVIDUAL,US,0.377,2024-02-01
ACC_104798,Danny Ramirez,INDIVIDUAL,US,0.371,2025-05-02
ACC_104799,Glenn Taylor,INDIVIDUAL,US,0.161,2023-11-17
ACC_104800,Todd Hayes,INDIVIDUAL,GB,0.245,2024-07-02
ACC_104801,Manuel Edwards,INDIVIDUAL,US,0.382,2024-09-13
ACC_104802,Mary Morris,INDIVIDUAL,GB,0.091,2023-11-14
ACC_104803,"Hester, Martinez and Evans",CORPORATE,HK,0.161,2023-12-15
ACC_104804,Erika Myers,INDIVIDUAL,GB,0.358,2025-03-29
ACC_104805,Virginia White,INDIVIDUAL,US,0.304,2025-02-12
ACC_104806,Coffey and Sons,CORPORATE,US,0.318,2024-04-22
ACC_104807,Martin-Campbell,SHELL_COMPANY,VG,0.92,2024-10-15
ACC_104808,Rhonda Montes,INDIVIDUAL,CN,0.195,2024-06-25
ACC_104809,Jessica Hoover,INDIVIDUAL,US,0.194,2025-05-30
ACC_104810,Luke Reid,INDIVIDUAL,US,0.205,2025-09-18
ACC_104811,Sean Knight,INDIVIDUAL,GB,0.377,2024-11-01
ACC_104812,Mary Johnson,INDIVIDUAL,US,0.363,2023-10-20
ACC_104813,Carolyn Davis,INDIVIDUAL,VG,0.933,2025-05-14
ACC_104814,Meredith Vasquez,INDIVIDUAL,US,0.146,2024-11-17
ACC_104815,Emily Sullivan,INDIVIDUAL,SG,0.323,2023-11-13
ACC_104816,Madison King,INDIVIDUAL,SG,0.087,2024-08-23
ACC_104817,Kyle Sims,INDIVIDUAL,US,0.115,2025-02-27
ACC_104818,"York, Ramsey and Stokes",CORPORATE,US,0.317,2023-10-13
ACC_104819,Brooke Graham,INDIVIDUAL,US,0.264,2024-01-25
ACC_104820,Allen Cabrera,INDIVIDUAL,HK,0.143,2024-02-17
ACC_104821,Jeremiah Morgan,INDIVIDUAL,US,0.248,2024-04-06
ACC_104822,Kelly Burnett,INDIVIDUAL,SG,0.131,2024-09-03
ACC_104823,Robinson LLC,CORPORATE,HK,0.131,2025-05-24
ACC_104824,Carol Joyce,INDIVIDUAL,US,0.291,2024-04-11
ACC_104825,Lauren Johnson,INDIVIDUAL,US,0.176,2024-07-03
ACC_104826,Pamela Goodman,INDIVIDUAL,US,0.291,2024-06-26
ACC_104827,Nicole Petersen,INDIVIDUAL,SG,0.217,2024-09-18
ACC_104828,Gonzalez PLC,CORPORATE,US,0.226,2023-12-18
ACC_104829,Thomas Hall,INDIVIDUAL,KY,0.851,2025-07-31
ACC_104830,Jonathan Reed,INDIVIDUAL,US,0.299,2024-11-28
ACC_104831,Ashley Whitehead,INDIVIDUAL,US,0.181,2023-10-31
ACC_104832,Derek Gill,INDIVIDUAL,GB,0.348,2025-06-24
ACC_104833,Bradley Jones,INDIVIDUAL,US,0.222,2025-04-30
ACC_104834,Calvin Lee,INDIVIDUAL,GB,0.098,2024-03-22
ACC_104835,Wendy Fischer,INDIVIDUAL,SG,0.118,2025-05-08
ACC_104836,Bill Smith,INDIVIDUAL,US,0.061,2024-03-08
ACC_104837,Michael Becker,INDIVIDUAL,SG,0.318,2024-09-07
ACC_104838,"Jones, Rocha and Matthews",CORPORATE,US,0.055,2025-07-19
ACC_104839,Jennifer Graves,INDIVIDUAL,US,0.144,2025-04-28
ACC_104840,Victor Key,INDIVIDUAL,US,0.195,2023-12-12
ACC_104841,Melissa Black,INDIVIDUAL,KY,0.886,2024-01-26
ACC_104842,Anna Walker,INDIVIDUAL,HK,0.396,2024-08-14
ACC_104843,Joseph Ward,INDIVIDUAL,US,0.315,2023-12-14
ACC_104844,Charles Michael,INDIVIDUAL,KY,0.717,2024-04-30
ACC_104845,Andrews-Rivera,SHELL_COMPANY,HK,0.932,2024-09-19
ACC_104846,William Smith,INDIVIDUAL,KY,0.946,2023-10-25
ACC_104847,Megan Parks DVM,INDIVIDUAL,SG,0.353,2025-09-10
ACC_104848,Lindsay Huff,INDIVIDUAL,GB,0.221,2023-12-04
ACC_104849,Eric Adams,INDIVIDUAL,KY,0.781,2023-12-16
ACC_104850,"Kennedy, Simpson and Holmes",CORPORATE,US,0.21,2024-05-29
ACC_104851,Christopher Tyler,INDIVIDUAL,KY,0.762,2024-10-03
ACC_104852,Danny Valdez,INDIVIDUAL,US,0.192,2024-06-10
ACC_104853,John Cannon,INDIVIDUAL,HK,0.065,2024-05-18
ACC_104854,Andrea Richardson,INDIVIDUAL,SG,0.307,2024-08-28
ACC_104855,Kevin Anderson,INDIVIDUAL,VG,0.795,2024-06-24
ACC_104856,Ernest Schwartz,INDIVIDUAL,US,0.16,2025-04-02
ACC_104857,Laurie Shepherd,INDIVIDUAL,HK,0.264,2025-04-17
ACC_104858,Steven Estrada,INDIVIDUAL,US,0.31,2024-01-04
ACC_104859,Brandon Owens,INDIVIDUAL,GB,0.258,2025-01-29
ACC_104860,"Anderson, Johnston and Vega",CORPORATE,HK,0.234,2025-03-09
ACC_104861,Shannon Eaton,INDIVIDUAL,GB,0.357,2024-10-06
ACC_104862,Jennifer Fowler,INDIVIDUAL,TW,0.325,2025-08-15
ACC_104863,Robinson LLC,CORPORATE,US,0.232,2025-09-01
ACC_104864,Carol Jordan,INDIVIDUAL,US,0.208,2024-03-02
ACC_104865,Heidi Luna,INDIVIDUAL,GB,0.339,2024-03-21
ACC_104866,Becky Howell,INDIVIDUAL,GB,0.065,2025-07-20
ACC_104867,Antonio Anderson,INDIVIDUAL,SG,0.399,2025-01-14
ACC_104868,Joshua Smith,INDIVIDUAL,US,0.232,2023-11-30
ACC_104869,Miss Nicole Manning,INDIVIDUAL,SG,0.188,2025-08-19
ACC_104870,Michael Sosa,INDIVIDUAL,US,0.307,2024-04-15
ACC_104871,Morgan-Morgan,CORPORATE,SG,0.245,2025-04-10
ACC_104872,David Clark,INDIVIDUAL,SG,0.231,2025-03-20
ACC_104873,"Harper, Jones and Foster",CORPORATE,US,0.271,2024-07-30
ACC_104874,James Thomas,INDIVIDUAL,CN,0.067,2023-12-25
ACC_104875,Daniel Jackson,INDIVIDUAL,US,0.152,2024-08-25
ACC_104876,Theodore Barker,INDIVIDUAL,GB,0.189,2024-03-09
ACC_104877,James Jordan,INDIVIDUAL,US,0.157,2024-11-04
ACC_104878,Amy Gallegos,INDIVIDUAL,TW,0.34,2024-01-01
ACC_104879,Donald Campbell,INDIVIDUAL,SG,0.211,2024-01-18
ACC_104880,Wilson Ltd,CORPORATE,US,0.198,2024-05-07
ACC_104881,Caldwell-Tucker,SHELL_COMPANY,CN,0.853,2025-09-29
ACC_104882,Brown Inc,CORPORATE,US,0.069,2025-01-29
ACC_104883,Justin Gallagher,INDIVIDUAL,GB,0.231,2024-05-22
ACC_104884,Gonzalez Inc,SHELL_COMPANY,US,0.736,2023-10-19
ACC_104885,Hughes Inc,CORPORATE,US,0.34,2025-07-16
ACC_104886,Barbara Scott,INDIVIDUAL,HK,0.208,2024-08-17
ACC_104887,Martinez-Shields,CORPORATE,HK,0.303,2025-03-22
ACC_104888,Justin Dennis,INDIVIDUAL,TW,0.09,2024-05-14
ACC_104889,Matthew Hall,INDIVIDUAL,SG,0.323,2024-04-16
ACC_104890,Robert Wilson,INDIVIDUAL,US,0.378,2024-10-27
ACC_104891,Jake Perry,INDIVIDUAL,CN,0.294,2024-05-02
ACC_104892,Susan Nichols,INDIVIDUAL,GB,0.097,2024-04-05
ACC_104893,Chelsea Flores,INDIVIDUAL,US,0.195,2025-09-25
ACC_104894,Heather Hines,INDIVIDUAL,US,0.208,2023-11-10
ACC_104895,Jeremiah Figueroa,INDIVIDUAL,HK,0.113,2023-10-29
ACC_104896,Jose Barrett,INDIVIDUAL,US,0.257,2025-01-13
ACC_104897,Catherine Holloway,INDIVIDUAL,SG,0.299,2025-07-17
ACC_104898,Cole Inc,CORPORATE,SG,0.121,2024-09-30
ACC_104899,Stanley Mann Jr.,INDIVIDUAL,CN,0.209,2023-10-12
ACC_104900,Greene LLC,CORPORATE,US,0.138,2024-05-29
ACC_104901,Sharon Williams,INDIVIDUAL,SG,0.292,2023-11-19
ACC_104902,Joseph Daniels,INDIVIDUAL,GB,0.368,2024-02-06
ACC_104903,Travis Franklin,INDIVIDUAL,SG,0.329,2024-06-30
ACC_104904,Sullivan-Ramsey,SHELL_COMPANY,HK,0.88,2024-09-11
ACC_104905,Patricia Black,INDIVIDUAL,KY,0.731,2025-02-17
ACC_104906,Beth Smith,INDIVIDUAL,GB,0.09,2025-09-06
ACC_104907,Carpenter-Hampton,SHELL_COMPANY,SG,0.812,2024-09-22
ACC_104908,Amy Rivera,INDIVIDUAL,HK,0.177,2023-10-20
ACC_104909,Leah Robinson,INDIVIDUAL,US,0.233,2024-06-05
ACC_104910,Michael Johnson,INDIVIDUAL,GB,0.184,2025-07-10
ACC_104911,Vincent Bender,INDIVIDUAL,US,0.327,2025-01-04
ACC_104912,Jonathan Ray,INDIVIDUAL,GB,0.229,2025-01-11
ACC_104913,Charles Howard,INDIVIDUAL,HK,0.382,2024-07-11
ACC_104914,Gibson PLC,CORPORATE,SG,0.183,2025-01-13
ACC_104915,Rachel Wilcox,INDIVIDUAL,VG,0.795,2024-03-15
ACC_104916,Gregory Young,INDIVIDUAL,TW,0.319,2024-07-24
ACC_104917,George Ray,INDIVIDUAL,US,0.369,2024-08-11
ACC_104918,"Lopez, White and Williams",CORPORATE,US,0.248,2024-12-24
ACC_104919,David Knight,INDIVIDUAL,KY,0.865,2023-10-16
ACC_104920,Greene PLC,CORPORATE,TW,0.103,2023-11-04
ACC_104921,Zachary Foster Jr.,INDIVIDUAL,GB,0.354,2024-05-05
ACC_104922,Christopher Newton,INDIVIDUAL,HK,0.113,2024-12-14
ACC_104923,Ayers and Sons,CORPORATE,US,0.299,2024-03-23
ACC_104924,Mark French,INDIVIDUAL,HK,0.197,2025-04-16
ACC_104925,Linda Fisher,INDIVIDUAL,TW,0.158,2025-01-09
ACC_104926,Dawn Lynch,INDIVIDUAL,SG,0.319,2024-12-01
ACC_104927,Griffith-Johnson,CORPORATE,HK,0.206,2025-08-05
ACC_104928,Alexis Brown,INDIVIDUAL,SG,0.269,2024-01-05
ACC_104929,Tamara May,INDIVIDUAL,US,0.091,2024-07-10
ACC_104930,Vasquez Group,CORPORATE,HK,0.096,2025-07-07
ACC_104931,"Jones, Payne and Carr",CORPORATE,KY,0.751,2025-04-07
ACC_104932,Christy Palmer,INDIVIDUAL,US,0.268,2024-09-19
ACC_104933,William Heath,INDIVIDUAL,US,0.139,2024-08-26
ACC_104934,Manning LLC,CORPORATE,US,0.211,2025-09-21
ACC_104935,Jacqueline Watson,INDIVIDUAL,HK,0.349,2025-01-31
ACC_104936,Kimberly Thompson,INDIVIDUAL,US,0.24,2025-01-07
ACC_104937,Thomas Li,INDIVIDUAL,US,0.052,2025-08-05
ACC_104938,Kim Jones,INDIVIDUAL,US,0.359,2025-05-11
ACC_104939,Guy Robbins,INDIVIDUAL,SG,0.133,2025-04-24
ACC_104940,Stephanie Quinn,INDIVIDUAL,SG,0.256,2023-11-08
ACC_104941,Christopher Johnson,INDIVIDUAL,CN,0.216,2025-07-03
ACC_104942,Jenna Brady,INDIVIDUAL,SG,0.194,2023-11-13
ACC_104943,"Simmons, Hall and Nunez",CORPORATE,KY,0.72,2024-04-08
ACC_104944,Andrew Cruz,INDIVIDUAL,US,0.26,2024-03-21
ACC_104945,Matthew Morris,INDIVIDUAL,US,0.136,2024-04-09
ACC_104946,Thomas-Robinson,CORPORATE,GB,0.242,2023-10-15
ACC_104947,Pamela Barry,INDIVIDUAL,US,0.267,2024-08-16
ACC_104948,Michele Day,INDIVIDUAL,SG,0.245,2024-01-12
ACC_104949,Mccall-Burke,CORPORATE,US,0.339,2025-05-08
ACC_104950,Troy Wiggins,INDIVIDUAL,US,0.067,2024-07-26
ACC_104951,Adrian Thomas,INDIVIDUAL,SG,0.102,2025-02-20
ACC_104952,Jones Group,CORPORATE,US,0.279,2025-06-03
ACC_104953,"Gamble, Villa and Johnson",CORPORATE,US,0.063,2024-12-27
ACC_104954,Jason Christensen,INDIVIDUAL,US,0.349,2025-03-06
ACC_104955,James Guerrero,INDIVIDUAL,CN,0.283,2024-06-11
ACC_104956,Ian Wilkinson,INDIVIDUAL,SG,0.343,2025-08-06
ACC_104957,Paul Park,INDIVIDUAL,CN,0.154,2024-11-01
ACC_104958,Lisa Davis,INDIVIDUAL,US,0.372,2024-10-07
ACC_104959,Michael Reed,INDIVIDUAL,HK,0.067,2024-11-01
ACC_104960,Spencer Cox,INDIVIDUAL,VG,0.804,2023-11-30
ACC_104961,Adrienne Allen,INDIVIDUAL,SG,0.112,2024-12-02
ACC_104962,Craig Koch,INDIVIDUAL,US,0.285,2025-09-10
ACC_104963,Dr. Scott Grant,INDIVIDUAL,TW,0.264,2023-12-30
ACC_104964,Wise Ltd,CORPORATE,VG,0.873,2024-07-23
ACC_104965,Hanson LLC,CORPORATE,US,0.258,2025-09-26
ACC_104966,Megan Parker MD,INDIVIDUAL,US,0.326,2025-08-19
ACC_104967,Catherine Wilkinson,INDIVIDUAL,US,0.112,2024-10-16
ACC_104968,Stephanie Johnson,INDIVIDUAL,SG,0.209,2024-01-09
ACC_104969,Acosta-Page,CORPORATE,GB,0.253,2023-12-24
ACC_104970,Carter-Torres,CORPORATE,US,0.376,2024-03-29
ACC_104971,Scott Fisher,INDIVIDUAL,SG,0.083,2024-06-25
ACC_104972,John Riggs,INDIVIDUAL,US,0.155,2025-06-22
ACC_104973,Brian Harrison,INDIVIDUAL,US,0.179,2024-03-04
ACC_104974,Kellie Brown,INDIVIDUAL,HK,0.183,2025-02-09
ACC_104975,Paula Herrera,INDIVIDUAL,SG,0.074,2024-04-21
ACC_104976,Michelle Young,INDIVIDUAL,US,0.2,2024-04-24
ACC_104977,Joseph Duarte,INDIVIDUAL,US,0.243,2024-12-04
ACC_104978,Jason Brown,INDIVIDUAL,GB,0.152,2023-11-14
ACC_104979,Ricky Delgado,INDIVIDUAL,US,0.097,2025-06-05
ACC_104980,Jacqueline Travis,INDIVIDUAL,SG,0.293,2025-02-04
ACC_104981,Christina Reed,INDIVIDUAL,HK,0.146,2024-07-03
ACC_104982,Justin Jackson,INDIVIDUAL,SG,0.234,2024-05-14
ACC_104983,Erika Richards,INDIVIDUAL,US,0.234,2024-04-18
ACC_104984,Traci Solomon,INDIVIDUAL,US,0.294,2025-05-07
ACC_104985,Mason Vaughn,INDIVIDUAL,TW,0.264,2023-11-06
ACC_104986,Hall Group,SHELL_COMPANY,US,0.727,2023-12-13
ACC_104987,Jill Brooks,INDIVIDUAL,US,0.305,2023-11-21
ACC_104988,Daniel Cruz,INDIVIDUAL,KY,0.857,2024-05-18
ACC_104989,"Phillips, Pena and Velasquez",SHELL_COMPANY,SG,0.947,2024-03-20
ACC_104990,Paige Freeman,INDIVIDUAL,SG,0.219,2024-01-07
ACC_104991,Jessica Tucker,INDIVIDUAL,CN,0.291,2024-09-18
ACC_104992,"Sullivan, Garza and Schmidt",CORPORATE,SG,0.377,2025-07-09
ACC_104993,Vernon Turner,INDIVIDUAL,US,0.395,2025-02-05
ACC_104994,Doris Potts,INDIVIDUAL,KY,0.772,2024-06-27
ACC_104995,Jennifer Joyce,INDIVIDUAL,US,0.263,2024-09-20
ACC_104996,Eric Hess,INDIVIDUAL,KY,0.779,2023-12-25
ACC_104997,Bryce Garcia,INDIVIDUAL,VG,0.831,2025-01-12
ACC_104998,"Kline, James and Hatfield",CORPORATE,CN,0.398,2024-11-22
ACC_104999,Chelsea Villa,INDIVIDUAL,US,0.174,2025-08-17
