parent_id,child_id,shareholding_pct,relation_type
ACC_104609,ACC_100006,0.5,BENEFICIAL_OWNER
ACC_104077,ACC_100017,0.77,BENEFICIAL_OWNER
ACC_104034,ACC_100017,0.31,BENEFICIAL_OWNER
ACC_101473,ACC_100017,0.35,BENEFICIAL_OWNER
ACC_100012,ACC_100025,0.23,BENEFICIAL_OWNER
ACC_100966,ACC_100026,0.71,BENEFICIAL_OWNER
ACC_101698,ACC_100026,0.85,BENEFICIAL_OWNER
ACC_100372,ACC_100031,0.39,BENEFICIAL_OWNER
ACC_102734,ACC_100031,0.71,BENEFICIAL_OWNER
ACC_100092,ACC_100035,0.6,BENEFICIAL_OWNER
ACC_102307,ACC_100038,0.37,BENEFICIAL_OWNER
ACC_102084,ACC_100038,0.5,BENEFICIAL_OWNER
ACC_100555,ACC_100038,0.38,BENEFICIAL_OWNER
ACC_100932,ACC_100040,0.63,BENEFICIAL_OWNER
ACC_103244,ACC_100044,0.58,BENEFICIAL_OWNER
ACC_104660,ACC_100044,0.17,BENEFICIAL_OWNER
ACC_101589,ACC_100046,0.38,BENEFICIAL_OWNER
ACC_103924,ACC_100047,0.71,BENEFICIAL_OWNER
ACC_103887,ACC_100047,0.6,BENEFICIAL_OWNER
ACC_101272,ACC_100052,0.77,BENEFICIAL_OWNER
ACC_103773,ACC_100052,0.53,BENEFICIAL_OWNER
ACC_103788,ACC_100056,0.8,BENEFICIAL_OWNER
ACC_103391,ACC_100056,0.19,BENEFICIAL_OWNER
ACC_102452,ACC_100058,0.54,BENEFICIAL_OWNER
ACC_104628,ACC_100058,0.16,BENEFICIAL_OWNER
ACC_102584,ACC_100058,0.55,BENEFICIAL_OWNER
ACC_102896,ACC_100059,0.83,BENEFICIAL_OWNER
ACC_100542,ACC_100059,0.35,BENEFICIAL_OWNER
ACC_102778,ACC_100060,0.84,BENEFICIAL_OWNER
ACC_104376,ACC_100063,0.57,BENEFICIAL_OWNER
ACC_101359,ACC_100063,0.28,BENEFICIAL_OWNER
ACC_104677,ACC_100063,0.23,BENEFICIAL_OWNER
ACC_102576,ACC_100067,0.34,BENEFICIAL_OWNER
ACC_100259,ACC_100067,0.21,BENEFICIAL_OWNER
ACC_103044,ACC_100070,0.47,BENEFICIAL_OWNER
ACC_101770,ACC_100075,0.36,BENEFICIAL_OWNER
ACC_104301,ACC_100075,0.23,BENEFICIAL_OWNER
ACC_101655,ACC_100077,0.79,BENEFICIAL_OWNER
ACC_104145,ACC_100089,0.71,BENEFICIAL_OWNER
ACC_100204,ACC_100089,0.78,BENEFICIAL_OWNER
ACC_101558,ACC_100091,0.39,BENEFICIAL_OWNER
ACC_104289,ACC_100093,0.69,BENEFICIAL_OWNER
ACC_102542,ACC_100093,0.25,BENEFICIAL_OWNER
ACC_104228,ACC_100096,0.62,BENEFICIAL_OWNER
ACC_101680,ACC_100099,0.66,BENEFICIAL_OWNER
ACC_103175,ACC_100113,0.23,BENEFICIAL_OWNER
ACC_104279,ACC_100113,0.37,BENEFICIAL_OWNER
ACC_104868,ACC_100114,0.76,BENEFICIAL_OWNER
ACC_103824,ACC_100115,0.22,BENEFICIAL_OWNER
ACC_100377,ACC_100115,0.69,BENEFICIAL_OWNER
ACC_102559,ACC_100120,0.68,BENEFICIAL_OWNER
ACC_100184,ACC_100120,0.6,BENEFICIAL_OWNER
ACC_104731,ACC_100120,0.3,BENEFICIAL_OWNER
ACC_101577,ACC_100121,0.35,BENEFICIAL_OWNER
ACC_102614,ACC_100124,0.34,BENEFICIAL_OWNER
ACC_103613,ACC_100124,0.26,BENEFICIAL_OWNER
ACC_100963,ACC_100124,0.23,BENEFICIAL_OWNER
ACC_104584,ACC_100126,0.29,BENEFICIAL_OWNER
ACC_104211,ACC_100126,0.4,BENEFICIAL_OWNER
ACC_100838,ACC_100126,0.37,BENEFICIAL_OWNER
ACC_102320,ACC_100128,0.55,BENEFICIAL_OWNER
ACC_100583,ACC_100132,0.37,BENEFICIAL_OWNER
ACC_104428,ACC_100135,0.19,BENEFICIAL_OWNER
ACC_103634,ACC_100135,0.17,BENEFICIAL_OWNER
ACC_100413,ACC_100136,0.19,BENEFICIAL_OWNER
ACC_100867,ACC_100136,0.45,BENEFICIAL_OWNER
ACC_103142,ACC_100136,0.28,BENEFICIAL_OWNER
ACC_104855,ACC_100138,0.37,BENEFICIAL_OWNER
ACC_103652,ACC_100138,0.72,BENEFICIAL_OWNER
ACC_102913,ACC_100138,0.65,BENEFICIAL_OWNER
ACC_104370,ACC_100140,0.55,BENEFICIAL_OWNER
ACC_100643,ACC_100140,0.22,BENEFICIAL_OWNER
ACC_103814,ACC_100140,0.71,BENEFICIAL_OWNER
ACC_103836,ACC_100146,0.37,BENEFICIAL_OWNER
ACC_100796,ACC_100146,0.6,BENEFICIAL_OWNER
ACC_103732,ACC_100146,0.69,BENEFICIAL_OWNER
ACC_101898,ACC_100148,0.25,BENEFICIAL_OWNER
ACC_101833,ACC_100148,0.78,BENEFICIAL_OWNER
ACC_102977,ACC_100154,0.28,BENEFICIAL_OWNER
ACC_103211,ACC_100154,0.79,BENEFICIAL_OWNER
ACC_102660,ACC_100157,0.49,BENEFICIAL_OWNER
ACC_103713,ACC_100157,0.2,BENEFICIAL_OWNER
ACC_102879,ACC_100162,0.49,BENEFICIAL_OWNER
ACC_102312,ACC_100168,0.69,BENEFICIAL_OWNER
ACC_104707,ACC_100179,0.22,BENEFICIAL_OWNER
ACC_101043,ACC_100179,0.72,BENEFICIAL_OWNER
ACC_104161,ACC_100179,0.71,BENEFICIAL_OWNER
ACC_104555,ACC_100182,0.7,BENEFICIAL_OWNER
ACC_100581,ACC_100182,0.52,BENEFICIAL_OWNER
ACC_104837,ACC_100183,0.32,BENEFICIAL_OWNER
ACC_103386,ACC_100183,0.32,BENEFICIAL_OWNER
ACC_103951,ACC_100188,0.42,BENEFICIAL_OWNER
ACC_101705,ACC_100189,0.45,BENEFICIAL_OWNER
ACC_104841,ACC_100189,0.84,BENEFICIAL_OWNER
ACC_102803,ACC_100194,0.27,BENEFICIAL_OWNER
ACC_104460,ACC_100194,0.62,BENEFICIAL_OWNER
ACC_101934,ACC_100194,0.67,BENEFICIAL_OWNER
ACC_104703,ACC_100195,0.56,BENEFICIAL_OWNER
ACC_103986,ACC_100195,0.47,BENEFICIAL_OWNER
ACC_100936,ACC_100195,0.54,BENEFICIAL_OWNER
ACC_101443,ACC_100198,0.82,BENEFICIAL_OWNER
ACC_102523,ACC_100198,0.2,BENEFICIAL_OWNER
ACC_104885,ACC_100199,0.69,BENEFICIAL_OWNER
ACC_102682,ACC_100204,0.6,BENEFICIAL_OWNER
ACC_104049,ACC_100204,0.19,BENEFICIAL_OWNER
ACC_101138,ACC_100206,0.77,BENEFICIAL_OWNER
ACC_100001,ACC_100210,0.47,BENEFICIAL_OWNER
ACC_101201,ACC_100210,0.35,BENEFICIAL_OWNER
ACC_101222,ACC_100210,0.58,BENEFICIAL_OWNER
ACC_101602,ACC_100222,0.63,BENEFICIAL_OWNER
ACC_101684,ACC_100222,0.37,BENEFICIAL_OWNER
ACC_102494,ACC_100223,0.84,BENEFICIAL_OWNER
ACC_103561,ACC_100223,0.56,BENEFICIAL_OWNER
ACC_102820,ACC_100223,0.58,BENEFICIAL_OWNER
ACC_103311,ACC_100225,0.19,BENEFICIAL_OWNER
ACC_101044,ACC_100225,0.78,BENEFICIAL_OWNER
ACC_102409,ACC_100225,0.83,BENEFICIAL_OWNER
ACC_104587,ACC_100232,0.72,BENEFICIAL_OWNER
ACC_100898,ACC_100239,0.76,BENEFICIAL_OWNER
ACC_102311,ACC_100239,0.31,BENEFICIAL_OWNER
ACC_104834,ACC_100244,0.65,BENEFICIAL_OWNER
ACC_103229,ACC_100244,0.43,BENEFICIAL_OWNER
ACC_102606,ACC_100244,0.45,BENEFICIAL_OWNER
ACC_101420,ACC_100249,0.48,BENEFICIAL_OWNER
ACC_104550,ACC_100253,0.42,BENEFICIAL_OWNER
ACC_103417,ACC_100254,0.35,BENEFICIAL_OWNER
ACC_101263,ACC_100254,0.76,BENEFICIAL_OWNER
ACC_101100,ACC_100256,0.16,BENEFICIAL_OWNER
ACC_100128,ACC_100259,0.61,BENEFICIAL_OWNER
ACC_101179,ACC_100259,0.83,BENEFICIAL_OWNER
ACC_103987,ACC_100259,0.25,BENEFICIAL_OWNER
ACC_103406,ACC_100261,0.75,BENEFICIAL_OWNER
ACC_104951,ACC_100262,0.47,BENEFICIAL_OWNER
ACC_103487,ACC_100262,0.45,BENEFICIAL_OWNER
ACC_101472,ACC_100262,0.72,BENEFICIAL_OWNER
ACC_102910,ACC_100265,0.28,BENEFICIAL_OWNER
ACC_101849,ACC_100265,0.57,BENEFICIAL_OWNER
ACC_104080,ACC_100266,0.34,BENEFICIAL_OWNER
ACC_101939,ACC_100266,0.8,BENEFICIAL_OWNER
ACC_104110,ACC_100266,0.55,BENEFICIAL_OWNER
ACC_100310,ACC_100267,0.55,BENEFICIAL_OWNER
ACC_103019,ACC_100268,0.49,BENEFICIAL_OWNER
ACC_100927,ACC_100268,0.63,BENEFICIAL_OWNER
ACC_104753,ACC_100268,0.25,BENEFICIAL_OWNER
ACC_104312,ACC_100270,0.51,BENEFICIAL_OWNER
ACC_102289,ACC_100270,0.52,BENEFICIAL_OWNER
ACC_103808,ACC_100270,0.58,BENEFICIAL_OWNER
ACC_103870,ACC_100277,0.59,BENEFICIAL_OWNER
ACC_100639,ACC_100279,0.37,BENEFICIAL_OWNER
ACC_104417,ACC_100279,0.19,BENEFICIAL_OWNER
ACC_104748,ACC_100279,0.39,BENEFICIAL_OWNER
ACC_103840,ACC_100284,0.47,BENEFICIAL_OWNER
ACC_104701,ACC_100287,0.44,BENEFICIAL_OWNER
ACC_102715,ACC_100287,0.82,BENEFICIAL_OWNER
ACC_102369,ACC_100297,0.17,BENEFICIAL_OWNER
ACC_101372,ACC_100297,0.8,BENEFICIAL_OWNER
ACC_102490,ACC_100307,0.19,BENEFICIAL_OWNER
ACC_104617,ACC_100307,0.48,BENEFICIAL_OWNER
ACC_102133,ACC_100307,0.27,BENEFICIAL_OWNER
ACC_102390,ACC_100309,0.72,BENEFICIAL_OWNER
ACC_100223,ACC_100324,0.21,BENEFICIAL_OWNER
ACC_102349,ACC_100324,0.5,BENEFICIAL_OWNER
ACC_103971,ACC_100324,0.75,BENEFICIAL_OWNER
ACC_102064,ACC_100339,0.58,BENEFICIAL_OWNER
ACC_101085,ACC_100339,0.34,BENEFICIAL_OWNER
ACC_100116,ACC_100340,0.57,BENEFICIAL_OWNER
ACC_100913,ACC_100340,0.79,BENEFICIAL_OWNER
ACC_101238,ACC_100342,0.72,BENEFICIAL_OWNER
ACC_103658,ACC_100342,0.33,BENEFICIAL_OWNER
ACC_103029,ACC_100342,0.64,BENEFICIAL_OWNER
ACC_101481,ACC_100344,0.75,BENEFICIAL_OWNER
ACC_104320,ACC_100344,0.39,BENEFICIAL_OWNER
ACC_101188,ACC_100355,0.57,BENEFICIAL_OWNER
ACC_104062,ACC_100358,0.68,BENEFICIAL_OWNER
ACC_103138,ACC_100360,0.61,BENEFICIAL_OWNER
ACC_101949,ACC_100360,0.66,BENEFICIAL_OWNER
ACC_101727,ACC_100374,0.55,BENEFICIAL_OWNER
ACC_100445,ACC_100379,0.68,BENEFICIAL_OWNER
ACC_102165,ACC_100379,0.23,BENEFICIAL_OWNER
ACC_103801,ACC_100383,0.43,BENEFICIAL_OWNER
ACC_103901,ACC_100387,0.31,BENEFICIAL_OWNER
ACC_104362,ACC_100387,0.63,BENEFICIAL_OWNER
ACC_103887,ACC_100398,0.25,BENEFICIAL_OWNER
ACC_102151,ACC_100398,0.76,BENEFICIAL_OWNER
ACC_102365,ACC_100403,0.8,BENEFICIAL_OWNER
ACC_103129,ACC_100405,0.82,BENEFICIAL_OWNER
ACC_102586,ACC_100405,0.63,BENEFICIAL_OWNER
ACC_100797,ACC_100407,0.79,BENEFICIAL_OWNER
ACC_102898,ACC_100410,0.38,BENEFICIAL_OWNER
ACC_103537,ACC_100410,0.34,BENEFICIAL_OWNER
ACC_102233,ACC_100410,0.22,BENEFICIAL_OWNER
ACC_104785,ACC_100418,0.69,BENEFICIAL_OWNER
ACC_103204,ACC_100418,0.67,BENEFICIAL_OWNER
ACC_103777,ACC_100418,0.66,BENEFICIAL_OWNER
ACC_101596,ACC_100430,0.62,BENEFICIAL_OWNER
ACC_104259,ACC_100430,0.85,BENEFICIAL_OWNER
ACC_102764,ACC_100430,0.37,BENEFICIAL_OWNER
ACC_100069,ACC_100434,0.73,BENEFICIAL_OWNER
ACC_103368,ACC_100442,0.22,BENEFICIAL_OWNER
ACC_103653,ACC_100446,0.4,BENEFICIAL_OWNER
ACC_102320,ACC_100453,0.17,BENEFICIAL_OWNER
ACC_102063,ACC_100453,0.58,BENEFICIAL_OWNER
ACC_101581,ACC_100453,0.19,BENEFICIAL_OWNER
ACC_101776,ACC_100459,0.65,BENEFICIAL_OWNER
ACC_104910,ACC_100459,0.23,BENEFICIAL_OWNER
ACC_100997,ACC_100459,0.75,BENEFICIAL_OWNER
ACC_103079,ACC_100460,0.61,BENEFICIAL_OWNER
ACC_104637,ACC_100461,0.64,BENEFICIAL_OWNER
ACC_101513,ACC_100461,0.33,BENEFICIAL_OWNER
ACC_100908,ACC_100461,0.48,BENEFICIAL_OWNER
ACC_103714,ACC_100466,0.8,BENEFICIAL_OWNER
ACC_103497,ACC_100474,0.33,BENEFICIAL_OWNER
ACC_102649,ACC_100474,0.7,BENEFICIAL_OWNER
ACC_100511,ACC_100495,0.42,BENEFICIAL_OWNER
ACC_103135,ACC_100495,0.85,BENEFICIAL_OWNER
ACC_102168,ACC_100498,0.46,BENEFICIAL_OWNER
ACC_101457,ACC_100498,0.49,BENEFICIAL_OWNER
ACC_104999,ACC_100499,0.42,BENEFICIAL_OWNER
ACC_104030,ACC_100501,0.53,BENEFICIAL_OWNER
ACC_100888,ACC_100501,0.45,BENEFICIAL_OWNER
ACC_101178,ACC_100501,0.58,BENEFICIAL_OWNER
ACC_103617,ACC_100502,0.65,BENEFICIAL_OWNER
ACC_100285,ACC_100506,0.2,BENEFICIAL_OWNER
ACC_102052,ACC_100509,0.78,BENEFICIAL_OWNER
ACC_103652,ACC_100509,0.25,BENEFICIAL_OWNER
ACC_100153,ACC_100509,0.6,BENEFICIAL_OWNER
ACC_103198,ACC_100511,0.34,BENEFICIAL_OWNER
ACC_102701,ACC_100512,0.15,BENEFICIAL_OWNER
ACC_103205,ACC_100512,0.65,BENEFICIAL_OWNER
ACC_104707,ACC_100512,0.69,BENEFICIAL_OWNER
ACC_103572,ACC_100513,0.74,BENEFICIAL_OWNER
ACC_103308,ACC_100513,0.7,BENEFICIAL_OWNER
ACC_104424,ACC_100522,0.31,BENEFICIAL_OWNER
ACC_103949,ACC_100524,0.55,BENEFICIAL_OWNER
ACC_100992,ACC_100524,0.8,BENEFICIAL_OWNER
ACC_102731,ACC_100525,0.43,BENEFICIAL_OWNER
ACC_102480,ACC_100525,0.59,BENEFICIAL_OWNER
ACC_100742,ACC_100526,0.75,BENEFICIAL_OWNER
ACC_102992,ACC_100526,0.39,BENEFICIAL_OWNER
ACC_104379,ACC_100526,0.74,BENEFICIAL_OWNER
ACC_101663,ACC_100527,0.54,BENEFICIAL_OWNER
ACC_101446,ACC_100527,0.83,BENEFICIAL_OWNER
ACC_101564,ACC_100528,0.78,BENEFICIAL_OWNER
ACC_102448,ACC_100528,0.59,BENEFICIAL_OWNER
ACC_103195,ACC_100528,0.4,BENEFICIAL_OWNER
ACC_103587,ACC_100530,0.66,BENEFICIAL_OWNER
ACC_100292,ACC_100531,0.29,BENEFICIAL_OWNER
ACC_104857,ACC_100537,0.42,BENEFICIAL_OWNER
ACC_101953,ACC_100537,0.7,BENEFICIAL_OWNER
ACC_104007,ACC_100537,0.6,BENEFICIAL_OWNER
ACC_104374,ACC_100540,0.83,BENEFICIAL_OWNER
ACC_103680,ACC_100540,0.16,BENEFICIAL_OWNER
ACC_100459,ACC_100542,0.7,BENEFICIAL_OWNER
ACC_102766,ACC_100542,0.18,BENEFICIAL_OWNER
ACC_101734,ACC_100544,0.71,BENEFICIAL_OWNER
ACC_104285,ACC_100545,0.25,BENEFICIAL_OWNER
ACC_103754,ACC_100545,0.56,BENEFICIAL_OWNER
ACC_104395,ACC_100545,0.8,BENEFICIAL_OWNER
ACC_101159,ACC_100549,0.49,BENEFICIAL_OWNER
ACC_103860,ACC_100551,0.79,BENEFICIAL_OWNER
ACC_100375,ACC_100552,0.16,BENEFICIAL_OWNER
ACC_101988,ACC_100552,0.59,BENEFICIAL_OWNER
ACC_101069,ACC_100552,0.78,BENEFICIAL_OWNER
ACC_103737,ACC_100555,0.58,BENEFICIAL_OWNER
ACC_100523,ACC_100560,0.5,BENEFICIAL_OWNER
ACC_100871,ACC_100560,0.71,BENEFICIAL_OWNER
ACC_100935,ACC_100560,0.3,BENEFICIAL_OWNER
ACC_103491,ACC_100561,0.39,BENEFICIAL_OWNER
ACC_103293,ACC_100568,0.83,BENEFICIAL_OWNER
ACC_102656,ACC_100568,0.55,BENEFICIAL_OWNER
ACC_100989,ACC_100568,0.25,BENEFICIAL_OWNER
ACC_100373,ACC_100570,0.57,BENEFICIAL_OWNER
ACC_100517,ACC_100573,0.34,BENEFICIAL_OWNER
ACC_100989,ACC_100573,0.68,BENEFICIAL_OWNER
ACC_103030,ACC_100574,0.54,BENEFICIAL_OWNER
ACC_101995,ACC_100579,0.18,BENEFICIAL_OWNER
ACC_104767,ACC_100579,0.22,BENEFICIAL_OWNER
ACC_103081,ACC_100580,0.77,BENEFICIAL_OWNER
ACC_101292,ACC_100580,0.21,BENEFICIAL_OWNER
ACC_100128,ACC_100580,0.16,BENEFICIAL_OWNER
ACC_104863,ACC_100583,0.77,BENEFICIAL_OWNER
ACC_103899,ACC_100588,0.29,BENEFICIAL_OWNER
ACC_101039,ACC_100588,0.6,BENEFICIAL_OWNER
ACC_103689,ACC_100589,0.81,BENEFICIAL_OWNER
ACC_103375,ACC_100589,0.58,BENEFICIAL_OWNER
ACC_101959,ACC_100589,0.18,BENEFICIAL_OWNER
ACC_104095,ACC_100590,0.58,BENEFICIAL_OWNER
ACC_102467,ACC_100598,0.39,BENEFICIAL_OWNER
ACC_104568,ACC_100600,0.31,BENEFICIAL_OWNER
ACC_104343,ACC_100610,0.83,BENEFICIAL_OWNER
ACC_102964,ACC_100614,0.3,BENEFICIAL_OWNER
ACC_104421,ACC_100614,0.69,BENEFICIAL_OWNER
ACC_104157,ACC_100614,0.61,BENEFICIAL_OWNER
ACC_100434,ACC_100615,0.23,BENEFICIAL_OWNER
ACC_101586,ACC_100615,0.25,BENEFICIAL_OWNER
ACC_104075,ACC_100618,0.26,BENEFICIAL_OWNER
ACC_101444,ACC_100618,0.8,BENEFICIAL_OWNER
ACC_102983,ACC_100619,0.35,BENEFICIAL_OWNER
ACC_102059,ACC_100620,0.58,BENEFICIAL_OWNER
ACC_102738,ACC_100620,0.77,BENEFICIAL_OWNER
ACC_100354,ACC_100621,0.67,BENEFICIAL_OWNER
ACC_100855,ACC_100621,0.8,BENEFICIAL_OWNER
ACC_101294,ACC_100622,0.7,BENEFICIAL_OWNER
ACC_104218,ACC_100624,0.2,BENEFICIAL_OWNER
ACC_100950,ACC_100624,0.31,BENEFICIAL_OWNER
ACC_104855,ACC_100625,0.38,BENEFICIAL_OWNER
ACC_104749,ACC_100625,0.29,BENEFICIAL_OWNER
ACC_102668,ACC_100636,0.38,BENEFICIAL_OWNER
ACC_101884,ACC_100636,0.22,BENEFICIAL_OWNER
ACC_100902,ACC_100636,0.67,BENEFICIAL_OWNER
ACC_103076,ACC_100647,0.77,BENEFICIAL_OWNER
ACC_103858,ACC_100661,0.56,BENEFICIAL_OWNER
ACC_103570,ACC_100662,0.25,BENEFICIAL_OWNER
ACC_103727,ACC_100667,0.41,BENEFICIAL_OWNER
ACC_101458,ACC_100667,0.47,BENEFICIAL_OWNER
ACC_103173,ACC_100667,0.29,BENEFICIAL_OWNER
ACC_102209,ACC_100671,0.39,BENEFICIAL_OWNER
ACC_101656,ACC_100671,0.17,BENEFICIAL_OWNER
ACC_100488,ACC_100674,0.23,BENEFICIAL_OWNER
ACC_102298,ACC_100674,0.48,BENEFICIAL_OWNER
ACC_101118,ACC_100674,0.44,BENEFICIAL_OWNER
ACC_101801,ACC_100675,0.57,BENEFICIAL_OWNER
ACC_102417,ACC_100675,0.7,BENEFICIAL_OWNER
ACC_101392,ACC_100678,0.75,BENEFICIAL_OWNER
ACC_104735,ACC_100678,0.21,BENEFICIAL_OWNER
ACC_104528,ACC_100678,0.75,BENEFICIAL_OWNER
ACC_101773,ACC_100680,0.48,BENEFICIAL_OWNER
ACC_104846,ACC_100680,0.47,BENEFICIAL_OWNER
ACC_103507,ACC_100685,0.67,BENEFICIAL_OWNER
ACC_102030,ACC_100686,0.38,BENEFICIAL_OWNER
ACC_101821,ACC_100691,0.79,BENEFICIAL_OWNER
ACC_104847,ACC_100691,0.78,BENEFICIAL_OWNER
ACC_101220,ACC_100691,0.44,BENEFICIAL_OWNER
ACC_100328,ACC_100693,0.84,BENEFICIAL_OWNER
ACC_104130,ACC_100694,0.52,BENEFICIAL_OWNER
ACC_100275,ACC_100694,0.49,BENEFICIAL_OWNER
ACC_103487,ACC_100694,0.71,BENEFICIAL_OWNER
ACC_103706,ACC_100703,0.5,BENEFICIAL_OWNER
ACC_104575,ACC_100712,0.68,BENEFICIAL_OWNER
ACC_103331,ACC_100720,0.4,BENEFICIAL_OWNER
ACC_101785,ACC_100720,0.32,BENEFICIAL_OWNER
ACC_101087,ACC_100720,0.85,BENEFICIAL_OWNER
ACC_103930,ACC_100722,0.62,BENEFICIAL_OWNER
ACC_103762,ACC_100724,0.75,BENEFICIAL_OWNER
ACC_104781,ACC_100726,0.47,BENEFICIAL_OWNER
ACC_100199,ACC_100726,0.25,BENEFICIAL_OWNER
ACC_103726,ACC_100726,0.64,BENEFICIAL_OWNER
ACC_103034,ACC_100732,0.59,BENEFICIAL_OWNER
ACC_100011,ACC_100733,0.78,BENEFICIAL_OWNER
ACC_100579,ACC_100733,0.38,BENEFICIAL_OWNER
ACC_103152,ACC_100733,0.17,BENEFICIAL_OWNER
ACC_102210,ACC_100734,0.55,BENEFICIAL_OWNER
ACC_104443,ACC_100734,0.3,BENEFICIAL_OWNER
ACC_100663,ACC_100736,0.51,BENEFICIAL_OWNER
ACC_102750,ACC_100736,0.79,BENEFICIAL_OWNER
ACC_100449,ACC_100736,0.4,BENEFICIAL_OWNER
ACC_100909,ACC_100738,0.42,BENEFICIAL_OWNER
ACC_100334,ACC_100739,0.41,BENEFICIAL_OWNER
ACC_102994,ACC_100739,0.6,BENEFICIAL_OWNER
ACC_100548,ACC_100740,0.25,BENEFICIAL_OWNER
ACC_104593,ACC_100740,0.38,BENEFICIAL_OWNER
ACC_101677,ACC_100740,0.53,BENEFICIAL_OWNER
ACC_103919,ACC_100755,0.68,BENEFICIAL_OWNER
ACC_104752,ACC_100755,0.68,BENEFICIAL_OWNER
ACC_101718,ACC_100755,0.37,BENEFICIAL_OWNER
ACC_104125,ACC_100756,0.34,BENEFICIAL_OWNER
ACC_103464,ACC_100756,0.19,BENEFICIAL_OWNER
ACC_103706,ACC_100764,0.5,BENEFICIAL_OWNER
ACC_103983,ACC_100764,0.73,BENEFICIAL_OWNER
ACC_104357,ACC_100772,0.78,BENEFICIAL_OWNER
ACC_104365,ACC_100772,0.47,BENEFICIAL_OWNER
ACC_100537,ACC_100773,0.77,BENEFICIAL_OWNER
ACC_101542,ACC_100773,0.47,BENEFICIAL_OWNER
ACC_103200,ACC_100775,0.78,BENEFICIAL_OWNER
ACC_100630,ACC_100776,0.27,BENEFICIAL_OWNER
ACC_100895,ACC_100776,0.23,BENEFICIAL_OWNER
ACC_104065,ACC_100779,0.26,BENEFICIAL_OWNER
ACC_104265,ACC_100781,0.82,BENEFICIAL_OWNER
ACC_102401,ACC_100782,0.44,BENEFICIAL_OWNER
ACC_104435,ACC_100792,0.39,BENEFICIAL_OWNER
ACC_101081,ACC_100792,0.46,BENEFICIAL_OWNER
ACC_103882,ACC_100792,0.6,BENEFICIAL_OWNER
ACC_101548,ACC_100805,0.17,BENEFICIAL_OWNER
ACC_100515,ACC_100805,0.71,BENEFICIAL_OWNER
ACC_102751,ACC_100808,0.39,BENEFICIAL_OWNER
ACC_103372,ACC_100808,0.6,BENEFICIAL_OWNER
ACC_104740,ACC_100808,0.38,BENEFICIAL_OWNER
ACC_104343,ACC_100815,0.47,BENEFICIAL_OWNER
ACC_104493,ACC_100815,0.55,BENEFICIAL_OWNER
ACC_103647,ACC_100815,0.78,BENEFICIAL_OWNER
ACC_101406,ACC_100817,0.31,BENEFICIAL_OWNER
ACC_102129,ACC_100817,0.41,BENEFICIAL_OWNER
ACC_100387,ACC_100819,0.4,BENEFICIAL_OWNER
ACC_101215,ACC_100819,0.47,BENEFICIAL_OWNER
ACC_101317,ACC_100824,0.65,BENEFICIAL_OWNER
ACC_101493,ACC_100831,0.74,BENEFICIAL_OWNER
ACC_101436,ACC_100831,0.64,BENEFICIAL_OWNER
ACC_101257,ACC_100832,0.23,BENEFICIAL_OWNER
ACC_101320,ACC_100832,0.85,BENEFICIAL_OWNER
ACC_101948,ACC_100832,0.55,BENEFICIAL_OWNER
ACC_102133,ACC_100836,0.28,BENEFICIAL_OWNER
ACC_103028,ACC_100836,0.54,BENEFICIAL_OWNER
ACC_102596,ACC_100837,0.83,BENEFICIAL_OWNER
ACC_103054,ACC_100843,0.46,BENEFICIAL_OWNER
ACC_104371,ACC_100849,0.36,BENEFICIAL_OWNER
ACC_103314,ACC_100850,0.8,BENEFICIAL_OWNER
ACC_103752,ACC_100856,0.8,BENEFICIAL_OWNER
ACC_100035,ACC_100859,0.83,BENEFICIAL_OWNER
ACC_104156,ACC_100864,0.48,BENEFICIAL_OWNER
ACC_102713,ACC_100864,0.35,BENEFICIAL_OWNER
ACC_102421,ACC_100864,0.81,BENEFICIAL_OWNER
ACC_101204,ACC_100870,0.39,BENEFICIAL_OWNER
ACC_104630,ACC_100870,0.23,BENEFICIAL_OWNER
ACC_103621,ACC_100870,0.49,BENEFICIAL_OWNER
ACC_101142,ACC_100871,0.62,BENEFICIAL_OWNER
ACC_102523,ACC_100874,0.17,BENEFICIAL_OWNER
ACC_101805,ACC_100877,0.21,BENEFICIAL_OWNER
ACC_103653,ACC_100877,0.19,BENEFICIAL_OWNER
ACC_102927,ACC_100877,0.6,BENEFICIAL_OWNER
ACC_104312,ACC_100878,0.29,BENEFICIAL_OWNER
ACC_101819,ACC_100878,0.21,BENEFICIAL_OWNER
ACC_102276,ACC_100878,0.74,BENEFICIAL_OWNER
ACC_100715,ACC_100886,0.29,BENEFICIAL_OWNER
ACC_104192,ACC_100886,0.37,BENEFICIAL_OWNER
ACC_103231,ACC_100886,0.57,BENEFICIAL_OWNER
ACC_102957,ACC_100887,0.43,BENEFICIAL_OWNER
ACC_103503,ACC_100900,0.41,BENEFICIAL_OWNER
ACC_103028,ACC_100900,0.35,BENEFICIAL_OWNER
ACC_103163,ACC_100900,0.4,BENEFICIAL_OWNER
ACC_104595,ACC_100914,0.3,BENEFICIAL_OWNER
ACC_100717,ACC_100914,0.77,BENEFICIAL_OWNER
ACC_103404,ACC_100915,0.26,BENEFICIAL_OWNER
ACC_103624,ACC_100915,0.66,BENEFICIAL_OWNER
ACC_102364,ACC_100915,0.78,BENEFICIAL_OWNER
ACC_103393,ACC_100917,0.57,BENEFICIAL_OWNER
ACC_101143,ACC_100917,0.25,BENEFICIAL_OWNER
ACC_104810,ACC_100917,0.36,BENEFICIAL_OWNER
ACC_102747,ACC_100919,0.68,BENEFICIAL_OWNER
ACC_100541,ACC_100919,0.21,BENEFICIAL_OWNER
ACC_104838,ACC_100919,0.44,BENEFICIAL_OWNER
ACC_103395,ACC_100922,0.54,BENEFICIAL_OWNER
ACC_101432,ACC_100922,0.65,BENEFICIAL_OWNER
ACC_101632,ACC_100924,0.28,BENEFICIAL_OWNER
ACC_102371,ACC_100926,0.49,BENEFICIAL_OWNER
ACC_104537,ACC_100926,0.73,BENEFICIAL_OWNER
ACC_104794,ACC_100927,0.5,BENEFICIAL_OWNER
ACC_102489,ACC_100927,0.67,BENEFICIAL_OWNER
ACC_100219,ACC_100928,0.7,BENEFICIAL_OWNER
ACC_102151,ACC_100929,0.36,BENEFICIAL_OWNER
ACC_103871,ACC_100930,0.44,BENEFICIAL_OWNER
ACC_101017,ACC_100930,0.49,BENEFICIAL_OWNER
ACC_102356,ACC_100930,0.63,BENEFICIAL_OWNER
ACC_100233,ACC_100932,0.23,BENEFICIAL_OWNER
ACC_104039,ACC_100935,0.57,BENEFICIAL_OWNER
ACC_100546,ACC_100935,0.4,BENEFICIAL_OWNER
ACC_104633,ACC_100946,0.76,BENEFICIAL_OWNER
ACC_103572,ACC_100946,0.59,BENEFICIAL_OWNER
ACC_100979,ACC_100951,0.51,BENEFICIAL_OWNER
ACC_103057,ACC_100951,0.55,BENEFICIAL_OWNER
ACC_101334,ACC_100953,0.19,BENEFICIAL_OWNER
ACC_104764,ACC_100953,0.37,BENEFICIAL_OWNER
ACC_101109,ACC_100956,0.19,BENEFICIAL_OWNER
ACC_102927,ACC_100956,0.4,BENEFICIAL_OWNER
ACC_101337,ACC_100956,0.6,BENEFICIAL_OWNER
ACC_100399,ACC_100958,0.35,BENEFICIAL_OWNER
ACC_102374,ACC_100958,0.6,BENEFICIAL_OWNER
ACC_104209,ACC_100962,0.29,BENEFICIAL_OWNER
ACC_101501,ACC_100971,0.68,BENEFICIAL_OWNER
ACC_100774,ACC_100971,0.53,BENEFICIAL_OWNER
ACC_104905,ACC_100971,0.76,BENEFICIAL_OWNER
ACC_102466,ACC_100972,0.22,BENEFICIAL_OWNER
ACC_102223,ACC_100972,0.56,BENEFICIAL_OWNER
ACC_102969,ACC_100972,0.73,BENEFICIAL_OWNER
ACC_101121,ACC_100977,0.51,BENEFICIAL_OWNER
ACC_103972,ACC_100981,0.39,BENEFICIAL_OWNER
ACC_103375,ACC_100981,0.79,BENEFICIAL_OWNER
ACC_101784,ACC_100989,0.26,BENEFICIAL_OWNER
ACC_101543,ACC_100995,0.71,BENEFICIAL_OWNER
ACC_104306,ACC_100997,0.64,BENEFICIAL_OWNER
ACC_104358,ACC_100997,0.71,BENEFICIAL_OWNER
ACC_104514,ACC_100997,0.44,BENEFICIAL_OWNER
ACC_100954,ACC_100998,0.72,BENEFICIAL_OWNER
ACC_103928,ACC_101001,0.39,BENEFICIAL_OWNER
ACC_102970,ACC_101006,0.77,BENEFICIAL_OWNER
ACC_101138,ACC_101006,0.57,BENEFICIAL_OWNER
ACC_103620,ACC_101006,0.68,BENEFICIAL_OWNER
ACC_101410,ACC_101010,0.17,BENEFICIAL_OWNER
ACC_102495,ACC_101010,0.72,BENEFICIAL_OWNER
ACC_101054,ACC_101011,0.75,BENEFICIAL_OWNER
ACC_101856,ACC_101020,0.37,BENEFICIAL_OWNER
ACC_101066,ACC_101022,0.84,BENEFICIAL_OWNER
ACC_100915,ACC_101027,0.16,BENEFICIAL_OWNER
ACC_100636,ACC_101027,0.49,BENEFICIAL_OWNER
ACC_100348,ACC_101031,0.23,BENEFICIAL_OWNER
ACC_101608,ACC_101031,0.71,BENEFICIAL_OWNER
ACC_104859,ACC_101035,0.23,BENEFICIAL_OWNER
ACC_100485,ACC_101035,0.33,BENEFICIAL_OWNER
ACC_103842,ACC_101035,0.2,BENEFICIAL_OWNER
ACC_100084,ACC_101037,0.79,BENEFICIAL_OWNER
ACC_100790,ACC_101037,0.29,BENEFICIAL_OWNER
ACC_101014,ACC_101037,0.78,BENEFICIAL_OWNER
ACC_102879,ACC_101039,0.17,BENEFICIAL_OWNER
ACC_102272,ACC_101044,0.81,BENEFICIAL_OWNER
ACC_102885,ACC_101045,0.75,BENEFICIAL_OWNER
ACC_101315,ACC_101045,0.7,BENEFICIAL_OWNER
ACC_101981,ACC_101049,0.2,BENEFICIAL_OWNER
ACC_104136,ACC_101049,0.72,BENEFICIAL_OWNER
ACC_104671,ACC_101049,0.68,BENEFICIAL_OWNER
ACC_101777,ACC_101050,0.27,BENEFICIAL_OWNER
ACC_101569,ACC_101050,0.68,BENEFICIAL_OWNER
ACC_102308,ACC_101050,0.15,BENEFICIAL_OWNER
ACC_100808,ACC_101052,0.75,BENEFICIAL_OWNER
ACC_101753,ACC_101052,0.48,BENEFICIAL_OWNER
ACC_104130,ACC_101052,0.64,BENEFICIAL_OWNER
ACC_103601,ACC_101053,0.62,BENEFICIAL_OWNER
ACC_101481,ACC_101060,0.73,BENEFICIAL_OWNER
ACC_103474,ACC_101061,0.51,BENEFICIAL_OWNER
ACC_101755,ACC_101061,0.44,BENEFICIAL_OWNER
ACC_101012,ACC_101062,0.23,BENEFICIAL_OWNER
ACC_103816,ACC_101062,0.25,BENEFICIAL_OWNER
ACC_102361,ACC_101064,0.66,BENEFICIAL_OWNER
ACC_104564,ACC_101064,0.21,BENEFICIAL_OWNER
ACC_100947,ACC_101070,0.35,BENEFICIAL_OWNER
ACC_103152,ACC_101070,0.57,BENEFICIAL_OWNER
ACC_103636,ACC_101093,0.54,BENEFICIAL_OWNER
ACC_101850,ACC_101093,0.35,BENEFICIAL_OWNER
ACC_101546,ACC_101094,0.78,BENEFICIAL_OWNER
ACC_100570,ACC_101094,0.71,BENEFICIAL_OWNER
ACC_103010,ACC_101100,0.85,BENEFICIAL_OWNER
ACC_101468,ACC_101100,0.49,BENEFICIAL_OWNER
ACC_100104,ACC_101100,0.22,BENEFICIAL_OWNER
ACC_104281,ACC_101105,0.23,BENEFICIAL_OWNER
ACC_100696,ACC_101105,0.43,BENEFICIAL_OWNER
ACC_104837,ACC_101108,0.2,BENEFICIAL_OWNER
ACC_100833,ACC_101108,0.83,BENEFICIAL_OWNER
ACC_101382,ACC_101108,0.39,BENEFICIAL_OWNER
ACC_103311,ACC_101109,0.74,BENEFICIAL_OWNER
ACC_101005,ACC_101109,0.66,BENEFICIAL_OWNER
ACC_101907,ACC_101109,0.34,BENEFICIAL_OWNER
ACC_104767,ACC_101116,0.68,BENEFICIAL_OWNER
ACC_104863,ACC_101116,0.71,BENEFICIAL_OWNER
ACC_102236,ACC_101116,0.81,BENEFICIAL_OWNER
ACC_103897,ACC_101118,0.82,BENEFICIAL_OWNER
ACC_104941,ACC_101118,0.84,BENEFICIAL_OWNER
ACC_102284,ACC_101120,0.23,BENEFICIAL_OWNER
ACC_101207,ACC_101120,0.33,BENEFICIAL_OWNER
ACC_103724,ACC_101120,0.5,BENEFICIAL_OWNER
ACC_101102,ACC_101122,0.67,BENEFICIAL_OWNER
ACC_100243,ACC_101122,0.73,BENEFICIAL_OWNER
ACC_100815,ACC_101122,0.5,BENEFICIAL_OWNER
ACC_101467,ACC_101127,0.42,BENEFICIAL_OWNER
ACC_102678,ACC_101130,0.59,BENEFICIAL_OWNER
ACC_101251,ACC_101130,0.22,BENEFICIAL_OWNER
ACC_102480,ACC_101130,0.2,BENEFICIAL_OWNER
ACC_104032,ACC_101131,0.36,BENEFICIAL_OWNER
ACC_103817,ACC_101131,0.5,BENEFICIAL_OWNER
ACC_101654,ACC_101131,0.5,BENEFICIAL_OWNER
ACC_102814,ACC_101137,0.16,BENEFICIAL_OWNER
ACC_104428,ACC_101137,0.68,BENEFICIAL_OWNER
ACC_104477,ACC_101137,0.84,BENEFICIAL_OWNER
ACC_103142,ACC_101143,0.47,BENEFICIAL_OWNER
ACC_103625,ACC_101150,0.18,BENEFICIAL_OWNER
ACC_103765,ACC_101150,0.27,BENEFICIAL_OWNER
ACC_102482,ACC_101152,0.45,BENEFICIAL_OWNER
ACC_101344,ACC_101152,0.37,BENEFICIAL_OWNER
ACC_104026,ACC_101152,0.42,BENEFICIAL_OWNER
ACC_104660,ACC_101157,0.62,BENEFICIAL_OWNER
ACC_104536,ACC_101160,0.48,BENEFICIAL_OWNER
ACC_104418,ACC_101160,0.54,BENEFICIAL_OWNER
ACC_104687,ACC_101160,0.26,BENEFICIAL_OWNER
ACC_103206,ACC_101162,0.33,BENEFICIAL_OWNER
ACC_103094,ACC_101163,0.37,BENEFICIAL_OWNER
ACC_102889,ACC_101163,0.17,BENEFICIAL_OWNER
ACC_102330,ACC_101163,0.18,BENEFICIAL_OWNER
ACC_102857,ACC_101170,0.17,BENEFICIAL_OWNER
ACC_104783,ACC_101170,0.77,BENEFICIAL_OWNER
ACC_103117,ACC_101172,0.45,BENEFICIAL_OWNER
ACC_100797,ACC_101172,0.84,BENEFICIAL_OWNER
ACC_102877,ACC_101178,0.61,BENEFICIAL_OWNER
ACC_100462,ACC_101178,0.32,BENEFICIAL_OWNER
ACC_102556,ACC_101190,0.79,BENEFICIAL_OWNER
ACC_104854,ACC_101190,0.2,BENEFICIAL_OWNER
ACC_100695,ACC_101190,0.36,BENEFICIAL_OWNER
ACC_101390,ACC_101191,0.53,BENEFICIAL_OWNER
ACC_100161,ACC_101191,0.18,BENEFICIAL_OWNER
ACC_103460,ACC_101197,0.78,BENEFICIAL_OWNER
ACC_104653,ACC_101197,0.34,BENEFICIAL_OWNER
ACC_104216,ACC_101197,0.64,BENEFICIAL_OWNER
ACC_100182,ACC_101204,0.55,BENEFICIAL_OWNER
ACC_102592,ACC_101204,0.38,BENEFICIAL_OWNER
ACC_103094,ACC_101204,0.22,BENEFICIAL_OWNER
ACC_100819,ACC_101211,0.39,BENEFICIAL_OWNER
ACC_101686,ACC_101211,0.5,BENEFICIAL_OWNER
ACC_102781,ACC_101216,0.4,BENEFICIAL_OWNER
ACC_101365,ACC_101216,0.46,BENEFICIAL_OWNER
ACC_102453,ACC_101216,0.5,BENEFICIAL_OWNER
ACC_104389,ACC_101217,0.3,BENEFICIAL_OWNER
ACC_100389,ACC_101221,0.85,BENEFICIAL_OWNER
ACC_102435,ACC_101221,0.43,BENEFICIAL_OWNER
ACC_100753,ACC_101230,0.65,BENEFICIAL_OWNER
ACC_100776,ACC_101236,0.34,BENEFICIAL_OWNER
ACC_104848,ACC_101236,0.55,BENEFICIAL_OWNER
ACC_102759,ACC_101236,0.52,BENEFICIAL_OWNER
ACC_101718,ACC_101241,0.71,BENEFICIAL_OWNER
ACC_102845,ACC_101241,0.61,BENEFICIAL_OWNER
ACC_104134,ACC_101246,0.45,BENEFICIAL_OWNER
ACC_102456,ACC_101246,0.53,BENEFICIAL_OWNER
ACC_103394,ACC_101249,0.43,BENEFICIAL_OWNER
ACC_104221,ACC_101250,0.28,BENEFICIAL_OWNER
ACC_103712,ACC_101250,0.16,BENEFICIAL_OWNER
ACC_104485,ACC_101250,0.64,BENEFICIAL_OWNER
ACC_104725,ACC_101253,0.5,BENEFICIAL_OWNER
ACC_103828,ACC_101254,0.72,BENEFICIAL_OWNER
ACC_102194,ACC_101254,0.75,BENEFICIAL_OWNER
ACC_104364,ACC_101254,0.78,BENEFICIAL_OWNER
ACC_100490,ACC_101262,0.4,BENEFICIAL_OWNER
ACC_104278,ACC_101262,0.25,BENEFICIAL_OWNER
ACC_101643,ACC_101262,0.26,BENEFICIAL_OWNER
ACC_102459,ACC_101269,0.37,BENEFICIAL_OWNER
ACC_103566,ACC_101269,0.73,BENEFICIAL_OWNER
ACC_103360,ACC_101269,0.2,BENEFICIAL_OWNER
ACC_103378,ACC_101271,0.34,BENEFICIAL_OWNER
ACC_101315,ACC_101276,0.63,BENEFICIAL_OWNER
ACC_102100,ACC_101276,0.32,BENEFICIAL_OWNER
ACC_100930,ACC_101280,0.25,BENEFICIAL_OWNER
ACC_102011,ACC_101284,0.71,BENEFICIAL_OWNER
ACC_103802,ACC_101288,0.54,BENEFICIAL_OWNER
ACC_103976,ACC_101288,0.46,BENEFICIAL_OWNER
ACC_100303,ACC_101295,0.34,BENEFICIAL_OWNER
ACC_101654,ACC_101295,0.17,BENEFICIAL_OWNER
ACC_101305,ACC_101295,0.7,BENEFICIAL_OWNER
ACC_104511,ACC_101305,0.6,BENEFICIAL_OWNER
ACC_101441,ACC_101305,0.18,BENEFICIAL_OWNER
ACC_103980,ACC_101309,0.75,BENEFICIAL_OWNER
ACC_100163,ACC_101309,0.21,BENEFICIAL_OWNER
ACC_100453,ACC_101309,0.57,BENEFICIAL_OWNER
ACC_103334,ACC_101310,0.78,BENEFICIAL_OWNER
ACC_100739,ACC_101318,0.32,BENEFICIAL_OWNER
ACC_103251,ACC_101318,0.55,BENEFICIAL_OWNER
ACC_101151,ACC_101318,0.5,BENEFICIAL_OWNER
ACC_104275,ACC_101319,0.61,BENEFICIAL_OWNER
ACC_104302,ACC_101321,0.77,BENEFICIAL_OWNER
ACC_102062,ACC_101321,0.32,BENEFICIAL_OWNER
ACC_104066,ACC_101321,0.24,BENEFICIAL_OWNER
ACC_102697,ACC_101323,0.67,BENEFICIAL_OWNER
ACC_104786,ACC_101323,0.71,BENEFICIAL_OWNER
ACC_101932,ACC_101327,0.25,BENEFICIAL_OWNER
ACC_103464,ACC_101327,0.27,BENEFICIAL_OWNER
ACC_101785,ACC_101327,0.83,BENEFICIAL_OWNER
ACC_103345,ACC_101328,0.75,BENEFICIAL_OWNER
ACC_102083,ACC_101328,0.19,BENEFICIAL_OWNER
ACC_103069,ACC_101337,0.53,BENEFICIAL_OWNER
ACC_100925,ACC_101337,0.48,BENEFICIAL_OWNER
ACC_102592,ACC_101337,0.32,BENEFICIAL_OWNER
ACC_101187,ACC_101347,0.48,BENEFICIAL_OWNER
ACC_102973,ACC_101347,0.41,BENEFICIAL_OWNER
ACC_100172,ACC_101349,0.17,BENEFICIAL_OWNER
ACC_104962,ACC_101349,0.67,BENEFICIAL_OWNER
ACC_101963,ACC_101352,0.33,BENEFICIAL_OWNER
ACC_102533,ACC_101355,0.78,BENEFICIAL_OWNER
ACC_102972,ACC_101355,0.63,BENEFICIAL_OWNER
ACC_101936,ACC_101359,0.16,BENEFICIAL_OWNER
ACC_103624,ACC_101359,0.82,BENEFICIAL_OWNER
ACC_103182,ACC_101359,0.8,BENEFICIAL_OWNER
ACC_102464,ACC_101360,0.81,BENEFICIAL_OWNER
ACC_100739,ACC_101360,0.68,BENEFICIAL_OWNER
ACC_101723,ACC_101361,0.79,BENEFICIAL_OWNER
ACC_101312,ACC_101361,0.59,BENEFICIAL_OWNER
ACC_103328,ACC_101367,0.76,BENEFICIAL_OWNER
ACC_100277,ACC_101367,0.73,BENEFICIAL_OWNER
ACC_102244,ACC_101367,0.81,BENEFICIAL_OWNER
ACC_103382,ACC_101368,0.65,BENEFICIAL_OWNER
ACC_102725,ACC_101368,0.76,BENEFICIAL_OWNER
ACC_101313,ACC_101369,0.64,BENEFICIAL_OWNER
ACC_100543,ACC_101374,0.57,BENEFICIAL_OWNER
ACC_102882,ACC_101374,0.72,BENEFICIAL_OWNER
ACC_103447,ACC_101374,0.67,BENEFICIAL_OWNER
ACC_100224,ACC_101377,0.6,BENEFICIAL_OWNER
ACC_100426,ACC_101377,0.28,BENEFICIAL_OWNER
ACC_101114,ACC_101386,0.43,BENEFICIAL_OWNER
ACC_100025,ACC_101386,0.59,BENEFICIAL_OWNER
ACC_104717,ACC_101391,0.23,BENEFICIAL_OWNER
ACC_100673,ACC_101391,0.32,BENEFICIAL_OWNER
ACC_101065,ACC_101392,0.7,BENEFICIAL_OWNER
ACC_104866,ACC_101392,0.37,BENEFICIAL_OWNER
ACC_103361,ACC_101392,0.48,BENEFICIAL_OWNER
ACC_101093,ACC_101393,0.63,BENEFICIAL_OWNER
ACC_102135,ACC_101393,0.73,BENEFICIAL_OWNER
ACC_101421,ACC_101393,0.71,BENEFICIAL_OWNER
ACC_100691,ACC_101394,0.44,BENEFICIAL_OWNER
ACC_103223,ACC_101399,0.76,BENEFICIAL_OWNER
ACC_101838,ACC_101400,0.8,BENEFICIAL_OWNER
ACC_100169,ACC_101400,0.6,BENEFICIAL_OWNER
ACC_100188,ACC_101400,0.59,BENEFICIAL_OWNER
ACC_103788,ACC_101401,0.29,BENEFICIAL_OWNER
ACC_101382,ACC_101403,0.58,BENEFICIAL_OWNER
ACC_100407,ACC_101403,0.57,BENEFICIAL_OWNER
ACC_103285,ACC_101403,0.25,BENEFICIAL_OWNER
ACC_101393,ACC_101410,0.23,BENEFICIAL_OWNER
ACC_104646,ACC_101410,0.65,BENEFICIAL_OWNER
ACC_103716,ACC_101418,0.23,BENEFICIAL_OWNER
ACC_104048,ACC_101418,0.65,BENEFICIAL_OWNER
ACC_102180,ACC_101419,0.35,BENEFICIAL_OWNER
ACC_103129,ACC_101421,0.45,BENEFICIAL_OWNER
ACC_101066,ACC_101421,0.29,BENEFICIAL_OWNER
ACC_102318,ACC_101423,0.66,BENEFICIAL_OWNER
ACC_103426,ACC_101430,0.28,BENEFICIAL_OWNER
ACC_100235,ACC_101431,0.35,BENEFICIAL_OWNER
ACC_101929,ACC_101435,0.79,BENEFICIAL_OWNER
ACC_103694,ACC_101435,0.41,BENEFICIAL_OWNER
ACC_103753,ACC_101436,0.48,BENEFICIAL_OWNER
ACC_100702,ACC_101436,0.76,BENEFICIAL_OWNER
ACC_100084,ACC_101436,0.83,BENEFICIAL_OWNER
ACC_101738,ACC_101437,0.65,BENEFICIAL_OWNER
ACC_103141,ACC_101437,0.67,BENEFICIAL_OWNER
ACC_100598,ACC_101444,0.54,BENEFICIAL_OWNER
ACC_100780,ACC_101444,0.19,BENEFICIAL_OWNER
ACC_103857,ACC_101446,0.79,BENEFICIAL_OWNER
ACC_104900,ACC_101453,0.33,BENEFICIAL_OWNER
ACC_100372,ACC_101453,0.58,BENEFICIAL_OWNER
ACC_100043,ACC_101453,0.36,BENEFICIAL_OWNER
ACC_103038,ACC_101461,0.83,BENEFICIAL_OWNER
ACC_101083,ACC_101461,0.54,BENEFICIAL_OWNER
ACC_101469,ACC_101463,0.5,BENEFICIAL_OWNER
ACC_102132,ACC_101463,0.8,BENEFICIAL_OWNER
ACC_101391,ACC_101463,0.76,BENEFICIAL_OWNER
ACC_100734,ACC_101464,0.37,BENEFICIAL_OWNER
ACC_103546,ACC_101468,0.23,BENEFICIAL_OWNER
ACC_101161,ACC_101468,0.18,BENEFICIAL_OWNER
ACC_102133,ACC_101468,0.24,BENEFICIAL_OWNER
ACC_102953,ACC_101469,0.35,BENEFICIAL_OWNER
ACC_103523,ACC_101469,0.76,BENEFICIAL_OWNER
ACC_102160,ACC_101472,0.46,BENEFICIAL_OWNER
ACC_104235,ACC_101472,0.27,BENEFICIAL_OWNER
ACC_102564,ACC_101472,0.67,BENEFICIAL_OWNER
ACC_101239,ACC_101475,0.75,BENEFICIAL_OWNER
ACC_104552,ACC_101475,0.61,BENEFICIAL_OWNER
ACC_100435,ACC_101477,0.25,BENEFICIAL_OWNER
ACC_101547,ACC_101477,0.31,BENEFICIAL_OWNER
ACC_103852,ACC_101482,0.33,BENEFICIAL_OWNER
ACC_103826,ACC_101484,0.85,BENEFICIAL_OWNER
ACC_103575,ACC_101484,0.8,BENEFICIAL_OWNER
ACC_100950,ACC_101484,0.18,BENEFICIAL_OWNER
ACC_104594,ACC_101486,0.47,BENEFICIAL_OWNER
ACC_103974,ACC_101486,0.23,BENEFICIAL_OWNER
ACC_101212,ACC_101488,0.22,BENEFICIAL_OWNER
ACC_101012,ACC_101488,0.76,BENEFICIAL_OWNER
ACC_102863,ACC_101488,0.28,BENEFICIAL_OWNER
ACC_104167,ACC_101503,0.73,BENEFICIAL_OWNER
ACC_104797,ACC_101513,0.85,BENEFICIAL_OWNER
ACC_101739,ACC_101513,0.15,BENEFICIAL_OWNER
ACC_104780,ACC_101513,0.69,BENEFICIAL_OWNER
ACC_103411,ACC_101516,0.79,BENEFICIAL_OWNER
ACC_104080,ACC_101538,0.62,BENEFICIAL_OWNER
ACC_100212,ACC_101548,0.63,BENEFICIAL_OWNER
ACC_102328,ACC_101548,0.63,BENEFICIAL_OWNER
ACC_103060,ACC_101551,0.8,BENEFICIAL_OWNER
ACC_104836,ACC_101551,0.22,BENEFICIAL_OWNER
ACC_101259,ACC_101564,0.21,BENEFICIAL_OWNER
ACC_100236,ACC_101564,0.73,BENEFICIAL_OWNER
ACC_103930,ACC_101565,0.57,BENEFICIAL_OWNER
ACC_103719,ACC_101565,0.15,BENEFICIAL_OWNER
ACC_102206,ACC_101565,0.83,BENEFICIAL_OWNER
ACC_103711,ACC_101566,0.24,BENEFICIAL_OWNER
ACC_102661,ACC_101566,0.75,BENEFICIAL_OWNER
ACC_104662,ACC_101566,0.71,BENEFICIAL_OWNER
ACC_102647,ACC_101573,0.67,BENEFICIAL_OWNER
ACC_100454,ACC_101573,0.53,BENEFICIAL_OWNER
ACC_103124,ACC_101574,0.33,BENEFICIAL_OWNER
ACC_100758,ACC_101574,0.32,BENEFICIAL_OWNER
ACC_103267,ACC_101574,0.69,BENEFICIAL_OWNER
ACC_100730,ACC_101578,0.75,BENEFICIAL_OWNER
ACC_100168,ACC_101578,0.26,BENEFICIAL_OWNER
ACC_102334,ACC_101579,0.23,BENEFICIAL_OWNER
ACC_101262,ACC_101579,0.49,BENEFICIAL_OWNER
ACC_102540,ACC_101583,0.24,BENEFICIAL_OWNER
ACC_104943,ACC_101583,0.62,BENEFICIAL_OWNER
ACC_104199,ACC_101584,0.49,BENEFICIAL_OWNER
ACC_101637,ACC_101584,0.77,BENEFICIAL_OWNER
ACC_102199,ACC_101589,0.57,BENEFICIAL_OWNER
ACC_104612,ACC_101589,0.21,BENEFICIAL_OWNER
ACC_103016,ACC_101594,0.45,BENEFICIAL_OWNER
ACC_101526,ACC_101594,0.45,BENEFICIAL_OWNER
ACC_104205,ACC_101596,0.39,BENEFICIAL_OWNER
ACC_101836,ACC_101598,0.8,BENEFICIAL_OWNER
ACC_101270,ACC_101598,0.52,BENEFICIAL_OWNER
ACC_104298,ACC_101603,0.48,BENEFICIAL_OWNER
ACC_100687,ACC_101603,0.21,BENEFICIAL_OWNER
ACC_102381,ACC_101603,0.71,BENEFICIAL_OWNER
ACC_101217,ACC_101624,0.63,BENEFICIAL_OWNER
ACC_101046,ACC_101624,0.36,BENEFICIAL_OWNER
ACC_104285,ACC_101632,0.45,BENEFICIAL_OWNER
ACC_100390,ACC_101637,0.79,BENEFICIAL_OWNER
ACC_104513,ACC_101637,0.51,BENEFICIAL_OWNER
ACC_100626,ACC_101637,0.51,BENEFICIAL_OWNER
ACC_100774,ACC_101638,0.61,BENEFICIAL_OWNER
ACC_103806,ACC_101638,0.55,BENEFICIAL_OWNER
ACC_102911,ACC_101641,0.56,BENEFICIAL_OWNER
ACC_102087,ACC_101641,0.69,BENEFICIAL_OWNER
ACC_100933,ACC_101644,0.67,BENEFICIAL_OWNER
ACC_101470,ACC_101647,0.74,BENEFICIAL_OWNER
ACC_101492,ACC_101647,0.18,BENEFICIAL_OWNER
ACC_102438,ACC_101659,0.56,BENEFICIAL_OWNER
ACC_102571,ACC_101659,0.47,BENEFICIAL_OWNER
ACC_103685,ACC_101661,0.83,BENEFICIAL_OWNER
ACC_102171,ACC_101661,0.76,BENEFICIAL_OWNER
ACC_102796,ACC_101661,0.28,BENEFICIAL_OWNER
ACC_100640,ACC_101662,0.67,BENEFICIAL_OWNER
ACC_102124,ACC_101663,0.52,BENEFICIAL_OWNER
ACC_100871,ACC_101663,0.15,BENEFICIAL_OWNER
ACC_103553,ACC_101663,0.23,BENEFICIAL_OWNER
ACC_103908,ACC_101667,0.47,BENEFICIAL_OWNER
ACC_104930,ACC_101668,0.36,BENEFICIAL_OWNER
ACC_103987,ACC_101668,0.72,BENEFICIAL_OWNER
ACC_102955,ACC_101670,0.21,BENEFICIAL_OWNER
ACC_103235,ACC_101670,0.24,BENEFICIAL_OWNER
ACC_102479,ACC_101670,0.28,BENEFICIAL_OWNER
ACC_101541,ACC_101676,0.75,BENEFICIAL_OWNER
ACC_103941,ACC_101679,0.6,BENEFICIAL_OWNER
ACC_101980,ACC_101680,0.28,BENEFICIAL_OWNER
ACC_103569,ACC_101680,0.36,BENEFICIAL_OWNER
ACC_104412,ACC_101680,0.47,BENEFICIAL_OWNER
ACC_103456,ACC_101682,0.23,BENEFICIAL_OWNER
ACC_100178,ACC_101682,0.78,BENEFICIAL_OWNER
ACC_103647,ACC_101687,0.16,BENEFICIAL_OWNER
ACC_103973,ACC_101687,0.46,BENEFICIAL_OWNER
ACC_103862,ACC_101687,0.32,BENEFICIAL_OWNER
ACC_104664,ACC_101688,0.19,BENEFICIAL_OWNER
ACC_103209,ACC_101688,0.16,BENEFICIAL_OWNER
ACC_103537,ACC_101696,0.67,BENEFICIAL_OWNER
ACC_103405,ACC_101696,0.57,BENEFICIAL_OWNER
ACC_104060,ACC_101696,0.54,BENEFICIAL_OWNER
ACC_100303,ACC_101697,0.43,BENEFICIAL_OWNER
ACC_103993,ACC_101697,0.51,BENEFICIAL_OWNER
ACC_103996,ACC_101698,0.52,BENEFICIAL_OWNER
ACC_101899,ACC_101698,0.45,BENEFICIAL_OWNER
ACC_100497,ACC_101698,0.37,BENEFICIAL_OWNER
ACC_102194,ACC_101701,0.78,BENEFICIAL_OWNER
ACC_103877,ACC_101703,0.5,BENEFICIAL_OWNER
ACC_100957,ACC_101703,0.81,BENEFICIAL_OWNER
ACC_103672,ACC_101707,0.16,BENEFICIAL_OWNER
ACC_103573,ACC_101707,0.35,BENEFICIAL_OWNER
ACC_103844,ACC_101710,0.39,BENEFICIAL_OWNER
ACC_104158,ACC_101711,0.3,BENEFICIAL_OWNER
ACC_102778,ACC_101712,0.24,BENEFICIAL_OWNER
ACC_104932,ACC_101712,0.36,BENEFICIAL_OWNER
ACC_103837,ACC_101712,0.65,BENEFICIAL_OWNER
ACC_102951,ACC_101714,0.71,BENEFICIAL_OWNER
ACC_103869,ACC_101714,0.74,BENEFICIAL_OWNER
ACC_101697,ACC_101716,0.62,BENEFICIAL_OWNER
ACC_102313,ACC_101716,0.24,BENEFICIAL_OWNER
ACC_100706,ACC_101716,0.29,BENEFICIAL_OWNER
ACC_104031,ACC_101719,0.81,BENEFICIAL_OWNER
ACC_100826,ACC_101719,0.5,BENEFICIAL_OWNER
ACC_103407,ACC_101719,0.31,BENEFICIAL_OWNER
ACC_100385,ACC_101722,0.77,BENEFICIAL_OWNER
ACC_100148,ACC_101722,0.4,BENEFICIAL_OWNER
ACC_102939,ACC_101722,0.26,BENEFICIAL_OWNER
ACC_100261,ACC_101723,0.45,BENEFICIAL_OWNER
ACC_100521,ACC_101723,0.58,BENEFICIAL_OWNER
ACC_102766,ACC_101723,0.23,BENEFICIAL_OWNER
ACC_103984,ACC_101727,0.33,BENEFICIAL_OWNER
ACC_102910,ACC_101734,0.69,BENEFICIAL_OWNER
ACC_100382,ACC_101734,0.54,BENEFICIAL_OWNER
ACC_104222,ACC_101737,0.57,BENEFICIAL_OWNER
ACC_100413,ACC_101738,0.8,BENEFICIAL_OWNER
ACC_103744,ACC_101746,0.83,BENEFICIAL_OWNER
ACC_100908,ACC_101746,0.7,BENEFICIAL_OWNER
ACC_100834,ACC_101748,0.51,BENEFICIAL_OWNER
ACC_104607,ACC_101748,0.27,BENEFICIAL_OWNER
ACC_100343,ACC_101748,0.23,BENEFICIAL_OWNER
ACC_102962,ACC_101751,0.26,BENEFICIAL_OWNER
ACC_103616,ACC_101752,0.5,BENEFICIAL_OWNER
ACC_104144,ACC_101752,0.76,BENEFICIAL_OWNER
ACC_102979,ACC_101753,0.38,BENEFICIAL_OWNER
ACC_101007,ACC_101754,0.74,BENEFICIAL_OWNER
ACC_103405,ACC_101756,0.32,BENEFICIAL_OWNER
ACC_100053,ACC_101756,0.72,BENEFICIAL_OWNER
ACC_102349,ACC_101757,0.27,BENEFICIAL_OWNER
ACC_104137,ACC_101757,0.34,BENEFICIAL_OWNER
ACC_103399,ACC_101763,0.26,BENEFICIAL_OWNER
ACC_102954,ACC_101763,0.68,BENEFICIAL_OWNER
ACC_102010,ACC_101763,0.45,BENEFICIAL_OWNER
ACC_101130,ACC_101764,0.71,BENEFICIAL_OWNER
ACC_103353,ACC_101772,0.82,BENEFICIAL_OWNER
ACC_103758,ACC_101772,0.51,BENEFICIAL_OWNER
ACC_102963,ACC_101775,0.25,BENEFICIAL_OWNER
ACC_100243,ACC_101775,0.16,BENEFICIAL_OWNER
ACC_103625,ACC_101775,0.71,BENEFICIAL_OWNER
ACC_100694,ACC_101784,0.39,BENEFICIAL_OWNER
ACC_101346,ACC_101786,0.19,BENEFICIAL_OWNER
ACC_103555,ACC_101786,0.68,BENEFICIAL_OWNER
ACC_101236,ACC_101787,0.83,BENEFICIAL_OWNER
ACC_104706,ACC_101787,0.84,BENEFICIAL_OWNER
ACC_100473,ACC_101787,0.71,BENEFICIAL_OWNER
ACC_102422,ACC_101795,0.77,BENEFICIAL_OWNER
ACC_103434,ACC_101795,0.64,BENEFICIAL_OWNER
ACC_103293,ACC_101795,0.76,BENEFICIAL_OWNER
ACC_102569,ACC_101803,0.73,BENEFICIAL_OWNER
ACC_102819,ACC_101803,0.78,BENEFICIAL_OWNER
ACC_100064,ACC_101803,0.58,BENEFICIAL_OWNER
ACC_103309,ACC_101804,0.46,BENEFICIAL_OWNER
ACC_104459,ACC_101809,0.59,BENEFICIAL_OWNER
ACC_103622,ACC_101814,0.69,BENEFICIAL_OWNER
ACC_102828,ACC_101814,0.77,BENEFICIAL_OWNER
ACC_103313,ACC_101814,0.21,BENEFICIAL_OWNER
ACC_102740,ACC_101815,0.51,BENEFICIAL_OWNER
ACC_103194,ACC_101815,0.53,BENEFICIAL_OWNER
ACC_101032,ACC_101815,0.3,BENEFICIAL_OWNER
ACC_104520,ACC_101818,0.39,BENEFICIAL_OWNER
ACC_102557,ACC_101818,0.59,BENEFICIAL_OWNER
ACC_104270,ACC_101818,0.17,BENEFICIAL_OWNER
ACC_104853,ACC_101822,0.73,BENEFICIAL_OWNER
ACC_102119,ACC_101822,0.36,BENEFICIAL_OWNER
ACC_101977,ACC_101822,0.45,BENEFICIAL_OWNER
ACC_100904,ACC_101825,0.33,BENEFICIAL_OWNER
ACC_100491,ACC_101825,0.51,BENEFICIAL_OWNER
ACC_103055,ACC_101825,0.24,BENEFICIAL_OWNER
ACC_101021,ACC_101826,0.55,BENEFICIAL_OWNER
ACC_103676,ACC_101826,0.15,BENEFICIAL_OWNER
ACC_102440,ACC_101826,0.39,BENEFICIAL_OWNER
ACC_104764,ACC_101833,0.55,BENEFICIAL_OWNER
ACC_104368,ACC_101839,0.4,BENEFICIAL_OWNER
ACC_104878,ACC_101839,0.35,BENEFICIAL_OWNER
ACC_101915,ACC_101839,0.7,BENEFICIAL_OWNER
ACC_104692,ACC_101840,0.51,BENEFICIAL_OWNER
ACC_101146,ACC_101840,0.32,BENEFICIAL_OWNER
ACC_103093,ACC_101840,0.38,BENEFICIAL_OWNER
ACC_101577,ACC_101841,0.22,BENEFICIAL_OWNER
ACC_102959,ACC_101841,0.65,BENEFICIAL_OWNER
ACC_103721,ACC_101841,0.73,BENEFICIAL_OWNER
ACC_100755,ACC_101843,0.19,BENEFICIAL_OWNER
ACC_103901,ACC_101845,0.3,BENEFICIAL_OWNER
ACC_103025,ACC_101846,0.62,BENEFICIAL_OWNER
ACC_104818,ACC_101848,0.51,BENEFICIAL_OWNER
ACC_104579,ACC_101848,0.43,BENEFICIAL_OWNER
ACC_104786,ACC_101849,0.6,BENEFICIAL_OWNER
ACC_104086,ACC_101849,0.85,BENEFICIAL_OWNER
ACC_104010,ACC_101852,0.25,BENEFICIAL_OWNER
ACC_103415,ACC_101852,0.24,BENEFICIAL_OWNER
ACC_101334,ACC_101852,0.65,BENEFICIAL_OWNER
ACC_104204,ACC_101857,0.75,BENEFICIAL_OWNER
ACC_101741,ACC_101861,0.47,BENEFICIAL_OWNER
ACC_101284,ACC_101869,0.81,BENEFICIAL_OWNER
ACC_100972,ACC_101870,0.75,BENEFICIAL_OWNER
ACC_104928,ACC_101870,0.23,BENEFICIAL_OWNER
ACC_104683,ACC_101871,0.18,BENEFICIAL_OWNER
ACC_102372,ACC_101871,0.26,BENEFICIAL_OWNER
ACC_102497,ACC_101875,0.36,BENEFICIAL_OWNER
ACC_103067,ACC_101875,0.49,BENEFICIAL_OWNER
ACC_101164,ACC_101888,0.7,BENEFICIAL_OWNER
ACC_100398,ACC_101892,0.77,BENEFICIAL_OWNER
ACC_102499,ACC_101892,0.3,BENEFICIAL_OWNER
ACC_104004,ACC_101901,0.53,BENEFICIAL_OWNER
ACC_100017,ACC_101901,0.2,BENEFICIAL_OWNER
ACC_101002,ACC_101901,0.18,BENEFICIAL_OWNER
ACC_104694,ACC_101909,0.55,BENEFICIAL_OWNER
ACC_102537,ACC_101909,0.78,BENEFICIAL_OWNER
ACC_103893,ACC_101911,0.24,BENEFICIAL_OWNER
ACC_104961,ACC_101911,0.25,BENEFICIAL_OWNER
ACC_103775,ACC_101914,0.25,BENEFICIAL_OWNER
ACC_103685,ACC_101914,0.66,BENEFICIAL_OWNER
ACC_103678,ACC_101914,0.21,BENEFICIAL_OWNER
ACC_103355,ACC_101916,0.78,BENEFICIAL_OWNER
ACC_103172,ACC_101916,0.39,BENEFICIAL_OWNER
ACC_101907,ACC_101916,0.18,BENEFICIAL_OWNER
ACC_103629,ACC_101918,0.76,BENEFICIAL_OWNER
ACC_102272,ACC_101918,0.65,BENEFICIAL_OWNER
ACC_100725,ACC_101918,0.55,BENEFICIAL_OWNER
ACC_102530,ACC_101919,0.6,BENEFICIAL_OWNER
ACC_104596,ACC_101919,0.21,BENEFICIAL_OWNER
ACC_101014,ACC_101919,0.82,BENEFICIAL_OWNER
ACC_104725,ACC_101923,0.52,BENEFICIAL_OWNER
ACC_100433,ACC_101923,0.68,BENEFICIAL_OWNER
ACC_104671,ACC_101923,0.5,BENEFICIAL_OWNER
ACC_100985,ACC_101930,0.61,BENEFICIAL_OWNER
ACC_101472,ACC_101941,0.7,BENEFICIAL_OWNER
ACC_100155,ACC_101941,0.32,BENEFICIAL_OWNER
ACC_102252,ACC_101941,0.64,BENEFICIAL_OWNER
ACC_103639,ACC_101942,0.57,BENEFICIAL_OWNER
ACC_100693,ACC_101942,0.43,BENEFICIAL_OWNER
ACC_104370,ACC_101942,0.18,BENEFICIAL_OWNER
ACC_102784,ACC_101943,0.46,BENEFICIAL_OWNER
ACC_100197,ACC_101945,0.37,BENEFICIAL_OWNER
ACC_104324,ACC_101945,0.33,BENEFICIAL_OWNER
ACC_100813,ACC_101951,0.53,BENEFICIAL_OWNER
ACC_101179,ACC_101952,0.33,BENEFICIAL_OWNER
ACC_101496,ACC_101952,0.21,BENEFICIAL_OWNER
ACC_103336,ACC_101957,0.19,BENEFICIAL_OWNER
ACC_101386,ACC_101957,0.82,BENEFICIAL_OWNER
ACC_100222,ACC_101960,0.65,BENEFICIAL_OWNER
ACC_103194,ACC_101961,0.37,BENEFICIAL_OWNER
ACC_100808,ACC_101961,0.44,BENEFICIAL_OWNER
ACC_102112,ACC_101962,0.81,BENEFICIAL_OWNER
ACC_103076,ACC_101962,0.78,BENEFICIAL_OWNER
ACC_101659,ACC_101965,0.32,BENEFICIAL_OWNER
ACC_104800,ACC_101970,0.51,BENEFICIAL_OWNER
ACC_101937,ACC_101970,0.5,BENEFICIAL_OWNER
ACC_104038,ACC_101970,0.81,BENEFICIAL_OWNER
ACC_100496,ACC_101976,0.48,BENEFICIAL_OWNER
ACC_102607,ACC_101976,0.43,BENEFICIAL_OWNER
ACC_100236,ACC_101978,0.59,BENEFICIAL_OWNER
ACC_103338,ACC_101978,0.79,BENEFICIAL_OWNER
ACC_102204,ACC_101985,0.54,BENEFICIAL_OWNER
ACC_100831,ACC_101990,0.61,BENEFICIAL_OWNER
ACC_102017,ACC_101990,0.24,BENEFICIAL_OWNER
ACC_104544,ACC_101990,0.55,BENEFICIAL_OWNER
ACC_100687,ACC_101992,0.29,BENEFICIAL_OWNER
ACC_104099,ACC_101992,0.83,BENEFICIAL_OWNER
ACC_104427,ACC_101996,0.7,BENEFICIAL_OWNER
ACC_101377,ACC_101996,0.53,BENEFICIAL_OWNER
ACC_104547,ACC_102001,0.18,BENEFICIAL_OWNER
ACC_103700,ACC_102001,0.72,BENEFICIAL_OWNER
ACC_102369,ACC_102008,0.19,BENEFICIAL_OWNER
ACC_101371,ACC_102008,0.8,BENEFICIAL_OWNER
ACC_100004,ACC_102008,0.34,BENEFICIAL_OWNER
ACC_103114,ACC_102018,0.74,BENEFICIAL_OWNER
ACC_102878,ACC_102018,0.3,BENEFICIAL_OWNER
ACC_102304,ACC_102020,0.67,BENEFICIAL_OWNER
ACC_100372,ACC_102020,0.54,BENEFICIAL_OWNER
ACC_101322,ACC_102020,0.36,BENEFICIAL_OWNER
ACC_101007,ACC_102024,0.66,BENEFICIAL_OWNER
ACC_101144,ACC_102024,0.85,BENEFICIAL_OWNER
ACC_101727,ACC_102025,0.82,BENEFICIAL_OWNER
ACC_104135,ACC_102025,0.37,BENEFICIAL_OWNER
ACC_102806,ACC_102026,0.34,BENEFICIAL_OWNER
ACC_102141,ACC_102026,0.61,BENEFICIAL_OWNER
ACC_103708,ACC_102026,0.38,BENEFICIAL_OWNER
ACC_103766,ACC_102027,0.82,BENEFICIAL_OWNER
ACC_100130,ACC_102028,0.6,BENEFICIAL_OWNER
ACC_101095,ACC_102028,0.15,BENEFICIAL_OWNER
ACC_100035,ACC_102029,0.62,BENEFICIAL_OWNER
ACC_100078,ACC_102029,0.44,BENEFICIAL_OWNER
ACC_104005,ACC_102031,0.21,BENEFICIAL_OWNER
ACC_103217,ACC_102031,0.76,BENEFICIAL_OWNER
ACC_104408,ACC_102031,0.61,BENEFICIAL_OWNER
ACC_100253,ACC_102032,0.4,BENEFICIAL_OWNER
ACC_103646,ACC_102032,0.72,BENEFICIAL_OWNER
ACC_101011,ACC_102032,0.73,BENEFICIAL_OWNER
ACC_103168,ACC_102039,0.74,BENEFICIAL_OWNER
ACC_101451,ACC_102039,0.72,BENEFICIAL_OWNER
ACC_101022,ACC_102044,0.47,BENEFICIAL_OWNER
ACC_103641,ACC_102053,0.16,BENEFICIAL_OWNER
ACC_100162,ACC_102054,0.28,BENEFICIAL_OWNER
ACC_102303,ACC_102054,0.72,BENEFICIAL_OWNER
ACC_102931,ACC_102054,0.59,BENEFICIAL_OWNER
ACC_101811,ACC_102058,0.83,BENEFICIAL_OWNER
ACC_101919,ACC_102058,0.18,BENEFICIAL_OWNER
ACC_104045,ACC_102058,0.49,BENEFICIAL_OWNER
ACC_104964,ACC_102062,0.29,BENEFICIAL_OWNER
ACC_101712,ACC_102062,0.72,BENEFICIAL_OWNER
ACC_100058,ACC_102062,0.43,BENEFICIAL_OWNER
ACC_104662,ACC_102072,0.5,BENEFICIAL_OWNER
ACC_104098,ACC_102072,0.54,BENEFICIAL_OWNER
ACC_104634,ACC_102079,0.27,BENEFICIAL_OWNER
ACC_104939,ACC_102079,0.56,BENEFICIAL_OWNER
ACC_104629,ACC_102079,0.67,BENEFICIAL_OWNER
ACC_102126,ACC_102087,0.8,BENEFICIAL_OWNER
ACC_104285,ACC_102095,0.66,BENEFICIAL_OWNER
ACC_101571,ACC_102100,0.84,BENEFICIAL_OWNER
ACC_100189,ACC_102100,0.64,BENEFICIAL_OWNER
ACC_102071,ACC_102111,0.15,BENEFICIAL_OWNER
ACC_104588,ACC_102111,0.45,BENEFICIAL_OWNER
ACC_103718,ACC_102111,0.62,BENEFICIAL_OWNER
ACC_100424,ACC_102121,0.74,BENEFICIAL_OWNER
ACC_102646,ACC_102121,0.43,BENEFICIAL_OWNER
ACC_103543,ACC_102121,0.24,BENEFICIAL_OWNER
ACC_103822,ACC_102128,0.51,BENEFICIAL_OWNER
ACC_104059,ACC_102128,0.18,BENEFICIAL_OWNER
ACC_102961,ACC_102128,0.65,BENEFICIAL_OWNER
ACC_102276,ACC_102134,0.79,BENEFICIAL_OWNER
ACC_103677,ACC_102143,0.42,BENEFICIAL_OWNER
ACC_102590,ACC_102143,0.38,BENEFICIAL_OWNER
ACC_100042,ACC_102143,0.77,BENEFICIAL_OWNER
ACC_101848,ACC_102151,0.83,BENEFICIAL_OWNER
ACC_100609,ACC_102152,0.29,BENEFICIAL_OWNER
ACC_102047,ACC_102152,0.38,BENEFICIAL_OWNER
ACC_100792,ACC_102154,0.17,BENEFICIAL_OWNER
ACC_100196,ACC_102157,0.71,BENEFICIAL_OWNER
ACC_104854,ACC_102157,0.8,BENEFICIAL_OWNER
ACC_102024,ACC_102162,0.48,BENEFICIAL_OWNER
ACC_100883,ACC_102162,0.82,BENEFICIAL_OWNER
ACC_102732,ACC_102171,0.51,BENEFICIAL_OWNER
ACC_100597,ACC_102173,0.69,BENEFICIAL_OWNER
ACC_103592,ACC_102174,0.56,BENEFICIAL_OWNER
ACC_100783,ACC_102174,0.21,BENEFICIAL_OWNER
ACC_103657,ACC_102174,0.19,BENEFICIAL_OWNER
ACC_103091,ACC_102175,0.37,BENEFICIAL_OWNER
ACC_100532,ACC_102181,0.79,BENEFICIAL_OWNER
ACC_101044,ACC_102181,0.46,BENEFICIAL_OWNER
ACC_100507,ACC_102181,0.36,BENEFICIAL_OWNER
ACC_103537,ACC_102192,0.62,BENEFICIAL_OWNER
ACC_100538,ACC_102192,0.54,BENEFICIAL_OWNER
ACC_100834,ACC_102192,0.36,BENEFICIAL_OWNER
ACC_103290,ACC_102193,0.58,BENEFICIAL_OWNER
ACC_100785,ACC_102193,0.44,BENEFICIAL_OWNER
ACC_100086,ACC_102197,0.47,BENEFICIAL_OWNER
ACC_103714,ACC_102197,0.45,BENEFICIAL_OWNER
ACC_103145,ACC_102197,0.58,BENEFICIAL_OWNER
ACC_102782,ACC_102202,0.61,BENEFICIAL_OWNER
ACC_100212,ACC_102203,0.38,BENEFICIAL_OWNER
ACC_103719,ACC_102203,0.28,BENEFICIAL_OWNER
ACC_104237,ACC_102203,0.22,BENEFICIAL_OWNER
ACC_100553,ACC_102219,0.78,BENEFICIAL_OWNER
ACC_104856,ACC_102219,0.24,BENEFICIAL_OWNER
ACC_101586,ACC_102219,0.51,BENEFICIAL_OWNER
ACC_103448,ACC_102220,0.66,BENEFICIAL_OWNER
ACC_103943,ACC_102220,0.46,BENEFICIAL_OWNER
ACC_101127,ACC_102226,0.71,BENEFICIAL_OWNER
ACC_101045,ACC_102227,0.37,BENEFICIAL_OWNER
ACC_104203,ACC_102231,0.37,BENEFICIAL_OWNER
ACC_102930,ACC_102231,0.77,BENEFICIAL_OWNER
ACC_101207,ACC_102234,0.48,BENEFICIAL_OWNER
ACC_102809,ACC_102235,0.83,BENEFICIAL_OWNER
ACC_102384,ACC_102235,0.51,BENEFICIAL_OWNER
ACC_103021,ACC_102235,0.61,BENEFICIAL_OWNER
ACC_100469,ACC_102244,0.32,BENEFICIAL_OWNER
ACC_100447,ACC_102260,0.29,BENEFICIAL_OWNER
ACC_103457,ACC_102260,0.29,BENEFICIAL_OWNER
ACC_102816,ACC_102260,0.79,BENEFICIAL_OWNER
ACC_102797,ACC_102261,0.28,BENEFICIAL_OWNER
ACC_103828,ACC_102262,0.63,BENEFICIAL_OWNER
ACC_104913,ACC_102262,0.75,BENEFICIAL_OWNER
ACC_102749,ACC_102275,0.38,BENEFICIAL_OWNER
ACC_102454,ACC_102275,0.22,BENEFICIAL_OWNER
ACC_103429,ACC_102275,0.76,BENEFICIAL_OWNER
ACC_104062,ACC_102279,0.3,BENEFICIAL_OWNER
ACC_101827,ACC_102281,0.64,BENEFICIAL_OWNER
ACC_101746,ACC_102287,0.49,BENEFICIAL_OWNER
ACC_101958,ACC_102287,0.69,BENEFICIAL_OWNER
ACC_103079,ACC_102289,0.43,BENEFICIAL_OWNER
ACC_101681,ACC_102289,0.73,BENEFICIAL_OWNER
ACC_102972,ACC_102290,0.16,BENEFICIAL_OWNER
ACC_100245,ACC_102291,0.23,BENEFICIAL_OWNER
ACC_104544,ACC_102291,0.35,BENEFICIAL_OWNER
ACC_104797,ACC_102301,0.79,BENEFICIAL_OWNER
ACC_100359,ACC_102302,0.29,BENEFICIAL_OWNER
ACC_100243,ACC_102302,0.35,BENEFICIAL_OWNER
ACC_102146,ACC_102303,0.65,BENEFICIAL_OWNER
ACC_104542,ACC_102304,0.27,BENEFICIAL_OWNER
ACC_102014,ACC_102304,0.17,BENEFICIAL_OWNER
ACC_100828,ACC_102308,0.73,BENEFICIAL_OWNER
ACC_100171,ACC_102308,0.25,BENEFICIAL_OWNER
ACC_100909,ACC_102310,0.36,BENEFICIAL_OWNER
ACC_102772,ACC_102310,0.32,BENEFICIAL_OWNER
ACC_101722,ACC_102310,0.72,BENEFICIAL_OWNER
ACC_101403,ACC_102312,0.76,BENEFICIAL_OWNER
ACC_104316,ACC_102312,0.2,BENEFICIAL_OWNER
ACC_103553,ACC_102312,0.25,BENEFICIAL_OWNER
ACC_101553,ACC_102316,0.28,BENEFICIAL_OWNER
ACC_103065,ACC_102319,0.57,BENEFICIAL_OWNER
ACC_102604,ACC_102319,0.83,BENEFICIAL_OWNER
ACC_100378,ACC_102320,0.68,BENEFICIAL_OWNER
ACC_101549,ACC_102321,0.7,BENEFICIAL_OWNER
ACC_104386,ACC_102321,0.38,BENEFICIAL_OWNER
ACC_102409,ACC_102321,0.19,BENEFICIAL_OWNER
ACC_101035,ACC_102324,0.83,BENEFICIAL_OWNER
ACC_104163,ACC_102324,0.77,BENEFICIAL_OWNER
ACC_100666,ACC_102328,0.7,BENEFICIAL_OWNER
ACC_100531,ACC_102332,0.42,BENEFICIAL_OWNER
ACC_101371,ACC_102332,0.77,BENEFICIAL_OWNER
ACC_104166,ACC_102332,0.68,BENEFICIAL_OWNER
ACC_104084,ACC_102341,0.47,BENEFICIAL_OWNER
ACC_104250,ACC_102341,0.38,BENEFICIAL_OWNER
ACC_104304,ACC_102342,0.65,BENEFICIAL_OWNER
ACC_103959,ACC_102342,0.5,BENEFICIAL_OWNER
ACC_104761,ACC_102353,0.6,BENEFICIAL_OWNER
ACC_103284,ACC_102353,0.7,BENEFICIAL_OWNER
ACC_100299,ACC_102354,0.78,BENEFICIAL_OWNER
ACC_101697,ACC_102354,0.47,BENEFICIAL_OWNER
ACC_101798,ACC_102354,0.31,BENEFICIAL_OWNER
ACC_102506,ACC_102363,0.45,BENEFICIAL_OWNER
ACC_104680,ACC_102377,0.8,BENEFICIAL_OWNER
ACC_101287,ACC_102377,0.41,BENEFICIAL_OWNER
ACC_100694,ACC_102381,0.36,BENEFICIAL_OWNER
ACC_101100,ACC_102381,0.51,BENEFICIAL_OWNER
ACC_100688,ACC_102381,0.31,BENEFICIAL_OWNER
ACC_103811,ACC_102383,0.51,BENEFICIAL_OWNER
ACC_103490,ACC_102393,0.48,BENEFICIAL_OWNER
ACC_103695,ACC_102393,0.44,BENEFICIAL_OWNER
ACC_102597,ACC_102401,0.42,BENEFICIAL_OWNER
ACC_102236,ACC_102401,0.28,BENEFICIAL_OWNER
ACC_102175,ACC_102402,0.6,BENEFICIAL_OWNER
ACC_100675,ACC_102407,0.74,BENEFICIAL_OWNER
ACC_102412,ACC_102407,0.51,BENEFICIAL_OWNER
ACC_100640,ACC_102408,0.22,BENEFICIAL_OWNER
ACC_102264,ACC_102408,0.2,BENEFICIAL_OWNER
ACC_101865,ACC_102408,0.18,BENEFICIAL_OWNER
ACC_102734,ACC_102409,0.29,BENEFICIAL_OWNER
ACC_102048,ACC_102415,0.67,BENEFICIAL_OWNER
ACC_102479,ACC_102415,0.69,BENEFICIAL_OWNER
ACC_101561,ACC_102420,0.85,BENEFICIAL_OWNER
ACC_104948,ACC_102420,0.85,BENEFICIAL_OWNER
ACC_104449,ACC_102423,0.69,BENEFICIAL_OWNER
ACC_102139,ACC_102423,0.35,BENEFICIAL_OWNER
ACC_100069,ACC_102423,0.39,BENEFICIAL_OWNER
ACC_103323,ACC_102424,0.68,BENEFICIAL_OWNER
ACC_104750,ACC_102424,0.16,BENEFICIAL_OWNER
ACC_104199,ACC_102425,0.31,BENEFICIAL_OWNER
ACC_101222,ACC_102425,0.66,BENEFICIAL_OWNER
ACC_103256,ACC_102425,0.3,BENEFICIAL_OWNER
ACC_104225,ACC_102426,0.56,BENEFICIAL_OWNER
ACC_103839,ACC_102429,0.7,BENEFICIAL_OWNER
ACC_103779,ACC_102429,0.37,BENEFICIAL_OWNER
ACC_102790,ACC_102429,0.28,BENEFICIAL_OWNER
ACC_103421,ACC_102441,0.46,BENEFICIAL_OWNER
ACC_101716,ACC_102441,0.54,BENEFICIAL_OWNER
ACC_103593,ACC_102441,0.41,BENEFICIAL_OWNER
ACC_101051,ACC_102452,0.5,BENEFICIAL_OWNER
ACC_102503,ACC_102452,0.61,BENEFICIAL_OWNER
ACC_100079,ACC_102452,0.4,BENEFICIAL_OWNER
ACC_103433,ACC_102453,0.45,BENEFICIAL_OWNER
ACC_104404,ACC_102455,0.38,BENEFICIAL_OWNER
ACC_102454,ACC_102455,0.17,BENEFICIAL_OWNER
ACC_101139,ACC_102459,0.26,BENEFICIAL_OWNER
ACC_104654,ACC_102460,0.79,BENEFICIAL_OWNER
ACC_104939,ACC_102460,0.55,BENEFICIAL_OWNER
ACC_103123,ACC_102466,0.81,BENEFICIAL_OWNER
ACC_101672,ACC_102466,0.19,BENEFICIAL_OWNER
ACC_101542,ACC_102468,0.23,BENEFICIAL_OWNER
ACC_103889,ACC_102468,0.55,BENEFICIAL_OWNER
ACC_102495,ACC_102469,0.27,BENEFICIAL_OWNER
ACC_100763,ACC_102469,0.62,BENEFICIAL_OWNER
ACC_100262,ACC_102471,0.73,BENEFICIAL_OWNER
ACC_104002,ACC_102472,0.29,BENEFICIAL_OWNER
ACC_100219,ACC_102472,0.79,BENEFICIAL_OWNER
ACC_101529,ACC_102472,0.42,BENEFICIAL_OWNER
ACC_101909,ACC_102474,0.35,BENEFICIAL_OWNER
ACC_100573,ACC_102483,0.41,BENEFICIAL_OWNER
ACC_103724,ACC_102483,0.16,BENEFICIAL_OWNER
ACC_100470,ACC_102483,0.38,BENEFICIAL_OWNER
ACC_103203,ACC_102484,0.84,BENEFICIAL_OWNER
ACC_101286,ACC_102484,0.24,BENEFICIAL_OWNER
ACC_103917,ACC_102490,0.42,BENEFICIAL_OWNER
ACC_100563,ACC_102490,0.78,BENEFICIAL_OWNER
ACC_101064,ACC_102495,0.76,BENEFICIAL_OWNER
ACC_103540,ACC_102499,0.26,BENEFICIAL_OWNER
ACC_103889,ACC_102499,0.55,BENEFICIAL_OWNER
ACC_104812,ACC_102501,0.5,BENEFICIAL_OWNER
ACC_101662,ACC_102501,0.63,BENEFICIAL_OWNER
ACC_101652,ACC_102502,0.84,BENEFICIAL_OWNER
ACC_100060,ACC_102502,0.46,BENEFICIAL_OWNER
ACC_104954,ACC_102503,0.52,BENEFICIAL_OWNER
ACC_102022,ACC_102503,0.79,BENEFICIAL_OWNER
ACC_103769,ACC_102511,0.55,BENEFICIAL_OWNER
ACC_103790,ACC_102511,0.67,BENEFICIAL_OWNER
ACC_103738,ACC_102512,0.64,BENEFICIAL_OWNER
ACC_102840,ACC_102512,0.65,BENEFICIAL_OWNER
ACC_103203,ACC_102520,0.44,BENEFICIAL_OWNER
ACC_101434,ACC_102520,0.28,BENEFICIAL_OWNER
ACC_103539,ACC_102530,0.79,BENEFICIAL_OWNER
ACC_103750,ACC_102530,0.28,BENEFICIAL_OWNER
ACC_103151,ACC_102530,0.55,BENEFICIAL_OWNER
ACC_100357,ACC_102534,0.77,BENEFICIAL_OWNER
ACC_101963,ACC_102534,0.26,BENEFICIAL_OWNER
ACC_104405,ACC_102537,0.64,BENEFICIAL_OWNER
ACC_102391,ACC_102537,0.66,BENEFICIAL_OWNER
ACC_100546,ACC_102537,0.3,BENEFICIAL_OWNER
ACC_103369,ACC_102541,0.23,BENEFICIAL_OWNER
ACC_104528,ACC_102541,0.41,BENEFICIAL_OWNER
ACC_104132,ACC_102543,0.69,BENEFICIAL_OWNER
ACC_103359,ACC_102546,0.27,BENEFICIAL_OWNER
ACC_103694,ACC_102546,0.3,BENEFICIAL_OWNER
ACC_103786,ACC_102548,0.17,BENEFICIAL_OWNER
ACC_103783,ACC_102554,0.67,BENEFICIAL_OWNER
ACC_103122,ACC_102554,0.75,BENEFICIAL_OWNER
ACC_102815,ACC_102554,0.43,BENEFICIAL_OWNER
ACC_102052,ACC_102555,0.23,BENEFICIAL_OWNER
ACC_102679,ACC_102559,0.62,BENEFICIAL_OWNER
ACC_103971,ACC_102562,0.2,BENEFICIAL_OWNER
ACC_103779,ACC_102562,0.53,BENEFICIAL_OWNER
ACC_103585,ACC_102567,0.25,BENEFICIAL_OWNER
ACC_101321,ACC_102576,0.74,BENEFICIAL_OWNER
ACC_101397,ACC_102576,0.57,BENEFICIAL_OWNER
ACC_102409,ACC_102588,0.24,BENEFICIAL_OWNER
ACC_103201,ACC_102592,0.62,BENEFICIAL_OWNER
ACC_101379,ACC_102592,0.16,BENEFICIAL_OWNER
ACC_100635,ACC_102592,0.34,BENEFICIAL_OWNER
ACC_102933,ACC_102594,0.3,BENEFICIAL_OWNER
ACC_101457,ACC_102594,0.17,BENEFICIAL_OWNER
ACC_104360,ACC_102596,0.64,BENEFICIAL_OWNER
ACC_101770,ACC_102596,0.74,BENEFICIAL_OWNER
ACC_103621,ACC_102596,0.72,BENEFICIAL_OWNER
ACC_100842,ACC_102602,0.46,BENEFICIAL_OWNER
ACC_103199,ACC_102602,0.57,BENEFICIAL_OWNER
ACC_102525,ACC_102602,0.18,BENEFICIAL_OWNER
ACC_101652,ACC_102603,0.41,BENEFICIAL_OWNER
ACC_102045,ACC_102603,0.32,BENEFICIAL_OWNER
ACC_100131,ACC_102604,0.45,BENEFICIAL_OWNER
ACC_102761,ACC_102605,0.72,BENEFICIAL_OWNER
ACC_100517,ACC_102620,0.71,BENEFICIAL_OWNER
ACC_101806,ACC_102620,0.73,BENEFICIAL_OWNER
ACC_100791,ACC_102620,0.27,BENEFICIAL_OWNER
ACC_100360,ACC_102623,0.44,BENEFICIAL_OWNER
ACC_102679,ACC_102627,0.38,BENEFICIAL_OWNER
ACC_101552,ACC_102632,0.43,BENEFICIAL_OWNER
ACC_101696,ACC_102632,0.45,BENEFICIAL_OWNER
ACC_104437,ACC_102632,0.31,BENEFICIAL_OWNER
ACC_102921,ACC_102634,0.38,BENEFICIAL_OWNER
ACC_103294,ACC_102639,0.61,BENEFICIAL_OWNER
ACC_103188,ACC_102640,0.3,BENEFICIAL_OWNER
ACC_100540,ACC_102643,0.61,BENEFICIAL_OWNER
ACC_103022,ACC_102647,0.2,BENEFICIAL_OWNER
ACC_100359,ACC_102647,0.3,BENEFICIAL_OWNER
ACC_104905,ACC_102650,0.84,BENEFICIAL_OWNER
ACC_104092,ACC_102650,0.22,BENEFICIAL_OWNER
ACC_104662,ACC_102651,0.82,BENEFICIAL_OWNER
ACC_101404,ACC_102651,0.57,BENEFICIAL_OWNER
ACC_102063,ACC_102651,0.84,BENEFICIAL_OWNER
ACC_103183,ACC_102654,0.27,BENEFICIAL_OWNER
ACC_101088,ACC_102654,0.68,BENEFICIAL_OWNER
ACC_102720,ACC_102654,0.63,BENEFICIAL_OWNER
ACC_103949,ACC_102656,0.16,BENEFICIAL_OWNER
ACC_100553,ACC_102656,0.79,BENEFICIAL_OWNER
ACC_102745,ACC_102656,0.46,BENEFICIAL_OWNER
ACC_101904,ACC_102667,0.64,BENEFICIAL_OWNER
ACC_104124,ACC_102667,0.16,BENEFICIAL_OWNER
ACC_104812,ACC_102667,0.16,BENEFICIAL_OWNER
ACC_102530,ACC_102669,0.32,BENEFICIAL_OWNER
ACC_101995,ACC_102670,0.19,BENEFICIAL_OWNER
ACC_100650,ACC_102670,0.41,BENEFICIAL_OWNER
ACC_101654,ACC_102672,0.41,BENEFICIAL_OWNER
ACC_101242,ACC_102672,0.6,BENEFICIAL_OWNER
ACC_104899,ACC_102679,0.84,BENEFICIAL_OWNER
ACC_102692,ACC_102684,0.34,BENEFICIAL_OWNER
ACC_101099,ACC_102684,0.6,BENEFICIAL_OWNER
ACC_104266,ACC_102689,0.7,BENEFICIAL_OWNER
ACC_102363,ACC_102696,0.31,BENEFICIAL_OWNER
ACC_100194,ACC_102696,0.66,BENEFICIAL_OWNER
ACC_101984,ACC_102701,0.53,BENEFICIAL_OWNER
ACC_101686,ACC_102701,0.78,BENEFICIAL_OWNER
ACC_102034,ACC_102703,0.76,BENEFICIAL_OWNER
ACC_101822,ACC_102703,0.52,BENEFICIAL_OWNER
ACC_104981,ACC_102703,0.28,BENEFICIAL_OWNER
ACC_100049,ACC_102711,0.2,BENEFICIAL_OWNER
ACC_100529,ACC_102711,0.28,BENEFICIAL_OWNER
ACC_104027,ACC_102711,0.59,BENEFICIAL_OWNER
ACC_101672,ACC_102713,0.24,BENEFICIAL_OWNER
ACC_104854,ACC_102729,0.53,BENEFICIAL_OWNER
ACC_101935,ACC_102730,0.51,BENEFICIAL_OWNER
ACC_103826,ACC_102733,0.26,BENEFICIAL_OWNER
ACC_102551,ACC_102733,0.29,BENEFICIAL_OWNER
ACC_101445,ACC_102734,0.32,BENEFICIAL_OWNER
ACC_104963,ACC_102734,0.35,BENEFICIAL_OWNER
ACC_101649,ACC_102739,0.75,BENEFICIAL_OWNER
ACC_102227,ACC_102739,0.49,BENEFICIAL_OWNER
ACC_103262,ACC_102740,0.27,BENEFICIAL_OWNER
ACC_103094,ACC_102740,0.46,BENEFICIAL_OWNER
ACC_104992,ACC_102756,0.72,BENEFICIAL_OWNER
ACC_103550,ACC_102756,0.71,BENEFICIAL_OWNER
ACC_101276,ACC_102756,0.16,BENEFICIAL_OWNER
ACC_103501,ACC_102758,0.68,BENEFICIAL_OWNER
ACC_100681,ACC_102758,0.8,BENEFICIAL_OWNER
ACC_104400,ACC_102760,0.66,BENEFICIAL_OWNER
ACC_101251,ACC_102760,0.33,BENEFICIAL_OWNER
ACC_104528,ACC_102760,0.47,BENEFICIAL_OWNER
ACC_102320,ACC_102771,0.54,BENEFICIAL_OWNER
ACC_103073,ACC_102771,0.49,BENEFICIAL_OWNER
ACC_101119,ACC_102776,0.29,BENEFICIAL_OWNER
ACC_103844,ACC_102776,0.79,BENEFICIAL_OWNER
ACC_100105,ACC_102777,0.75,BENEFICIAL_OWNER
ACC_103065,ACC_102782,0.8,BENEFICIAL_OWNER
ACC_104025,ACC_102782,0.81,BENEFICIAL_OWNER
ACC_103314,ACC_102782,0.83,BENEFICIAL_OWNER
ACC_103146,ACC_102784,0.37,BENEFICIAL_OWNER
ACC_104010,ACC_102784,0.84,BENEFICIAL_OWNER
ACC_103348,ACC_102785,0.77,BENEFICIAL_OWNER
ACC_103152,ACC_102786,0.8,BENEFICIAL_OWNER
ACC_101591,ACC_102789,0.68,BENEFICIAL_OWNER
ACC_102855,ACC_102791,0.65,BENEFICIAL_OWNER
ACC_104174,ACC_102791,0.59,BENEFICIAL_OWNER
ACC_100472,ACC_102794,0.8,BENEFICIAL_OWNER
ACC_103156,ACC_102794,0.66,BENEFICIAL_OWNER
ACC_103913,ACC_102803,0.17,BENEFICIAL_OWNER
ACC_100231,ACC_102806,0.33,BENEFICIAL_OWNER
ACC_101211,ACC_102806,0.47,BENEFICIAL_OWNER
ACC_101207,ACC_102808,0.57,BENEFICIAL_OWNER
ACC_102083,ACC_102808,0.82,BENEFICIAL_OWNER
ACC_102026,ACC_102808,0.74,BENEFICIAL_OWNER
ACC_100956,ACC_102811,0.69,BENEFICIAL_OWNER
ACC_103148,ACC_102815,0.83,BENEFICIAL_OWNER
ACC_103257,ACC_102815,0.21,BENEFICIAL_OWNER
ACC_104801,ACC_102815,0.79,BENEFICIAL_OWNER
ACC_101358,ACC_102829,0.33,BENEFICIAL_OWNER
ACC_103496,ACC_102829,0.36,BENEFICIAL_OWNER
ACC_103135,ACC_102831,0.66,BENEFICIAL_OWNER
ACC_104801,ACC_102831,0.68,BENEFICIAL_OWNER
ACC_102522,ACC_102831,0.8,BENEFICIAL_OWNER
ACC_100895,ACC_102835,0.6,BENEFICIAL_OWNER
ACC_101169,ACC_102837,0.67,BENEFICIAL_OWNER
ACC_102203,ACC_102837,0.8,BENEFICIAL_OWNER
ACC_102523,ACC_102841,0.84,BENEFICIAL_OWNER
ACC_100052,ACC_102841,0.72,BENEFICIAL_OWNER
ACC_100793,ACC_102847,0.2,BENEFICIAL_OWNER
ACC_103422,ACC_102849,0.61,BENEFICIAL_OWNER
ACC_104300,ACC_102849,0.66,BENEFICIAL_OWNER
ACC_103414,ACC_102849,0.27,BENEFICIAL_OWNER
ACC_101526,ACC_102852,0.29,BENEFICIAL_OWNER
ACC_101100,ACC_102852,0.28,BENEFICIAL_OWNER
ACC_103691,ACC_102853,0.55,BENEFICIAL_OWNER
ACC_101520,ACC_102861,0.29,BENEFICIAL_OWNER
ACC_101496,ACC_102865,0.84,BENEFICIAL_OWNER
ACC_101571,ACC_102865,0.76,BENEFICIAL_OWNER
ACC_102124,ACC_102865,0.46,BENEFICIAL_OWNER
ACC_100894,ACC_102870,0.36,BENEFICIAL_OWNER
ACC_101360,ACC_102870,0.41,BENEFICIAL_OWNER
ACC_100653,ACC_102870,0.34,BENEFICIAL_OWNER
ACC_100243,ACC_102871,0.31,BENEFICIAL_OWNER
ACC_104797,ACC_102871,0.49,BENEFICIAL_OWNER
ACC_100077,ACC_102874,0.19,BENEFICIAL_OWNER
ACC_104771,ACC_102877,0.7,BENEFICIAL_OWNER
ACC_100793,ACC_102880,0.3,BENEFICIAL_OWNER
ACC_103077,ACC_102881,0.57,BENEFICIAL_OWNER
ACC_103980,ACC_102882,0.68,BENEFICIAL_OWNER
ACC_103876,ACC_102882,0.57,BENEFICIAL_OWNER
ACC_103037,ACC_102889,0.85,BENEFICIAL_OWNER
ACC_102810,ACC_102889,0.72,BENEFICIAL_OWNER
ACC_103264,ACC_102894,0.58,BENEFICIAL_OWNER
ACC_103100,ACC_102894,0.83,BENEFICIAL_OWNER
ACC_100820,ACC_102896,0.47,BENEFICIAL_OWNER
ACC_100025,ACC_102896,0.64,BENEFICIAL_OWNER
ACC_101137,ACC_102899,0.24,BENEFICIAL_OWNER
ACC_100210,ACC_102899,0.52,BENEFICIAL_OWNER
ACC_104930,ACC_102899,0.82,BENEFICIAL_OWNER
ACC_103018,ACC_102906,0.47,BENEFICIAL_OWNER
ACC_103892,ACC_102909,0.61,BENEFICIAL_OWNER
ACC_104218,ACC_102909,0.15,BENEFICIAL_OWNER
ACC_103384,ACC_102909,0.6,BENEFICIAL_OWNER
ACC_100136,ACC_102910,0.76,BENEFICIAL_OWNER
ACC_102950,ACC_102910,0.83,BENEFICIAL_OWNER
ACC_102666,ACC_102915,0.57,BENEFICIAL_OWNER
ACC_103639,ACC_102915,0.43,BENEFICIAL_OWNER
ACC_101913,ACC_102915,0.58,BENEFICIAL_OWNER
ACC_102853,ACC_102916,0.45,BENEFICIAL_OWNER
ACC_100822,ACC_102917,0.36,BENEFICIAL_OWNER
ACC_103152,ACC_102917,0.29,BENEFICIAL_OWNER
ACC_104260,ACC_102918,0.76,BENEFICIAL_OWNER
ACC_104133,ACC_102922,0.5,BENEFICIAL_OWNER
ACC_100260,ACC_102922,0.21,BENEFICIAL_OWNER
ACC_101047,ACC_102922,0.73,BENEFICIAL_OWNER
ACC_103824,ACC_102926,0.82,BENEFICIAL_OWNER
ACC_101376,ACC_102926,0.49,BENEFICIAL_OWNER
ACC_103655,ACC_102926,0.53,BENEFICIAL_OWNER
ACC_101733,ACC_102934,0.27,BENEFICIAL_OWNER
ACC_100732,ACC_102938,0.85,BENEFICIAL_OWNER
ACC_100864,ACC_102938,0.17,BENEFICIAL_OWNER
ACC_103562,ACC_102938,0.8,BENEFICIAL_OWNER
ACC_103141,ACC_102944,0.3,BENEFICIAL_OWNER
ACC_102296,ACC_102944,0.33,BENEFICIAL_OWNER
ACC_101008,ACC_102948,0.8,BENEFICIAL_OWNER
ACC_101112,ACC_102948,0.59,BENEFICIAL_OWNER
ACC_100740,ACC_102949,0.76,BENEFICIAL_OWNER
ACC_102726,ACC_102949,0.8,BENEFICIAL_OWNER
ACC_100529,ACC_102958,0.79,BENEFICIAL_OWNER
ACC_102811,ACC_102958,0.67,BENEFICIAL_OWNER
ACC_103088,ACC_102958,0.66,BENEFICIAL_OWNER
ACC_104603,ACC_102963,0.31,BENEFICIAL_OWNER
ACC_103579,ACC_102963,0.23,BENEFICIAL_OWNER
ACC_101911,ACC_102963,0.21,BENEFICIAL_OWNER
ACC_102787,ACC_102972,0.67,BENEFICIAL_OWNER
ACC_100951,ACC_102976,0.55,BENEFICIAL_OWNER
ACC_102567,ACC_102979,0.82,BENEFICIAL_OWNER
ACC_100013,ACC_102983,0.56,BENEFICIAL_OWNER
ACC_102546,ACC_102983,0.28,BENEFICIAL_OWNER
ACC_100506,ACC_102983,0.42,BENEFICIAL_OWNER
ACC_102618,ACC_102984,0.71,BENEFICIAL_OWNER
ACC_102990,ACC_102984,0.8,BENEFICIAL_OWNER
ACC_104257,ACC_102985,0.61,BENEFICIAL_OWNER
ACC_101819,ACC_102986,0.16,BENEFICIAL_OWNER
ACC_100873,ACC_102986,0.75,BENEFICIAL_OWNER
ACC_103238,ACC_102986,0.37,BENEFICIAL_OWNER
ACC_101793,ACC_102991,0.63,BENEFICIAL_OWNER
ACC_104094,ACC_102991,0.25,BENEFICIAL_OWNER
ACC_101194,ACC_103001,0.57,BENEFICIAL_OWNER
ACC_100281,ACC_103001,0.37,BENEFICIAL_OWNER
ACC_101011,ACC_103005,0.48,BENEFICIAL_OWNER
ACC_102240,ACC_103005,0.73,BENEFICIAL_OWNER
ACC_104701,ACC_103005,0.5,BENEFICIAL_OWNER
ACC_103085,ACC_103006,0.26,BENEFICIAL_OWNER
ACC_100481,ACC_103006,0.65,BENEFICIAL_OWNER
ACC_102729,ACC_103006,0.74,BENEFICIAL_OWNER
ACC_100430,ACC_103011,0.8,BENEFICIAL_OWNER
ACC_103993,ACC_103013,0.66,BENEFICIAL_OWNER
ACC_101304,ACC_103016,0.53,BENEFICIAL_OWNER
ACC_100176,ACC_103016,0.39,BENEFICIAL_OWNER
ACC_103878,ACC_103024,0.42,BENEFICIAL_OWNER
ACC_102853,ACC_103024,0.52,BENEFICIAL_OWNER
ACC_103206,ACC_103024,0.35,BENEFICIAL_OWNER
ACC_101598,ACC_103027,0.22,BENEFICIAL_OWNER
ACC_104489,ACC_103027,0.38,BENEFICIAL_OWNER
ACC_103225,ACC_103027,0.7,BENEFICIAL_OWNER
ACC_102490,ACC_103029,0.47,BENEFICIAL_OWNER
ACC_104728,ACC_103035,0.25,BENEFICIAL_OWNER
ACC_103952,ACC_103043,0.3,BENEFICIAL_OWNER
ACC_102384,ACC_103043,0.71,BENEFICIAL_OWNER
ACC_101186,ACC_103043,0.29,BENEFICIAL_OWNER
ACC_100074,ACC_103055,0.22,BENEFICIAL_OWNER
ACC_102967,ACC_103055,0.7,BENEFICIAL_OWNER
ACC_104715,ACC_103055,0.75,BENEFICIAL_OWNER
ACC_103498,ACC_103056,0.8,BENEFICIAL_OWNER
ACC_101378,ACC_103056,0.22,BENEFICIAL_OWNER
ACC_101471,ACC_103062,0.23,BENEFICIAL_OWNER
ACC_100429,ACC_103062,0.51,BENEFICIAL_OWNER
ACC_104861,ACC_103072,0.83,BENEFICIAL_OWNER
ACC_103553,ACC_103072,0.59,BENEFICIAL_OWNER
ACC_102007,ACC_103093,0.23,BENEFICIAL_OWNER
ACC_100278,ACC_103093,0.43,BENEFICIAL_OWNER
ACC_104883,ACC_103096,0.61,BENEFICIAL_OWNER
ACC_101413,ACC_103096,0.41,BENEFICIAL_OWNER
ACC_100734,ACC_103101,0.34,BENEFICIAL_OWNER
ACC_103798,ACC_103101,0.61,BENEFICIAL_OWNER
ACC_103130,ACC_103101,0.41,BENEFICIAL_OWNER
ACC_100955,ACC_103107,0.21,BENEFICIAL_OWNER
ACC_104175,ACC_103110,0.17,BENEFICIAL_OWNER
ACC_101842,ACC_103110,0.55,BENEFICIAL_OWNER
ACC_103928,ACC_103114,0.71,BENEFICIAL_OWNER
ACC_102242,ACC_103114,0.28,BENEFICIAL_OWNER
ACC_100774,ACC_103114,0.49,BENEFICIAL_OWNER
ACC_103552,ACC_103119,0.24,BENEFICIAL_OWNER
ACC_102444,ACC_103119,0.38,BENEFICIAL_OWNER
ACC_104681,ACC_103119,0.65,BENEFICIAL_OWNER
ACC_101514,ACC_103120,0.43,BENEFICIAL_OWNER
ACC_103320,ACC_103120,0.72,BENEFICIAL_OWNER
ACC_100161,ACC_103120,0.7,BENEFICIAL_OWNER
ACC_104002,ACC_103122,0.74,BENEFICIAL_OWNER
ACC_100523,ACC_103122,0.53,BENEFICIAL_OWNER
ACC_104250,ACC_103122,0.72,BENEFICIAL_OWNER
ACC_101016,ACC_103129,0.28,BENEFICIAL_OWNER
ACC_101699,ACC_103129,0.57,BENEFICIAL_OWNER
ACC_100961,ACC_103129,0.28,BENEFICIAL_OWNER
ACC_103663,ACC_103132,0.18,BENEFICIAL_OWNER
ACC_102574,ACC_103132,0.55,BENEFICIAL_OWNER
ACC_101007,ACC_103132,0.61,BENEFICIAL_OWNER
ACC_104607,ACC_103133,0.33,BENEFICIAL_OWNER
ACC_100693,ACC_103139,0.84,BENEFICIAL_OWNER
ACC_102445,ACC_103140,0.27,BENEFICIAL_OWNER
ACC_102978,ACC_103140,0.83,BENEFICIAL_OWNER
ACC_104459,ACC_103140,0.61,BENEFICIAL_OWNER
ACC_102462,ACC_103141,0.18,BENEFICIAL_OWNER
ACC_102403,ACC_103143,0.25,BENEFICIAL_OWNER
ACC_104375,ACC_103143,0.49,BENEFICIAL_OWNER
ACC_103644,ACC_103143,0.37,BENEFICIAL_OWNER
ACC_104965,ACC_103144,0.51,BENEFICIAL_OWNER
ACC_104409,ACC_103144,0.63,BENEFICIAL_OWNER
ACC_100366,ACC_103146,0.28,BENEFICIAL_OWNER
ACC_101942,ACC_103146,0.36,BENEFICIAL_OWNER
ACC_100300,ACC_103146,0.73,BENEFICIAL_OWNER
ACC_104932,ACC_103147,0.54,BENEFICIAL_OWNER
ACC_102941,ACC_103150,0.66,BENEFICIAL_OWNER
ACC_102272,ACC_103150,0.45,BENEFICIAL_OWNER
ACC_101052,ACC_103150,0.53,BENEFICIAL_OWNER
ACC_103127,ACC_103163,0.43,BENEFICIAL_OWNER
ACC_101337,ACC_103163,0.21,BENEFICIAL_OWNER
ACC_103484,ACC_103177,0.53,BENEFICIAL_OWNER
ACC_101173,ACC_103177,0.2,BENEFICIAL_OWNER
ACC_102206,ACC_103179,0.54,BENEFICIAL_OWNER
ACC_101578,ACC_103179,0.6,BENEFICIAL_OWNER
ACC_103048,ACC_103179,0.51,BENEFICIAL_OWNER
ACC_103438,ACC_103186,0.73,BENEFICIAL_OWNER
ACC_103552,ACC_103189,0.17,BENEFICIAL_OWNER
ACC_103104,ACC_103189,0.57,BENEFICIAL_OWNER
ACC_102212,ACC_103196,0.24,BENEFICIAL_OWNER
ACC_104492,ACC_103197,0.43,BENEFICIAL_OWNER
ACC_100728,ACC_103206,0.79,BENEFICIAL_OWNER
ACC_102972,ACC_103206,0.69,BENEFICIAL_OWNER
ACC_101849,ACC_103209,0.34,BENEFICIAL_OWNER
ACC_103089,ACC_103210,0.84,BENEFICIAL_OWNER
ACC_103101,ACC_103213,0.82,BENEFICIAL_OWNER
ACC_101439,ACC_103216,0.52,BENEFICIAL_OWNER
ACC_104823,ACC_103217,0.22,BENEFICIAL_OWNER
ACC_104010,ACC_103217,0.39,BENEFICIAL_OWNER
ACC_102310,ACC_103223,0.58,BENEFICIAL_OWNER
ACC_104518,ACC_103223,0.78,BENEFICIAL_OWNER
ACC_102220,ACC_103223,0.27,BENEFICIAL_OWNER
ACC_101480,ACC_103225,0.71,BENEFICIAL_OWNER
ACC_102827,ACC_103225,0.62,BENEFICIAL_OWNER
ACC_104519,ACC_103227,0.48,BENEFICIAL_OWNER
ACC_104871,ACC_103227,0.24,BENEFICIAL_OWNER
ACC_103298,ACC_103227,0.16,BENEFICIAL_OWNER
ACC_101273,ACC_103231,0.42,BENEFICIAL_OWNER
ACC_101035,ACC_103231,0.66,BENEFICIAL_OWNER
ACC_101168,ACC_103231,0.19,BENEFICIAL_OWNER
ACC_103032,ACC_103232,0.44,BENEFICIAL_OWNER
ACC_102040,ACC_103232,0.47,BENEFICIAL_OWNER
ACC_104986,ACC_103232,0.46,BENEFICIAL_OWNER
ACC_103839,ACC_103234,0.35,BENEFICIAL_OWNER
ACC_104114,ACC_103234,0.82,BENEFICIAL_OWNER
ACC_101874,ACC_103243,0.81,BENEFICIAL_OWNER
ACC_102500,ACC_103243,0.43,BENEFICIAL_OWNER
ACC_100712,ACC_103243,0.37,BENEFICIAL_OWNER
ACC_100651,ACC_103247,0.2,BENEFICIAL_OWNER
ACC_100767,ACC_103253,0.27,BENEFICIAL_OWNER
ACC_100692,ACC_103254,0.67,BENEFICIAL_OWNER
ACC_104037,ACC_103256,0.62,BENEFICIAL_OWNER
ACC_100087,ACC_103256,0.8,BENEFICIAL_OWNER
ACC_103473,ACC_103256,0.25,BENEFICIAL_OWNER
ACC_104218,ACC_103258,0.64,BENEFICIAL_OWNER
ACC_104361,ACC_103258,0.43,BENEFICIAL_OWNER
ACC_101557,ACC_103259,0.64,BENEFICIAL_OWNER
ACC_100059,ACC_103259,0.67,BENEFICIAL_OWNER
ACC_103481,ACC_103259,0.32,BENEFICIAL_OWNER
ACC_104326,ACC_103261,0.58,BENEFICIAL_OWNER
ACC_104990,ACC_103261,0.83,BENEFICIAL_OWNER
ACC_100346,ACC_103261,0.62,BENEFICIAL_OWNER
ACC_101843,ACC_103266,0.41,BENEFICIAL_OWNER
ACC_101432,ACC_103266,0.24,BENEFICIAL_OWNER
ACC_100615,ACC_103266,0.4,BENEFICIAL_OWNER
ACC_103462,ACC_103271,0.5,BENEFICIAL_OWNER
ACC_103057,ACC_103277,0.83,BENEFICIAL_OWNER
ACC_102046,ACC_103279,0.75,BENEFICIAL_OWNER
ACC_104416,ACC_103279,0.75,BENEFICIAL_OWNER
ACC_102450,ACC_103288,0.36,BENEFICIAL_OWNER
ACC_103957,ACC_103288,0.3,BENEFICIAL_OWNER
ACC_104659,ACC_103290,0.8,BENEFICIAL_OWNER
ACC_103224,ACC_103290,0.8,BENEFICIAL_OWNER
ACC_101781,ACC_103290,0.82,BENEFICIAL_OWNER
ACC_100290,ACC_103299,0.19,BENEFICIAL_OWNER
ACC_103793,ACC_103299,0.15,BENEFICIAL_OWNER
ACC_103999,ACC_103299,0.47,BENEFICIAL_OWNER
ACC_102899,ACC_103304,0.15,BENEFICIAL_OWNER
ACC_100877,ACC_103304,0.77,BENEFICIAL_OWNER
ACC_103293,ACC_103305,0.4,BENEFICIAL_OWNER
ACC_103529,ACC_103312,0.49,BENEFICIAL_OWNER
ACC_104334,ACC_103313,0.51,BENEFICIAL_OWNER
ACC_103364,ACC_103318,0.24,BENEFICIAL_OWNER
ACC_100056,ACC_103320,0.69,BENEFICIAL_OWNER
ACC_101274,ACC_103320,0.33,BENEFICIAL_OWNER
ACC_103238,ACC_103323,0.36,BENEFICIAL_OWNER
ACC_103066,ACC_103323,0.45,BENEFICIAL_OWNER
ACC_104394,ACC_103332,0.72,BENEFICIAL_OWNER
ACC_103592,ACC_103341,0.61,BENEFICIAL_OWNER
ACC_101325,ACC_103345,0.4,BENEFICIAL_OWNER
ACC_101145,ACC_103345,0.45,BENEFICIAL_OWNER
ACC_101625,ACC_103349,0.28,BENEFICIAL_OWNER
ACC_100906,ACC_103349,0.18,BENEFICIAL_OWNER
ACC_103449,ACC_103353,0.78,BENEFICIAL_OWNER
ACC_102713,ACC_103353,0.26,BENEFICIAL_OWNER
ACC_103926,ACC_103357,0.82,BENEFICIAL_OWNER
ACC_100973,ACC_103360,0.49,BENEFICIAL_OWNER
ACC_103449,ACC_103360,0.5,BENEFICIAL_OWNER
ACC_101043,ACC_103361,0.5,BENEFICIAL_OWNER
ACC_102661,ACC_103361,0.8,BENEFICIAL_OWNER
ACC_103275,ACC_103361,0.74,BENEFICIAL_OWNER
ACC_101076,ACC_103364,0.82,BENEFICIAL_OWNER
ACC_100898,ACC_103364,0.7,BENEFICIAL_OWNER
ACC_101274,ACC_103366,0.39,BENEFICIAL_OWNER
ACC_101937,ACC_103368,0.19,BENEFICIAL_OWNER
ACC_103519,ACC_103374,0.67,BENEFICIAL_OWNER
ACC_104891,ACC_103374,0.45,BENEFICIAL_OWNER
ACC_102311,ACC_103378,0.21,BENEFICIAL_OWNER
ACC_103980,ACC_103378,0.45,BENEFICIAL_OWNER
ACC_101249,ACC_103379,0.32,BENEFICIAL_OWNER
ACC_104188,ACC_103379,0.69,BENEFICIAL_OWNER
ACC_101530,ACC_103379,0.75,BENEFICIAL_OWNER
ACC_102026,ACC_103382,0.48,BENEFICIAL_OWNER
ACC_103515,ACC_103382,0.7,BENEFICIAL_OWNER
ACC_101625,ACC_103382,0.22,BENEFICIAL_OWNER
ACC_104115,ACC_103383,0.84,BENEFICIAL_OWNER
ACC_101484,ACC_103383,0.56,BENEFICIAL_OWNER
ACC_101545,ACC_103383,0.59,BENEFICIAL_OWNER
ACC_100986,ACC_103384,0.24,BENEFICIAL_OWNER
ACC_102243,ACC_103389,0.84,BENEFICIAL_OWNER
ACC_103492,ACC_103393,0.16,BENEFICIAL_OWNER
ACC_100744,ACC_103394,0.76,BENEFICIAL_OWNER
ACC_103336,ACC_103395,0.36,BENEFICIAL_OWNER
ACC_104300,ACC_103395,0.59,BENEFICIAL_OWNER
ACC_101816,ACC_103398,0.39,BENEFICIAL_OWNER
ACC_100502,ACC_103405,0.45,BENEFICIAL_OWNER
ACC_104176,ACC_103405,0.19,BENEFICIAL_OWNER
ACC_102205,ACC_103409,0.4,BENEFICIAL_OWNER
ACC_103424,ACC_103411,0.37,BENEFICIAL_OWNER
ACC_102023,ACC_103411,0.18,BENEFICIAL_OWNER
ACC_100004,ACC_103415,0.19,BENEFICIAL_OWNER
ACC_102634,ACC_103417,0.48,BENEFICIAL_OWNER
ACC_101736,ACC_103417,0.79,BENEFICIAL_OWNER
ACC_102337,ACC_103417,0.22,BENEFICIAL_OWNER
ACC_102066,ACC_103420,0.81,BENEFICIAL_OWNER
ACC_102738,ACC_103422,0.23,BENEFICIAL_OWNER
ACC_102493,ACC_103422,0.62,BENEFICIAL_OWNER
ACC_104520,ACC_103426,0.4,BENEFICIAL_OWNER
ACC_101067,ACC_103426,0.72,BENEFICIAL_OWNER
ACC_102713,ACC_103426,0.67,BENEFICIAL_OWNER
ACC_104332,ACC_103429,0.32,BENEFICIAL_OWNER
ACC_104953,ACC_103429,0.34,BENEFICIAL_OWNER
ACC_103044,ACC_103429,0.56,BENEFICIAL_OWNER
ACC_100871,ACC_103431,0.24,BENEFICIAL_OWNER
ACC_104930,ACC_103437,0.56,BENEFICIAL_OWNER
ACC_100985,ACC_103437,0.79,BENEFICIAL_OWNER
ACC_100336,ACC_103437,0.61,BENEFICIAL_OWNER
ACC_101580,ACC_103439,0.64,BENEFICIAL_OWNER
ACC_100613,ACC_103440,0.81,BENEFICIAL_OWNER
ACC_102809,ACC_103442,0.84,BENEFICIAL_OWNER
ACC_102469,ACC_103442,0.29,BENEFICIAL_OWNER
ACC_103884,ACC_103442,0.65,BENEFICIAL_OWNER
ACC_101047,ACC_103446,0.28,BENEFICIAL_OWNER
ACC_102068,ACC_103448,0.78,BENEFICIAL_OWNER
ACC_104590,ACC_103448,0.46,BENEFICIAL_OWNER
ACC_102845,ACC_103448,0.65,BENEFICIAL_OWNER
ACC_100554,ACC_103454,0.44,BENEFICIAL_OWNER
ACC_103955,ACC_103454,0.8,BENEFICIAL_OWNER
ACC_100179,ACC_103460,0.34,BENEFICIAL_OWNER
ACC_101367,ACC_103460,0.83,BENEFICIAL_OWNER
ACC_104908,ACC_103460,0.35,BENEFICIAL_OWNER
ACC_100498,ACC_103467,0.5,BENEFICIAL_OWNER
ACC_101558,ACC_103467,0.52,BENEFICIAL_OWNER
ACC_103256,ACC_103467,0.51,BENEFICIAL_OWNER
ACC_101355,ACC_103470,0.46,BENEFICIAL_OWNER
ACC_103146,ACC_103474,0.43,BENEFICIAL_OWNER
ACC_104607,ACC_103474,0.34,BENEFICIAL_OWNER
ACC_103196,ACC_103474,0.28,BENEFICIAL_OWNER
ACC_104684,ACC_103475,0.3,BENEFICIAL_OWNER
ACC_100072,ACC_103477,0.5,BENEFICIAL_OWNER
ACC_104200,ACC_103477,0.65,BENEFICIAL_OWNER
ACC_103730,ACC_103477,0.33,BENEFICIAL_OWNER
ACC_102427,ACC_103481,0.65,BENEFICIAL_OWNER
ACC_100975,ACC_103483,0.18,BENEFICIAL_OWNER
ACC_101401,ACC_103483,0.32,BENEFICIAL_OWNER
ACC_101834,ACC_103483,0.18,BENEFICIAL_OWNER
ACC_102275,ACC_103489,0.8,BENEFICIAL_OWNER
ACC_100422,ACC_103491,0.84,BENEFICIAL_OWNER
ACC_102039,ACC_103491,0.3,BENEFICIAL_OWNER
ACC_100011,ACC_103492,0.6,BENEFICIAL_OWNER
ACC_104957,ACC_103495,0.21,BENEFICIAL_OWNER
ACC_103023,ACC_103495,0.64,BENEFICIAL_OWNER
ACC_102658,ACC_103495,0.53,BENEFICIAL_OWNER
ACC_101094,ACC_103497,0.38,BENEFICIAL_OWNER
ACC_103345,ACC_103497,0.19,BENEFICIAL_OWNER
ACC_102415,ACC_103497,0.72,BENEFICIAL_OWNER
ACC_101796,ACC_103501,0.27,BENEFICIAL_OWNER
ACC_102291,ACC_103501,0.83,BENEFICIAL_OWNER
ACC_104778,ACC_103511,0.81,BENEFICIAL_OWNER
ACC_100871,ACC_103511,0.33,BENEFICIAL_OWNER
ACC_103129,ACC_103511,0.59,BENEFICIAL_OWNER
ACC_104512,ACC_103520,0.3,BENEFICIAL_OWNER
ACC_101688,ACC_103520,0.34,BENEFICIAL_OWNER
ACC_103622,ACC_103520,0.56,BENEFICIAL_OWNER
ACC_101275,ACC_103522,0.31,BENEFICIAL_OWNER
ACC_103654,ACC_103522,0.66,BENEFICIAL_OWNER
ACC_101215,ACC_103525,0.22,BENEFICIAL_OWNER
ACC_103924,ACC_103525,0.28,BENEFICIAL_OWNER
ACC_101442,ACC_103526,0.28,BENEFICIAL_OWNER
ACC_101477,ACC_103528,0.16,BENEFICIAL_OWNER
ACC_102310,ACC_103528,0.26,BENEFICIAL_OWNER
ACC_103229,ACC_103529,0.63,BENEFICIAL_OWNER
ACC_100568,ACC_103530,0.25,BENEFICIAL_OWNER
ACC_102009,ACC_103548,0.79,BENEFICIAL_OWNER
ACC_103727,ACC_103548,0.83,BENEFICIAL_OWNER
ACC_104315,ACC_103551,0.25,BENEFICIAL_OWNER
ACC_104942,ACC_103554,0.22,BENEFICIAL_OWNER
ACC_100169,ACC_103558,0.73,BENEFICIAL_OWNER
ACC_100901,ACC_103558,0.68,BENEFICIAL_OWNER
ACC_100358,ACC_103560,0.69,BENEFICIAL_OWNER
ACC_101082,ACC_103560,0.34,BENEFICIAL_OWNER
ACC_102034,ACC_103560,0.81,BENEFICIAL_OWNER
ACC_100110,ACC_103568,0.53,BENEFICIAL_OWNER
ACC_100076,ACC_103568,0.72,BENEFICIAL_OWNER
ACC_100871,ACC_103568,0.75,BENEFICIAL_OWNER
ACC_101657,ACC_103570,0.25,BENEFICIAL_OWNER
ACC_103639,ACC_103571,0.38,BENEFICIAL_OWNER
ACC_101336,ACC_103571,0.26,BENEFICIAL_OWNER
ACC_102518,ACC_103571,0.19,BENEFICIAL_OWNER
ACC_102191,ACC_103572,0.16,BENEFICIAL_OWNER
ACC_104453,ACC_103572,0.18,BENEFICIAL_OWNER
ACC_101008,ACC_103572,0.53,BENEFICIAL_OWNER
ACC_104190,ACC_103573,0.77,BENEFICIAL_OWNER
ACC_101161,ACC_103575,0.79,BENEFICIAL_OWNER
ACC_100009,ACC_103575,0.17,BENEFICIAL_OWNER
ACC_103157,ACC_103576,0.4,BENEFICIAL_OWNER
ACC_101207,ACC_103576,0.35,BENEFICIAL_OWNER
ACC_103151,ACC_103583,0.27,BENEFICIAL_OWNER
ACC_100920,ACC_103583,0.23,BENEFICIAL_OWNER
ACC_104028,ACC_103583,0.22,BENEFICIAL_OWNER
ACC_102927,ACC_103588,0.58,BENEFICIAL_OWNER
ACC_100624,ACC_103588,0.23,BENEFICIAL_OWNER
ACC_100355,ACC_103591,0.57,BENEFICIAL_OWNER
ACC_103511,ACC_103597,0.52,BENEFICIAL_OWNER
ACC_101485,ACC_103599,0.78,BENEFICIAL_OWNER
ACC_103483,ACC_103599,0.63,BENEFICIAL_OWNER
ACC_101230,ACC_103599,0.59,BENEFICIAL_OWNER
ACC_102853,ACC_103602,0.34,BENEFICIAL_OWNER
ACC_100851,ACC_103602,0.5,BENEFICIAL_OWNER
ACC_102174,ACC_103609,0.7,BENEFICIAL_OWNER
ACC_100625,ACC_103609,0.75,BENEFICIAL_OWNER
ACC_101200,ACC_103610,0.37,BENEFICIAL_OWNER
ACC_103659,ACC_103612,0.72,BENEFICIAL_OWNER
ACC_103919,ACC_103612,0.23,BENEFICIAL_OWNER
ACC_102281,ACC_103613,0.21,BENEFICIAL_OWNER
ACC_101185,ACC_103613,0.85,BENEFICIAL_OWNER
ACC_103154,ACC_103614,0.4,BENEFICIAL_OWNER
ACC_103472,ACC_103620,0.64,BENEFICIAL_OWNER
ACC_103942,ACC_103620,0.44,BENEFICIAL_OWNER
ACC_102731,ACC_103625,0.42,BENEFICIAL_OWNER
ACC_101132,ACC_103625,0.53,BENEFICIAL_OWNER
ACC_102014,ACC_103625,0.53,BENEFICIAL_OWNER
ACC_104362,ACC_103632,0.72,BENEFICIAL_OWNER
ACC_104392,ACC_103632,0.42,BENEFICIAL_OWNER
ACC_103455,ACC_103639,0.69,BENEFICIAL_OWNER
ACC_104316,ACC_103639,0.72,BENEFICIAL_OWNER
ACC_104733,ACC_103639,0.3,BENEFICIAL_OWNER
ACC_101926,ACC_103644,0.4,BENEFICIAL_OWNER
ACC_100140,ACC_103653,0.4,BENEFICIAL_OWNER
ACC_101094,ACC_103654,0.19,BENEFICIAL_OWNER
ACC_100902,ACC_103654,0.39,BENEFICIAL_OWNER
ACC_102414,ACC_103655,0.47,BENEFICIAL_OWNER
ACC_103449,ACC_103666,0.73,BENEFICIAL_OWNER
ACC_101986,ACC_103666,0.19,BENEFICIAL_OWNER
ACC_101726,ACC_103666,0.25,BENEFICIAL_OWNER
ACC_101172,ACC_103670,0.64,BENEFICIAL_OWNER
ACC_103092,ACC_103670,0.45,BENEFICIAL_OWNER
ACC_100215,ACC_103670,0.19,BENEFICIAL_OWNER
ACC_104764,ACC_103678,0.2,BENEFICIAL_OWNER
ACC_101295,ACC_103691,0.41,BENEFICIAL_OWNER
ACC_100247,ACC_103691,0.21,BENEFICIAL_OWNER
ACC_101203,ACC_103691,0.2,BENEFICIAL_OWNER
ACC_103411,ACC_103696,0.48,BENEFICIAL_OWNER
ACC_101226,ACC_103696,0.25,BENEFICIAL_OWNER
ACC_101494,ACC_103696,0.52,BENEFICIAL_OWNER
ACC_103851,ACC_103727,0.66,BENEFICIAL_OWNER
ACC_103371,ACC_103727,0.46,BENEFICIAL_OWNER
ACC_100108,ACC_103731,0.26,BENEFICIAL_OWNER
ACC_102349,ACC_103731,0.77,BENEFICIAL_OWNER
ACC_100911,ACC_103731,0.17,BENEFICIAL_OWNER
ACC_104122,ACC_103733,0.26,BENEFICIAL_OWNER
ACC_103470,ACC_103735,0.54,BENEFICIAL_OWNER
ACC_103721,ACC_103735,0.73,BENEFICIAL_OWNER
ACC_104111,ACC_103736,0.45,BENEFICIAL_OWNER
ACC_102507,ACC_103736,0.26,BENEFICIAL_OWNER
ACC_101862,ACC_103736,0.83,BENEFICIAL_OWNER
ACC_103092,ACC_103739,0.43,BENEFICIAL_OWNER
ACC_101025,ACC_103739,0.19,BENEFICIAL_OWNER
ACC_101735,ACC_103739,0.42,BENEFICIAL_OWNER
ACC_104581,ACC_103747,0.72,BENEFICIAL_OWNER
ACC_104956,ACC_103747,0.48,BENEFICIAL_OWNER
ACC_100632,ACC_103747,0.37,BENEFICIAL_OWNER
ACC_103318,ACC_103755,0.19,BENEFICIAL_OWNER
ACC_103116,ACC_103755,0.41,BENEFICIAL_OWNER
ACC_101350,ACC_103755,0.45,BENEFICIAL_OWNER
ACC_100888,ACC_103759,0.2,BENEFICIAL_OWNER
ACC_100855,ACC_103759,0.57,BENEFICIAL_OWNER
ACC_100229,ACC_103767,0.35,BENEFICIAL_OWNER
ACC_101962,ACC_103767,0.53,BENEFICIAL_OWNER
ACC_101735,ACC_103768,0.57,BENEFICIAL_OWNER
ACC_101537,ACC_103773,0.29,BENEFICIAL_OWNER
ACC_104519,ACC_103773,0.8,BENEFICIAL_OWNER
ACC_102205,ACC_103774,0.21,BENEFICIAL_OWNER
ACC_104626,ACC_103775,0.84,BENEFICIAL_OWNER
ACC_100367,ACC_103775,0.49,BENEFICIAL_OWNER
ACC_104618,ACC_103775,0.18,BENEFICIAL_OWNER
ACC_102528,ACC_103783,0.16,BENEFICIAL_OWNER
ACC_102313,ACC_103784,0.5,BENEFICIAL_OWNER
ACC_103261,ACC_103784,0.37,BENEFICIAL_OWNER
ACC_102915,ACC_103789,0.64,BENEFICIAL_OWNER
ACC_101061,ACC_103789,0.22,BENEFICIAL_OWNER
ACC_104125,ACC_103799,0.5,BENEFICIAL_OWNER
ACC_100827,ACC_103799,0.69,BENEFICIAL_OWNER
ACC_104810,ACC_103806,0.71,BENEFICIAL_OWNER
ACC_104803,ACC_103809,0.35,BENEFICIAL_OWNER
ACC_100306,ACC_103809,0.26,BENEFICIAL_OWNER
ACC_100645,ACC_103810,0.82,BENEFICIAL_OWNER
ACC_100764,ACC_103810,0.31,BENEFICIAL_OWNER
ACC_101153,ACC_103813,0.69,BENEFICIAL_OWNER
ACC_104109,ACC_103814,0.51,BENEFICIAL_OWNER
ACC_104986,ACC_103827,0.46,BENEFICIAL_OWNER
ACC_104286,ACC_103827,0.24,BENEFICIAL_OWNER
ACC_102796,ACC_103827,0.35,BENEFICIAL_OWNER
ACC_103529,ACC_103831,0.32,BENEFICIAL_OWNER
ACC_100327,ACC_103831,0.85,BENEFICIAL_OWNER
ACC_103175,ACC_103831,0.57,BENEFICIAL_OWNER
ACC_104644,ACC_103834,0.59,BENEFICIAL_OWNER
ACC_100797,ACC_103835,0.25,BENEFICIAL_OWNER
ACC_100122,ACC_103835,0.76,BENEFICIAL_OWNER
ACC_100714,ACC_103836,0.47,BENEFICIAL_OWNER
ACC_104087,ACC_103836,0.27,BENEFICIAL_OWNER
ACC_100770,ACC_103836,0.36,BENEFICIAL_OWNER
ACC_102294,ACC_103840,0.55,BENEFICIAL_OWNER
ACC_100730,ACC_103847,0.28,BENEFICIAL_OWNER
ACC_100582,ACC_103847,0.69,BENEFICIAL_OWNER
ACC_103876,ACC_103850,0.68,BENEFICIAL_OWNER
ACC_102097,ACC_103850,0.46,BENEFICIAL_OWNER
ACC_101015,ACC_103862,0.83,BENEFICIAL_OWNER
ACC_100324,ACC_103864,0.75,BENEFICIAL_OWNER
ACC_102977,ACC_103864,0.43,BENEFICIAL_OWNER
ACC_101056,ACC_103868,0.51,BENEFICIAL_OWNER
ACC_103611,ACC_103868,0.59,BENEFICIAL_OWNER
ACC_103004,ACC_103868,0.37,BENEFICIAL_OWNER
ACC_103384,ACC_103879,0.5,BENEFICIAL_OWNER
ACC_100349,ACC_103889,0.67,BENEFICIAL_OWNER
ACC_100467,ACC_103889,0.32,BENEFICIAL_OWNER
ACC_100065,ACC_103891,0.35,BENEFICIAL_OWNER
ACC_101266,ACC_103891,0.26,BENEFICIAL_OWNER
ACC_100862,ACC_103891,0.43,BENEFICIAL_OWNER
ACC_101827,ACC_103892,0.42,BENEFICIAL_OWNER
ACC_100765,ACC_103898,0.48,BENEFICIAL_OWNER
ACC_102858,ACC_103898,0.6,BENEFICIAL_OWNER
ACC_100893,ACC_103901,0.28,BENEFICIAL_OWNER
ACC_100703,ACC_103901,0.23,BENEFICIAL_OWNER
ACC_103548,ACC_103909,0.43,BENEFICIAL_OWNER
ACC_101634,ACC_103909,0.2,BENEFICIAL_OWNER
ACC_104950,ACC_103913,0.3,BENEFICIAL_OWNER
ACC_103983,ACC_103913,0.67,BENEFICIAL_OWNER
ACC_102280,ACC_103922,0.47,BENEFICIAL_OWNER
ACC_101275,ACC_103923,0.6,BENEFICIAL_OWNER
ACC_103849,ACC_103923,0.37,BENEFICIAL_OWNER
ACC_101192,ACC_103923,0.17,BENEFICIAL_OWNER
ACC_103115,ACC_103926,0.7,BENEFICIAL_OWNER
ACC_100511,ACC_103926,0.83,BENEFICIAL_OWNER
ACC_102961,ACC_103926,0.3,BENEFICIAL_OWNER
ACC_100187,ACC_103935,0.82,BENEFICIAL_OWNER
ACC_103464,ACC_103936,0.59,BENEFICIAL_OWNER
ACC_102210,ACC_103936,0.21,BENEFICIAL_OWNER
ACC_102064,ACC_103936,0.2,BENEFICIAL_OWNER
ACC_100669,ACC_103946,0.76,BENEFICIAL_OWNER
ACC_102443,ACC_103946,0.47,BENEFICIAL_OWNER
ACC_104298,ACC_103955,0.62,BENEFICIAL_OWNER
ACC_101753,ACC_103955,0.33,BENEFICIAL_OWNER
ACC_100757,ACC_103962,0.78,BENEFICIAL_OWNER
ACC_102801,ACC_103963,0.27,BENEFICIAL_OWNER
ACC_102432,ACC_103963,0.39,BENEFICIAL_OWNER
ACC_103945,ACC_103964,0.52,BENEFICIAL_OWNER
ACC_103895,ACC_103964,0.7,BENEFICIAL_OWNER
ACC_103578,ACC_103965,0.42,BENEFICIAL_OWNER
ACC_102905,ACC_103965,0.16,BENEFICIAL_OWNER
ACC_104672,ACC_103965,0.7,BENEFICIAL_OWNER
ACC_101626,ACC_103971,0.58,BENEFICIAL_OWNER
ACC_100637,ACC_103971,0.38,BENEFICIAL_OWNER
ACC_104738,ACC_103971,0.84,BENEFICIAL_OWNER
ACC_102592,ACC_103974,0.78,BENEFICIAL_OWNER
ACC_100116,ACC_103974,0.8,BENEFICIAL_OWNER
ACC_101232,ACC_103974,0.5,BENEFICIAL_OWNER
ACC_100930,ACC_103975,0.33,BENEFICIAL_OWNER
ACC_103329,ACC_103975,0.66,BENEFICIAL_OWNER
ACC_101029,ACC_103977,0.6,BENEFICIAL_OWNER
ACC_103680,ACC_103977,0.55,BENEFICIAL_OWNER
ACC_101790,ACC_103980,0.67,BENEFICIAL_OWNER
ACC_103442,ACC_103985,0.64,BENEFICIAL_OWNER
ACC_104922,ACC_103988,0.41,BENEFICIAL_OWNER
ACC_101718,ACC_103993,0.83,BENEFICIAL_OWNER
ACC_101565,ACC_103993,0.55,BENEFICIAL_OWNER
ACC_103033,ACC_103994,0.72,BENEFICIAL_OWNER
ACC_102473,ACC_103999,0.78,BENEFICIAL_OWNER
ACC_101021,ACC_104003,0.44,BENEFICIAL_OWNER
ACC_104088,ACC_104003,0.4,BENEFICIAL_OWNER
ACC_103735,ACC_104003,0.73,BENEFICIAL_OWNER
ACC_104285,ACC_104005,0.23,BENEFICIAL_OWNER
ACC_102751,ACC_104005,0.27,BENEFICIAL_OWNER
ACC_103056,ACC_104011,0.54,BENEFICIAL_OWNER
ACC_101449,ACC_104011,0.26,BENEFICIAL_OWNER
ACC_103125,ACC_104013,0.74,BENEFICIAL_OWNER
ACC_102334,ACC_104013,0.63,BENEFICIAL_OWNER
ACC_102320,ACC_104017,0.85,BENEFICIAL_OWNER
ACC_100812,ACC_104017,0.71,BENEFICIAL_OWNER
ACC_100734,ACC_104020,0.6,BENEFICIAL_OWNER
ACC_103369,ACC_104024,0.67,BENEFICIAL_OWNER
ACC_100849,ACC_104024,0.59,BENEFICIAL_OWNER
ACC_104066,ACC_104024,0.53,BENEFICIAL_OWNER
ACC_103638,ACC_104026,0.71,BENEFICIAL_OWNER
ACC_104123,ACC_104026,0.62,BENEFICIAL_OWNER
ACC_104761,ACC_104026,0.75,BENEFICIAL_OWNER
ACC_101825,ACC_104027,0.69,BENEFICIAL_OWNER
ACC_103121,ACC_104031,0.75,BENEFICIAL_OWNER
ACC_100937,ACC_104031,0.82,BENEFICIAL_OWNER
ACC_101602,ACC_104031,0.4,BENEFICIAL_OWNER
ACC_103382,ACC_104032,0.16,BENEFICIAL_OWNER
ACC_103242,ACC_104032,0.41,BENEFICIAL_OWNER
ACC_104157,ACC_104037,0.35,BENEFICIAL_OWNER
ACC_102166,ACC_104043,0.62,BENEFICIAL_OWNER
ACC_102518,ACC_104043,0.15,BENEFICIAL_OWNER
ACC_103397,ACC_104043,0.79,BENEFICIAL_OWNER
ACC_100127,ACC_104045,0.17,BENEFICIAL_OWNER
ACC_104251,ACC_104050,0.37,BENEFICIAL_OWNER
ACC_104914,ACC_104050,0.27,BENEFICIAL_OWNER
ACC_103522,ACC_104052,0.83,BENEFICIAL_OWNER
ACC_101981,ACC_104052,0.28,BENEFICIAL_OWNER
ACC_104552,ACC_104052,0.6,BENEFICIAL_OWNER
ACC_104733,ACC_104056,0.45,BENEFICIAL_OWNER
ACC_103198,ACC_104064,0.78,BENEFICIAL_OWNER
ACC_101423,ACC_104064,0.51,BENEFICIAL_OWNER
ACC_103302,ACC_104064,0.46,BENEFICIAL_OWNER
ACC_101034,ACC_104065,0.5,BENEFICIAL_OWNER
ACC_104726,ACC_104066,0.74,BENEFICIAL_OWNER
ACC_103211,ACC_104066,0.26,BENEFICIAL_OWNER
ACC_102131,ACC_104066,0.38,BENEFICIAL_OWNER
ACC_100764,ACC_104072,0.17,BENEFICIAL_OWNER
ACC_104860,ACC_104077,0.26,BENEFICIAL_OWNER
ACC_104453,ACC_104080,0.42,BENEFICIAL_OWNER
ACC_100645,ACC_104080,0.67,BENEFICIAL_OWNER
ACC_104684,ACC_104080,0.24,BENEFICIAL_OWNER
ACC_102933,ACC_104085,0.32,BENEFICIAL_OWNER
ACC_101528,ACC_104085,0.78,BENEFICIAL_OWNER
ACC_101587,ACC_104095,0.74,BENEFICIAL_OWNER
ACC_104386,ACC_104095,0.66,BENEFICIAL_OWNER
ACC_102133,ACC_104101,0.34,BENEFICIAL_OWNER
ACC_100423,ACC_104101,0.8,BENEFICIAL_OWNER
ACC_100189,ACC_104110,0.23,BENEFICIAL_OWNER
ACC_104746,ACC_104110,0.8,BENEFICIAL_OWNER
ACC_100847,ACC_104110,0.24,BENEFICIAL_OWNER
ACC_102313,ACC_104116,0.33,BENEFICIAL_OWNER
ACC_100760,ACC_104124,0.2,BENEFICIAL_OWNER
ACC_101703,ACC_104125,0.22,BENEFICIAL_OWNER
ACC_103201,ACC_104125,0.71,BENEFICIAL_OWNER
ACC_100602,ACC_104131,0.82,BENEFICIAL_OWNER
ACC_103985,ACC_104131,0.2,BENEFICIAL_OWNER
ACC_103439,ACC_104132,0.59,BENEFICIAL_OWNER
ACC_103074,ACC_104132,0.47,BENEFICIAL_OWNER
ACC_102568,ACC_104132,0.26,BENEFICIAL_OWNER
ACC_100083,ACC_104141,0.61,BENEFICIAL_OWNER
ACC_101463,ACC_104141,0.59,BENEFICIAL_OWNER
ACC_100960,ACC_104145,0.83,BENEFICIAL_OWNER
ACC_103964,ACC_104147,0.53,BENEFICIAL_OWNER
ACC_104915,ACC_104147,0.26,BENEFICIAL_OWNER
ACC_102084,ACC_104150,0.57,BENEFICIAL_OWNER
ACC_100996,ACC_104150,0.53,BENEFICIAL_OWNER
ACC_101579,ACC_104150,0.51,BENEFICIAL_OWNER
ACC_101771,ACC_104158,0.76,BENEFICIAL_OWNER
ACC_101777,ACC_104159,0.17,BENEFICIAL_OWNER
ACC_101800,ACC_104164,0.21,BENEFICIAL_OWNER
ACC_101036,ACC_104166,0.49,BENEFICIAL_OWNER
ACC_102192,ACC_104166,0.82,BENEFICIAL_OWNER
ACC_102241,ACC_104166,0.39,BENEFICIAL_OWNER
ACC_102411,ACC_104167,0.46,BENEFICIAL_OWNER
ACC_103826,ACC_104167,0.81,BENEFICIAL_OWNER
ACC_104061,ACC_104167,0.8,BENEFICIAL_OWNER
ACC_101416,ACC_104168,0.63,BENEFICIAL_OWNER
ACC_101621,ACC_104168,0.77,BENEFICIAL_OWNER
ACC_103218,ACC_104170,0.56,BENEFICIAL_OWNER
ACC_100842,ACC_104170,0.69,BENEFICIAL_OWNER
ACC_101357,ACC_104172,0.82,BENEFICIAL_OWNER
ACC_101686,ACC_104172,0.49,BENEFICIAL_OWNER
ACC_103471,ACC_104173,0.67,BENEFICIAL_OWNER
ACC_104885,ACC_104173,0.72,BENEFICIAL_OWNER
ACC_100881,ACC_104175,0.45,BENEFICIAL_OWNER
ACC_104974,ACC_104175,0.55,BENEFICIAL_OWNER
ACC_103137,ACC_104175,0.41,BENEFICIAL_OWNER
ACC_100526,ACC_104176,0.77,BENEFICIAL_OWNER
ACC_103681,ACC_104176,0.82,BENEFICIAL_OWNER
ACC_101370,ACC_104176,0.33,BENEFICIAL_OWNER
ACC_102404,ACC_104180,0.73,BENEFICIAL_OWNER
ACC_104947,ACC_104180,0.6,BENEFICIAL_OWNER
ACC_102885,ACC_104193,0.23,BENEFICIAL_OWNER
ACC_103262,ACC_104193,0.72,BENEFICIAL_OWNER
ACC_100245,ACC_104193,0.45,BENEFICIAL_OWNER
ACC_102930,ACC_104196,0.32,BENEFICIAL_OWNER
ACC_103044,ACC_104197,0.41,BENEFICIAL_OWNER
ACC_101001,ACC_104199,0.37,BENEFICIAL_OWNER
ACC_100078,ACC_104199,0.16,BENEFICIAL_OWNER
ACC_101751,ACC_104208,0.55,BENEFICIAL_OWNER
ACC_103812,ACC_104208,0.38,BENEFICIAL_OWNER
ACC_104600,ACC_104209,0.2,BENEFICIAL_OWNER
ACC_104929,ACC_104217,0.52,BENEFICIAL_OWNER
ACC_101738,ACC_104217,0.22,BENEFICIAL_OWNER
ACC_104979,ACC_104227,0.55,BENEFICIAL_OWNER
ACC_100612,ACC_104227,0.6,BENEFICIAL_OWNER
ACC_103565,ACC_104229,0.29,BENEFICIAL_OWNER
ACC_102603,ACC_104229,0.18,BENEFICIAL_OWNER
ACC_102622,ACC_104229,0.5,BENEFICIAL_OWNER
ACC_102248,ACC_104230,0.44,BENEFICIAL_OWNER
ACC_103709,ACC_104232,0.27,BENEFICIAL_OWNER
ACC_104842,ACC_104237,0.32,BENEFICIAL_OWNER
ACC_103136,ACC_104237,0.16,BENEFICIAL_OWNER
ACC_104716,ACC_104241,0.84,BENEFICIAL_OWNER
ACC_102329,ACC_104245,0.74,BENEFICIAL_OWNER
ACC_101073,ACC_104245,0.43,BENEFICIAL_OWNER
ACC_104321,ACC_104248,0.6,BENEFICIAL_OWNER
ACC_100320,ACC_104248,0.2,BENEFICIAL_OWNER
ACC_102763,ACC_104248,0.22,BENEFICIAL_OWNER
ACC_102465,ACC_104254,0.37,BENEFICIAL_OWNER
ACC_102250,ACC_104254,0.39,BENEFICIAL_OWNER
ACC_104558,ACC_104258,0.69,BENEFICIAL_OWNER
ACC_100385,ACC_104265,0.36,BENEFICIAL_OWNER
ACC_103222,ACC_104265,0.84,BENEFICIAL_OWNER
ACC_100994,ACC_104271,0.81,BENEFICIAL_OWNER
ACC_103063,ACC_104271,0.22,BENEFICIAL_OWNER
ACC_100391,ACC_104273,0.73,BENEFICIAL_OWNER
ACC_100861,ACC_104275,0.85,BENEFICIAL_OWNER
ACC_103569,ACC_104279,0.21,BENEFICIAL_OWNER
ACC_101854,ACC_104279,0.66,BENEFICIAL_OWNER
ACC_101394,ACC_104279,0.72,BENEFICIAL_OWNER
ACC_100040,ACC_104283,0.77,BENEFICIAL_OWNER
ACC_100430,ACC_104283,0.18,BENEFICIAL_OWNER
ACC_102127,ACC_104283,0.18,BENEFICIAL_OWNER
ACC_100614,ACC_104287,0.38,BENEFICIAL_OWNER
ACC_102160,ACC_104287,0.58,BENEFICIAL_OWNER
ACC_102211,ACC_104291,0.8,BENEFICIAL_OWNER
ACC_101395,ACC_104291,0.56,BENEFICIAL_OWNER
ACC_101034,ACC_104293,0.37,BENEFICIAL_OWNER
ACC_104785,ACC_104295,0.77,BENEFICIAL_OWNER
ACC_103660,ACC_104301,0.52,BENEFICIAL_OWNER
ACC_101002,ACC_104301,0.32,BENEFICIAL_OWNER
ACC_104014,ACC_104306,0.38,BENEFICIAL_OWNER
ACC_102298,ACC_104306,0.66,BENEFICIAL_OWNER
ACC_100752,ACC_104308,0.33,BENEFICIAL_OWNER
ACC_100678,ACC_104310,0.54,BENEFICIAL_OWNER
ACC_102891,ACC_104310,0.76,BENEFICIAL_OWNER
ACC_101686,ACC_104318,0.83,BENEFICIAL_OWNER
ACC_100639,ACC_104318,0.19,BENEFICIAL_OWNER
ACC_100615,ACC_104318,0.16,BENEFICIAL_OWNER
ACC_103835,ACC_104320,0.72,BENEFICIAL_OWNER
ACC_103994,ACC_104335,0.22,BENEFICIAL_OWNER
ACC_104837,ACC_104348,0.68,BENEFICIAL_OWNER
ACC_102567,ACC_104350,0.61,BENEFICIAL_OWNER
ACC_102554,ACC_104350,0.74,BENEFICIAL_OWNER
ACC_103719,ACC_104350,0.22,BENEFICIAL_OWNER
ACC_101792,ACC_104355,0.79,BENEFICIAL_OWNER
ACC_103706,ACC_104357,0.29,BENEFICIAL_OWNER
ACC_104206,ACC_104357,0.43,BENEFICIAL_OWNER
ACC_102276,ACC_104359,0.45,BENEFICIAL_OWNER
ACC_102516,ACC_104362,0.25,BENEFICIAL_OWNER
ACC_104728,ACC_104362,0.76,BENEFICIAL_OWNER
ACC_100836,ACC_104362,0.67,BENEFICIAL_OWNER
ACC_100135,ACC_104377,0.78,BENEFICIAL_OWNER
ACC_102185,ACC_104383,0.17,BENEFICIAL_OWNER
ACC_104349,ACC_104387,0.34,BENEFICIAL_OWNER
ACC_103708,ACC_104387,0.8,BENEFICIAL_OWNER
ACC_102883,ACC_104387,0.21,BENEFICIAL_OWNER
ACC_101737,ACC_104388,0.43,BENEFICIAL_OWNER
ACC_101233,ACC_104388,0.45,BENEFICIAL_OWNER
ACC_100435,ACC_104389,0.34,BENEFICIAL_OWNER
ACC_103615,ACC_104389,0.22,BENEFICIAL_OWNER
ACC_103133,ACC_104395,0.36,BENEFICIAL_OWNER
ACC_103461,ACC_104395,0.43,BENEFICIAL_OWNER
ACC_101588,ACC_104395,0.57,BENEFICIAL_OWNER
ACC_104976,ACC_104400,0.45,BENEFICIAL_OWNER
ACC_104043,ACC_104400,0.63,BENEFICIAL_OWNER
ACC_104248,ACC_104400,0.6,BENEFICIAL_OWNER
ACC_101798,ACC_104406,0.23,BENEFICIAL_OWNER
ACC_104712,ACC_104412,0.34,BENEFICIAL_OWNER
ACC_104359,ACC_104417,0.22,BENEFICIAL_OWNER
ACC_103314,ACC_104419,0.42,BENEFICIAL_OWNER
ACC_101801,ACC_104423,0.66,BENEFICIAL_OWNER
ACC_102197,ACC_104425,0.27,BENEFICIAL_OWNER
ACC_104056,ACC_104425,0.29,BENEFICIAL_OWNER
ACC_101685,ACC_104425,0.6,BENEFICIAL_OWNER
ACC_104884,ACC_104431,0.22,BENEFICIAL_OWNER
ACC_102359,ACC_104431,0.5,BENEFICIAL_OWNER
ACC_100025,ACC_104431,0.64,BENEFICIAL_OWNER
ACC_102501,ACC_104435,0.27,BENEFICIAL_OWNER
ACC_101954,ACC_104435,0.63,BENEFICIAL_OWNER
ACC_101534,ACC_104437,0.38,BENEFICIAL_OWNER
ACC_101161,ACC_104442,0.62,BENEFICIAL_OWNER
ACC_100104,ACC_104442,0.45,BENEFICIAL_OWNER
ACC_101454,ACC_104446,0.83,BENEFICIAL_OWNER
ACC_101398,ACC_104451,0.63,BENEFICIAL_OWNER
ACC_104866,ACC_104456,0.4,BENEFICIAL_OWNER
ACC_104777,ACC_104471,0.49,BENEFICIAL_OWNER
ACC_100008,ACC_104471,0.32,BENEFICIAL_OWNER
ACC_100370,ACC_104473,0.72,BENEFICIAL_OWNER
ACC_102381,ACC_104490,0.5,BENEFICIAL_OWNER
ACC_101870,ACC_104490,0.68,BENEFICIAL_OWNER
ACC_104303,ACC_104490,0.69,BENEFICIAL_OWNER
ACC_102495,ACC_104494,0.71,BENEFICIAL_OWNER
ACC_103707,ACC_104500,0.66,BENEFICIAL_OWNER
ACC_104019,ACC_104500,0.84,BENEFICIAL_OWNER
ACC_103985,ACC_104514,0.41,BENEFICIAL_OWNER
ACC_102076,ACC_104514,0.16,BENEFICIAL_OWNER
ACC_102466,ACC_104521,0.77,BENEFICIAL_OWNER
ACC_102733,ACC_104521,0.69,BENEFICIAL_OWNER
ACC_103967,ACC_104524,0.63,BENEFICIAL_OWNER
ACC_100923,ACC_104524,0.66,BENEFICIAL_OWNER
ACC_102211,ACC_104524,0.16,BENEFICIAL_OWNER
ACC_101804,ACC_104525,0.4,BENEFICIAL_OWNER
ACC_101160,ACC_104525,0.17,BENEFICIAL_OWNER
ACC_103528,ACC_104528,0.67,BENEFICIAL_OWNER
ACC_102944,ACC_104528,0.29,BENEFICIAL_OWNER
ACC_101690,ACC_104528,0.82,BENEFICIAL_OWNER
ACC_100884,ACC_104530,0.78,BENEFICIAL_OWNER
ACC_102243,ACC_104530,0.46,BENEFICIAL_OWNER
ACC_104463,ACC_104530,0.82,BENEFICIAL_OWNER
ACC_101433,ACC_104531,0.77,BENEFICIAL_OWNER
ACC_102173,ACC_104531,0.42,BENEFICIAL_OWNER
ACC_102857,ACC_104531,0.44,BENEFICIAL_OWNER
ACC_102533,ACC_104535,0.18,BENEFICIAL_OWNER
ACC_101561,ACC_104535,0.51,BENEFICIAL_OWNER
ACC_101007,ACC_104538,0.71,BENEFICIAL_OWNER
ACC_103550,ACC_104538,0.55,BENEFICIAL_OWNER
ACC_102362,ACC_104549,0.83,BENEFICIAL_OWNER
ACC_100902,ACC_104549,0.5,BENEFICIAL_OWNER
ACC_101205,ACC_104555,0.52,BENEFICIAL_OWNER
ACC_103820,ACC_104555,0.35,BENEFICIAL_OWNER
ACC_101230,ACC_104555,0.54,BENEFICIAL_OWNER
ACC_102487,ACC_104559,0.49,BENEFICIAL_OWNER
ACC_102414,ACC_104560,0.16,BENEFICIAL_OWNER
ACC_101780,ACC_104567,0.35,BENEFICIAL_OWNER
ACC_101011,ACC_104571,0.36,BENEFICIAL_OWNER
ACC_100435,ACC_104571,0.45,BENEFICIAL_OWNER
ACC_104000,ACC_104571,0.61,BENEFICIAL_OWNER
ACC_100408,ACC_104578,0.33,BENEFICIAL_OWNER
ACC_102320,ACC_104580,0.62,BENEFICIAL_OWNER
ACC_104112,ACC_104580,0.69,BENEFICIAL_OWNER
ACC_100704,ACC_104581,0.65,BENEFICIAL_OWNER
ACC_101611,ACC_104582,0.45,BENEFICIAL_OWNER
ACC_102382,ACC_104583,0.3,BENEFICIAL_OWNER
ACC_102905,ACC_104594,0.72,BENEFICIAL_OWNER
ACC_102037,ACC_104594,0.6,BENEFICIAL_OWNER
ACC_103269,ACC_104595,0.78,BENEFICIAL_OWNER
ACC_100803,ACC_104595,0.79,BENEFICIAL_OWNER
ACC_102545,ACC_104596,0.46,BENEFICIAL_OWNER
ACC_101419,ACC_104596,0.76,BENEFICIAL_OWNER
ACC_104619,ACC_104596,0.71,BENEFICIAL_OWNER
ACC_101634,ACC_104597,0.33,BENEFICIAL_OWNER
ACC_104540,ACC_104600,0.36,BENEFICIAL_OWNER
ACC_101634,ACC_104600,0.21,BENEFICIAL_OWNER
ACC_103777,ACC_104602,0.41,BENEFICIAL_OWNER
ACC_104471,ACC_104602,0.76,BENEFICIAL_OWNER
ACC_101502,ACC_104602,0.46,BENEFICIAL_OWNER
ACC_104313,ACC_104604,0.46,BENEFICIAL_OWNER
ACC_104127,ACC_104605,0.48,BENEFICIAL_OWNER
ACC_102929,ACC_104605,0.45,BENEFICIAL_OWNER
ACC_103360,ACC_104609,0.17,BENEFICIAL_OWNER
ACC_103778,ACC_104609,0.54,BENEFICIAL_OWNER
ACC_100724,ACC_104612,0.58,BENEFICIAL_OWNER
ACC_101151,ACC_104612,0.36,BENEFICIAL_OWNER
ACC_104754,ACC_104616,0.51,BENEFICIAL_OWNER
ACC_104450,ACC_104627,0.78,BENEFICIAL_OWNER
ACC_100438,ACC_104629,0.24,BENEFICIAL_OWNER
ACC_103216,ACC_104629,0.62,BENEFICIAL_OWNER
ACC_104243,ACC_104632,0.74,BENEFICIAL_OWNER
ACC_103770,ACC_104632,0.21,BENEFICIAL_OWNER
ACC_100876,ACC_104642,0.57,BENEFICIAL_OWNER
ACC_102731,ACC_104642,0.73,BENEFICIAL_OWNER
ACC_103944,ACC_104647,0.24,BENEFICIAL_OWNER
ACC_102714,ACC_104647,0.56,BENEFICIAL_OWNER
ACC_100498,ACC_104647,0.51,BENEFICIAL_OWNER
ACC_100434,ACC_104648,0.25,BENEFICIAL_OWNER
ACC_101679,ACC_104648,0.67,BENEFICIAL_OWNER
ACC_104229,ACC_104648,0.5,BENEFICIAL_OWNER
ACC_101267,ACC_104649,0.36,BENEFICIAL_OWNER
ACC_100052,ACC_104651,0.59,BENEFICIAL_OWNER
ACC_103972,ACC_104651,0.29,BENEFICIAL_OWNER
ACC_100000,ACC_104658,0.26,BENEFICIAL_OWNER
ACC_104258,ACC_104663,0.22,BENEFICIAL_OWNER
ACC_100848,ACC_104671,0.48,BENEFICIAL_OWNER
ACC_103635,ACC_104673,0.8,BENEFICIAL_OWNER
ACC_103200,ACC_104673,0.36,BENEFICIAL_OWNER
ACC_100455,ACC_104673,0.49,BENEFICIAL_OWNER
ACC_101924,ACC_104676,0.74,BENEFICIAL_OWNER
ACC_102132,ACC_104678,0.45,BENEFICIAL_OWNER
ACC_103597,ACC_104678,0.6,BENEFICIAL_OWNER
ACC_101009,ACC_104678,0.28,BENEFICIAL_OWNER
ACC_101971,ACC_104679,0.67,BENEFICIAL_OWNER
ACC_101398,ACC_104679,0.53,BENEFICIAL_OWNER
ACC_104190,ACC_104679,0.48,BENEFICIAL_OWNER
ACC_102371,ACC_104684,0.82,BENEFICIAL_OWNER
ACC_100819,ACC_104684,0.5,BENEFICIAL_OWNER
ACC_102254,ACC_104685,0.64,BENEFICIAL_OWNER
ACC_103204,ACC_104685,0.23,BENEFICIAL_OWNER
ACC_103160,ACC_104685,0.44,BENEFICIAL_OWNER
ACC_101213,ACC_104689,0.35,BENEFICIAL_OWNER
ACC_100229,ACC_104689,0.23,BENEFICIAL_OWNER
ACC_100090,ACC_104693,0.36,BENEFICIAL_OWNER
ACC_104755,ACC_104693,0.6,BENEFICIAL_OWNER
ACC_103641,ACC_104695,0.82,BENEFICIAL_OWNER
ACC_100349,ACC_104695,0.48,BENEFICIAL_OWNER
ACC_102905,ACC_104695,0.66,BENEFICIAL_OWNER
ACC_100074,ACC_104706,0.4,BENEFICIAL_OWNER
ACC_101296,ACC_104706,0.75,BENEFICIAL_OWNER
ACC_101726,ACC_104710,0.42,BENEFICIAL_OWNER
ACC_102857,ACC_104710,0.19,BENEFICIAL_OWNER
ACC_104301,ACC_104710,0.61,BENEFICIAL_OWNER
ACC_104613,ACC_104712,0.47,BENEFICIAL_OWNER
ACC_102779,ACC_104712,0.75,BENEFICIAL_OWNER
ACC_102280,ACC_104715,0.7,BENEFICIAL_OWNER
ACC_102481,ACC_104723,0.79,BENEFICIAL_OWNER
ACC_103227,ACC_104723,0.6,BENEFICIAL_OWNER
ACC_100558,ACC_104723,0.41,BENEFICIAL_OWNER
ACC_104963,ACC_104727,0.55,BENEFICIAL_OWNER
ACC_101477,ACC_104727,0.8,BENEFICIAL_OWNER
ACC_104304,ACC_104732,0.64,BENEFICIAL_OWNER
ACC_102123,ACC_104732,0.56,BENEFICIAL_OWNER
ACC_101060,ACC_104732,0.56,BENEFICIAL_OWNER
ACC_103307,ACC_104733,0.17,BENEFICIAL_OWNER
ACC_100553,ACC_104733,0.66,BENEFICIAL_OWNER
ACC_100368,ACC_104733,0.31,BENEFICIAL_OWNER
ACC_100870,ACC_104736,0.38,BENEFICIAL_OWNER
ACC_104091,ACC_104736,0.31,BENEFICIAL_OWNER
ACC_103902,ACC_104736,0.69,BENEFICIAL_OWNER
ACC_101938,ACC_104737,0.66,BENEFICIAL_OWNER
ACC_100863,ACC_104737,0.42,BENEFICIAL_OWNER
ACC_101425,ACC_104737,0.83,BENEFICIAL_OWNER
ACC_100507,ACC_104738,0.58,BENEFICIAL_OWNER
ACC_100306,ACC_104742,0.74,BENEFICIAL_OWNER
ACC_103617,ACC_104749,0.68,BENEFICIAL_OWNER
ACC_100241,ACC_104761,0.23,BENEFICIAL_OWNER
ACC_101425,ACC_104761,0.46,BENEFICIAL_OWNER
ACC_102630,ACC_104761,0.24,BENEFICIAL_OWNER
ACC_104700,ACC_104763,0.29,BENEFICIAL_OWNER
ACC_104558,ACC_104763,0.49,BENEFICIAL_OWNER
ACC_101636,ACC_104763,0.63,BENEFICIAL_OWNER
ACC_101648,ACC_104764,0.67,BENEFICIAL_OWNER
ACC_104329,ACC_104780,0.21,BENEFICIAL_OWNER
ACC_101575,ACC_104780,0.17,BENEFICIAL_OWNER
ACC_100788,ACC_104792,0.72,BENEFICIAL_OWNER
ACC_101667,ACC_104792,0.78,BENEFICIAL_OWNER
ACC_100272,ACC_104792,0.4,BENEFICIAL_OWNER
ACC_104655,ACC_104803,0.76,BENEFICIAL_OWNER
ACC_104477,ACC_104803,0.39,BENEFICIAL_OWNER
ACC_104326,ACC_104806,0.73,BENEFICIAL_OWNER
ACC_104064,ACC_104806,0.55,BENEFICIAL_OWNER
ACC_101557,ACC_104806,0.48,BENEFICIAL_OWNER
ACC_102920,ACC_104807,0.75,BENEFICIAL_OWNER
ACC_104576,ACC_104807,0.71,BENEFICIAL_OWNER
ACC_103502,ACC_104818,0.76,BENEFICIAL_OWNER
ACC_103081,ACC_104818,0.55,BENEFICIAL_OWNER
ACC_104237,ACC_104823,0.36,BENEFICIAL_OWNER
ACC_104085,ACC_104828,0.31,BENEFICIAL_OWNER
ACC_104428,ACC_104838,0.31,BENEFICIAL_OWNER
ACC_102710,ACC_104838,0.81,BENEFICIAL_OWNER
ACC_100184,ACC_104838,0.8,BENEFICIAL_OWNER
ACC_103198,ACC_104845,0.2,BENEFICIAL_OWNER
ACC_102931,ACC_104845,0.76,BENEFICIAL_OWNER
ACC_100612,ACC_104850,0.55,BENEFICIAL_OWNER
ACC_104377,ACC_104850,0.75,BENEFICIAL_OWNER
ACC_104096,ACC_104860,0.58,BENEFICIAL_OWNER
ACC_102557,ACC_104860,0.53,BENEFICIAL_OWNER
ACC_103270,ACC_104860,0.77,BENEFICIAL_OWNER
ACC_103858,ACC_104863,0.17,BENEFICIAL_OWNER
ACC_102154,ACC_104863,0.44,BENEFICIAL_OWNER
ACC_100245,ACC_104863,0.29,BENEFICIAL_OWNER
ACC_101141,ACC_104871,0.29,BENEFICIAL_OWNER
ACC_102700,ACC_104873,0.5,BENEFICIAL_OWNER
ACC_100510,ACC_104873,0.71,BENEFICIAL_OWNER
ACC_101930,ACC_104873,0.54,BENEFICIAL_OWNER
ACC_100289,ACC_104880,0.81,BENEFICIAL_OWNER
ACC_102833,ACC_104880,0.57,BENEFICIAL_OWNER
ACC_100579,ACC_104880,0.58,BENEFICIAL_OWNER
ACC_104517,ACC_104881,0.49,BENEFICIAL_OWNER
ACC_102216,ACC_104882,0.66,BENEFICIAL_OWNER
ACC_100291,ACC_104884,0.5,BENEFICIAL_OWNER
ACC_102869,ACC_104885,0.45,BENEFICIAL_OWNER
ACC_101865,ACC_104887,0.8,BENEFICIAL_OWNER
ACC_100175,ACC_104887,0.17,BENEFICIAL_OWNER
ACC_104376,ACC_104898,0.58,BENEFICIAL_OWNER
ACC_100148,ACC_104900,0.49,BENEFICIAL_OWNER
ACC_104526,ACC_104900,0.42,BENEFICIAL_OWNER
ACC_101025,ACC_104904,0.64,BENEFICIAL_OWNER
ACC_103520,ACC_104904,0.53,BENEFICIAL_OWNER
ACC_103587,ACC_104907,0.23,BENEFICIAL_OWNER
ACC_103012,ACC_104914,0.39,BENEFICIAL_OWNER
ACC_102881,ACC_104914,0.79,BENEFICIAL_OWNER
ACC_101586,ACC_104914,0.32,BENEFICIAL_OWNER
ACC_104821,ACC_104918,0.16,BENEFICIAL_OWNER
ACC_104392,ACC_104920,0.18,BENEFICIAL_OWNER
ACC_104653,ACC_104920,0.71,BENEFICIAL_OWNER
ACC_102047,ACC_104923,0.19,BENEFICIAL_OWNER
ACC_100465,ACC_104923,0.46,BENEFICIAL_OWNER
ACC_100627,ACC_104923,0.35,BENEFICIAL_OWNER
ACC_102864,ACC_104927,0.61,BENEFICIAL_OWNER
ACC_104934,ACC_104927,0.32,BENEFICIAL_OWNER
ACC_101062,ACC_104930,0.43,BENEFICIAL_OWNER
ACC_104965,ACC_104930,0.61,BENEFICIAL_OWNER
ACC_100629,ACC_104931,0.81,BENEFICIAL_OWNER
ACC_100625,ACC_104931,0.29,BENEFICIAL_OWNER
ACC_102049,ACC_104931,0.64,BENEFICIAL_OWNER
ACC_101804,ACC_104934,0.65,BENEFICIAL_OWNER
ACC_103633,ACC_104934,0.81,BENEFICIAL_OWNER
ACC_102397,ACC_104943,0.78,BENEFICIAL_OWNER
ACC_102000,ACC_104943,0.37,BENEFICIAL_OWNER
ACC_104315,ACC_104943,0.53,BENEFICIAL_OWNER
ACC_100442,ACC_104946,0.39,BENEFICIAL_OWNER
ACC_103983,ACC_104949,0.2,BENEFICIAL_OWNER
ACC_102291,ACC_104949,0.79,BENEFICIAL_OWNER
ACC_101888,ACC_104952,0.3,BENEFICIAL_OWNER
ACC_102498,ACC_104952,0.41,BENEFICIAL_OWNER
ACC_104529,ACC_104952,0.72,BENEFICIAL_OWNER
ACC_100293,ACC_104953,0.83,BENEFICIAL_OWNER
ACC_103606,ACC_104964,0.16,BENEFICIAL_OWNER
ACC_103717,ACC_104964,0.74,BENEFICIAL_OWNER
ACC_100935,ACC_104964,0.34,BENEFICIAL_OWNER
ACC_103147,ACC_104965,0.19,BENEFICIAL_OWNER
ACC_102460,ACC_104965,0.75,BENEFICIAL_OWNER
ACC_100692,ACC_104965,0.42,BENEFICIAL_OWNER
ACC_103134,ACC_104969,0.42,BENEFICIAL_OWNER
ACC_101838,ACC_104970,0.29,BENEFICIAL_OWNER
ACC_103531,ACC_104986,0.52,BENEFICIAL_OWNER
ACC_102499,ACC_104989,0.68,BENEFICIAL_OWNER
ACC_100256,ACC_104989,0.81,BENEFICIAL_OWNER
ACC_104436,ACC_104989,0.79,BENEFICIAL_OWNER
ACC_102150,ACC_104992,0.3,BENEFICIAL_OWNER
ACC_104841,ACC_104992,0.17,BENEFICIAL_OWNER
ACC_103555,ACC_104998,0.72,BENEFICIAL_OWNER
ACC_103502,ACC_104998,0.54,BENEFICIAL_OWNER
ACC_100467,ACC_104998,0.82,BENEFICIAL_OWNER
